2026-01-22 15:50:12,010 [INFO] Activator:176 - 


2026-01-22 15:50:12,014 [INFO] Activator:177 - !SESSION log4j initialized
2026-01-22 15:50:17,748 [INFO] LogOutputStream:77 - [STDOUT_REDIRECT] 
2026-01-22 15:50:23,952 [INFO] ApplicationProperties:184 - Using Application install path: C:\Users\MSI GF63\STM32CubeIDE_1.14.0\STM32CubeIDE\plugins\com.st.stm32cube.common.mx_6.15.0.202507011659
2026-01-22 15:50:23,974 [INFO] DbMcusXml:78 - Set database path to: C:\Users\MSI GF63\STM32CubeIDE_1.14.0\STM32CubeIDE\plugins\com.st.stm32cube.common.mx_6.15.0.202507011659\\db\/mcu/
2026-01-22 15:50:23,974 [INFO] ApiDb:274 - Set plugin database path to: C:\Users\MSI GF63\STM32CubeIDE_1.14.0\STM32CubeIDE\plugins\com.st.stm32cube.common.mx_6.15.0.202507011659\\db\/plugins/boardmanager/
2026-01-22 15:50:23,975 [WARN] ApiDb:259 - Overriding images path with different value:  => C:\Users\MSI GF63\STM32CubeIDE_1.14.0\STM32CubeIDE\plugins\com.st.stm32cube.common.mx_6.15.0.202507011659\\db\/plugins/mcufinder/images/
2026-01-22 15:50:23,989 [INFO] ApiDb:250 - Set database path to: C:\Users\MSI GF63\.stmcufinder\plugins\mcufinder//mcu/
2026-01-22 15:50:23,990 [INFO] DbMcusAds:125 - Set database path to: C:\Users\MSI GF63\.stmcufinder\plugins\mcufinder//mcu/
2026-01-22 15:50:23,994 [INFO] CrossReferenceDbSqlite:203 - Set database path to: C:\Users\MSI GF63\.stmcufinder\plugins\mcufinder//mcu/cs/
2026-01-22 15:50:24,160 [INFO] RulesReader:64 - Compatibility file has been processed (317 Rules)
2026-01-22 15:50:24,265 [INFO] DbMcusXml:78 - Set database path to: C:\Users\MSI GF63\STM32CubeIDE_1.14.0\STM32CubeIDE\plugins\com.st.stm32cube.common.mx_6.15.0.202507011659\\db\/mcu/
2026-01-22 15:50:24,265 [INFO] ApiDb:274 - Set plugin database path to: C:\Users\MSI GF63\STM32CubeIDE_1.14.0\STM32CubeIDE\plugins\com.st.stm32cube.common.mx_6.15.0.202507011659\\db\/plugins/boardmanager/
2026-01-22 15:50:24,266 [INFO] ApiDb:261 - Set plugin images path to: C:\Users\MSI GF63\STM32CubeIDE_1.14.0\STM32CubeIDE\plugins\com.st.stm32cube.common.mx_6.15.0.202507011659\\db\/plugins/mcufinder/images/
2026-01-22 15:50:24,266 [WARN] DbFile:41 - Overriding database path with different value: C:\Users\MSI GF63\.stmcufinder\plugins\mcufinder/ => C:\Users\MSI GF63\.stmcufinder\plugins\mcufinder
2026-01-22 15:50:24,266 [INFO] ApiDb:250 - Set database path to: C:\Users\MSI GF63\.stmcufinder\plugins\mcufinder//mcu/
2026-01-22 15:50:24,266 [WARN] DbFile:41 - Overriding database path with different value: C:\Users\MSI GF63\.stmcufinder\plugins\mcufinder/ => C:\Users\MSI GF63\.stmcufinder\plugins\mcufinder
2026-01-22 15:50:24,266 [INFO] DbMcusAds:125 - Set database path to: C:\Users\MSI GF63\.stmcufinder\plugins\mcufinder//mcu/
2026-01-22 15:50:24,266 [WARN] DbFile:41 - Overriding database path with different value: C:\Users\MSI GF63\.stmcufinder\plugins\mcufinder/ => C:\Users\MSI GF63\.stmcufinder\plugins\mcufinder
2026-01-22 15:50:24,266 [WARN] DbFile:41 - Overriding database path with different value: C:\Users\MSI GF63\.stmcufinder\plugins\mcufinder/ => C:\Users\MSI GF63\.stmcufinder\plugins\mcufinder
2026-01-22 15:50:24,266 [INFO] CrossReferenceDbSqlite:203 - Set database path to: C:\Users\MSI GF63\.stmcufinder\plugins\mcufinder//mcu/cs/
2026-01-22 15:50:24,351 [INFO] MainPanel:274 - HeapMemory: 268435456
2026-01-22 15:50:24,483 [INFO] DbMcusXml:78 - Set database path to: C:\Users\MSI GF63\STM32CubeIDE_1.14.0\STM32CubeIDE\plugins\com.st.stm32cube.common.mx_6.15.0.202507011659\\db\/mcu/
2026-01-22 15:50:24,483 [INFO] ApiDb:274 - Set plugin database path to: C:\Users\MSI GF63\STM32CubeIDE_1.14.0\STM32CubeIDE\plugins\com.st.stm32cube.common.mx_6.15.0.202507011659\\db\/plugins/boardmanager/
2026-01-22 15:50:24,483 [INFO] ApiDb:261 - Set plugin images path to: C:\Users\MSI GF63\STM32CubeIDE_1.14.0\STM32CubeIDE\plugins\com.st.stm32cube.common.mx_6.15.0.202507011659\\db\/plugins/mcufinder/images/
2026-01-22 15:50:24,483 [WARN] DbFile:41 - Overriding database path with different value: C:\Users\MSI GF63\.stmcufinder\plugins\mcufinder/ => C:\Users\MSI GF63\.stmcufinder\plugins\mcufinder
2026-01-22 15:50:24,484 [INFO] ApiDb:250 - Set database path to: C:\Users\MSI GF63\.stmcufinder\plugins\mcufinder//mcu/
2026-01-22 15:50:24,484 [WARN] DbFile:41 - Overriding database path with different value: C:\Users\MSI GF63\.stmcufinder\plugins\mcufinder/ => C:\Users\MSI GF63\.stmcufinder\plugins\mcufinder
2026-01-22 15:50:24,484 [INFO] DbMcusAds:125 - Set database path to: C:\Users\MSI GF63\.stmcufinder\plugins\mcufinder//mcu/
2026-01-22 15:50:24,484 [WARN] DbFile:41 - Overriding database path with different value: C:\Users\MSI GF63\.stmcufinder\plugins\mcufinder/ => C:\Users\MSI GF63\.stmcufinder\plugins\mcufinder
2026-01-22 15:50:24,484 [WARN] DbFile:41 - Overriding database path with different value: C:\Users\MSI GF63\.stmcufinder\plugins\mcufinder/ => C:\Users\MSI GF63\.stmcufinder\plugins\mcufinder
2026-01-22 15:50:24,484 [INFO] CrossReferenceDbSqlite:203 - Set database path to: C:\Users\MSI GF63\.stmcufinder\plugins\mcufinder//mcu/cs/
2026-01-22 15:50:24,504 [INFO] ApplicationProperties:184 - Using Application install path: C:\Users\MSI GF63\STM32CubeIDE_1.14.0\STM32CubeIDE\plugins\com.st.stm32cube.common.mx_6.15.0.202507011659
2026-01-22 15:50:24,505 [INFO] PluginManage:196 - Search for loadable plugins [exclusion list=, ]
2026-01-22 15:50:24,507 [INFO] PluginManage:310 - Check plugin analytics
2026-01-22 15:50:24,697 [INFO] AnalyticsPlugin:253 - Accepted Software Licenses: STM32CubeMX.6.13.0
2026-01-22 15:50:24,697 [INFO] AnalyticsPlugin:255 - Accepted CMSIS Pack Licenses: 
2026-01-22 15:50:24,697 [INFO] AnalyticsPlugin:257 - Accepted Firmware Licenses: FW.F4.1.28.0
2026-01-22 15:50:24,699 [INFO] PluginManage:359 - Loaded plugin analytics (category:tool,tabindex:-1)
2026-01-22 15:50:24,699 [INFO] PluginManage:310 - Check plugin cadmodel
2026-01-22 15:50:24,705 [INFO] CADModel:105 - Init CAD model plugin
2026-01-22 15:50:24,705 [INFO] PluginManage:359 - Loaded plugin cadmodel (category:power,tabindex:5)
2026-01-22 15:50:24,705 [INFO] PluginManage:310 - Check plugin clock
2026-01-22 15:50:24,716 [INFO] PluginManage:359 - Loaded plugin clock (category:base,tabindex:2)
2026-01-22 15:50:24,716 [INFO] PluginManage:310 - Check plugin ddr
2026-01-22 15:50:24,719 [INFO] PluginManage:359 - Loaded plugin ddr (category:tool,tabindex:6)
2026-01-22 15:50:24,720 [INFO] PluginManage:310 - Check plugin filemanager
2026-01-22 15:50:24,899 [INFO] PluginManage:359 - Loaded plugin filemanager (category:base,tabindex:10)
2026-01-22 15:50:24,899 [INFO] PluginManage:310 - Check plugin ipmanager
2026-01-22 15:50:24,905 [INFO] PluginManage:359 - Loaded plugin ipmanager (category:base,tabindex:5)
2026-01-22 15:50:24,906 [INFO] PluginManage:310 - Check plugin lpbam
2026-01-22 15:50:24,915 [INFO] PluginManage:359 - Loaded plugin lpbam (category:base,tabindex:0)
2026-01-22 15:50:24,915 [INFO] PluginManage:310 - Check plugin memorymap
2026-01-22 15:50:24,931 [INFO] PluginManage:359 - Loaded plugin memorymap (category:base,tabindex:4)
2026-01-22 15:50:24,931 [INFO] PluginManage:310 - Check plugin pinoutandconfiguration
2026-01-22 15:50:24,942 [INFO] PluginManage:359 - Loaded plugin pinoutandconfiguration (category:base,tabindex:1)
2026-01-22 15:50:24,942 [INFO] PluginManage:310 - Check plugin pinoutconfig
2026-01-22 15:50:25,043 [WARN] SupportedApi:132 - Cannot load RTOS API schema: s4s-elt-must-match.1: The content of 'definitions' must match (annotation?, (simpleType | complexType)?, (unique | key | keyref)*)). A problem was found starting at: attribute.
2026-01-22 15:50:25,205 [INFO] PluginManage:359 - Loaded plugin pinoutconfig (category:base,tabindex:0)
2026-01-22 15:50:25,429 [INFO] PluginManage:310 - Check plugin power
2026-01-22 15:50:25,444 [INFO] PluginManage:359 - Loaded plugin power (category:power,tabindex:4)
2026-01-22 15:50:25,444 [INFO] PluginManage:310 - Check plugin projectmanager
2026-01-22 15:50:25,460 [INFO] PluginManage:359 - Loaded plugin projectmanager (category:projectmanager,tabindex:4)
2026-01-22 15:50:25,460 [INFO] PluginManage:310 - Check plugin rif
2026-01-22 15:50:25,499 [INFO] PluginManage:359 - Loaded plugin rif (category:base,tabindex:3)
2026-01-22 15:50:25,499 [INFO] PluginManage:310 - Check plugin thirdparty
2026-01-22 15:50:25,650 [INFO] PluginManage:359 - Loaded plugin thirdparty (category:base,tabindex:-1)
2026-01-22 15:50:25,650 [WARN] IntegrityCheckThread:84 - waiting for thirdparty lock release [integrity check]
2026-01-22 15:50:25,650 [INFO] PluginManage:310 - Check plugin tools
2026-01-22 15:50:25,650 [INFO] IntegrityCheckThread:86 - entering critical section [integrity check]
2026-01-22 15:50:25,650 [INFO] ThirdPartyUpdaterWithRetryManager:70 - Updater plugin not ready yet. [1/15]
2026-01-22 15:50:25,654 [INFO] PluginManage:359 - Loaded plugin tools (category:base,tabindex:7)
2026-01-22 15:50:25,654 [INFO] PluginManage:310 - Check plugin tutovideos
2026-01-22 15:50:25,936 [INFO] PluginManage:359 - Loaded plugin tutovideos (category:base,tabindex:-1)
2026-01-22 15:50:25,936 [INFO] PluginManage:310 - Check plugin updater
2026-01-22 15:50:25,969 [INFO] PluginManage:359 - Loaded plugin updater (category:base,tabindex:12)
2026-01-22 15:50:25,969 [INFO] PluginManage:310 - Check plugin userauth
2026-01-22 15:50:25,977 [INFO] UserAuth:118 - Init User Auth plugin
2026-01-22 15:50:25,978 [INFO] PluginManage:359 - Loaded plugin userauth (category:base,tabindex:14)
2026-01-22 15:50:25,978 [INFO] PluginManage:283 - PluginManage : Loaded plugins [18]
2026-01-22 15:50:26,219 [INFO] PinOutPanel:1589 - setPackage(No Configuration,No Configuration)
2026-01-22 15:50:26,296 [INFO] CADModel:165 - CPN selected for project level
2026-01-22 15:50:26,296 [INFO] CADModel:114 - Register for checkConnection events
2026-01-22 15:50:26,313 [INFO] IPUIPlugin:80 - create IPUIPlugin
2026-01-22 15:50:26,314 [INFO] PluginManager:220 - loadIPPluginJar : add adc
2026-01-22 15:50:26,317 [INFO] IPUIPlugin:80 - create IPUIPlugin
2026-01-22 15:50:26,317 [INFO] PluginManager:220 - loadIPPluginJar : add aes
2026-01-22 15:50:26,320 [INFO] IPUIPlugin:80 - create IPUIPlugin
2026-01-22 15:50:26,320 [INFO] PluginManager:220 - loadIPPluginJar : add can
2026-01-22 15:50:26,322 [INFO] IPUIPlugin:80 - create IPUIPlugin
2026-01-22 15:50:26,322 [INFO] PluginManager:220 - loadIPPluginJar : add comp
2026-01-22 15:50:26,325 [INFO] IPUIPlugin:80 - create IPUIPlugin
2026-01-22 15:50:26,325 [INFO] PluginManager:220 - loadIPPluginJar : add cryp
2026-01-22 15:50:26,331 [INFO] IPUIPlugin:80 - create IPUIPlugin
2026-01-22 15:50:26,331 [INFO] PluginManager:220 - loadIPPluginJar : add ddr_ctrl_phy
2026-01-22 15:50:26,333 [INFO] IPUIPlugin:80 - create IPUIPlugin
2026-01-22 15:50:26,334 [INFO] PluginManager:220 - loadIPPluginJar : add dfsdm
2026-01-22 15:50:26,339 [INFO] IPUIPlugin:80 - create IPUIPlugin
2026-01-22 15:50:26,340 [INFO] PluginManager:220 - loadIPPluginJar : add dma
2026-01-22 15:50:26,343 [INFO] IPUIPlugin:80 - create IPUIPlugin
2026-01-22 15:50:26,343 [INFO] PluginManager:220 - loadIPPluginJar : add dma3
2026-01-22 15:50:26,346 [INFO] IPUIPlugin:80 - create IPUIPlugin
2026-01-22 15:50:26,346 [INFO] PluginManager:220 - loadIPPluginJar : add extmemmanager
2026-01-22 15:50:26,348 [INFO] IPUIPlugin:80 - create IPUIPlugin
2026-01-22 15:50:26,348 [INFO] PluginManager:220 - loadIPPluginJar : add fatfs
2026-01-22 15:50:26,353 [INFO] IPUIPlugin:80 - create IPUIPlugin
2026-01-22 15:50:26,353 [INFO] PluginManager:220 - loadIPPluginJar : add fmc
2026-01-22 15:50:26,361 [INFO] IPUIPlugin:80 - create IPUIPlugin
2026-01-22 15:50:26,361 [INFO] PluginManager:220 - loadIPPluginJar : add freertos
2026-01-22 15:50:26,362 [INFO] IPUIPlugin:80 - create IPUIPlugin
2026-01-22 15:50:26,363 [INFO] PluginManager:220 - loadIPPluginJar : add genericplugin
2026-01-22 15:50:26,365 [INFO] IPUIPlugin:80 - create IPUIPlugin
2026-01-22 15:50:26,365 [INFO] PluginManager:220 - loadIPPluginJar : add gfxmmu
2026-01-22 15:50:26,370 [INFO] IPUIPlugin:80 - create IPUIPlugin
2026-01-22 15:50:26,370 [INFO] PluginManager:220 - loadIPPluginJar : add gic
2026-01-22 15:50:26,375 [INFO] IPUIPlugin:80 - create IPUIPlugin
2026-01-22 15:50:26,375 [INFO] PluginManager:220 - loadIPPluginJar : add gpio
2026-01-22 15:50:26,378 [INFO] IPUIPlugin:80 - create IPUIPlugin
2026-01-22 15:50:26,378 [INFO] PluginManager:220 - loadIPPluginJar : add gtzc
2026-01-22 15:50:26,381 [INFO] IPUIPlugin:80 - create IPUIPlugin
2026-01-22 15:50:26,381 [INFO] PluginManager:220 - loadIPPluginJar : add hash
2026-01-22 15:50:26,385 [INFO] IPUIPlugin:80 - create IPUIPlugin
2026-01-22 15:50:26,385 [INFO] PluginManager:220 - loadIPPluginJar : add i2c
2026-01-22 15:50:26,388 [INFO] IPUIPlugin:80 - create IPUIPlugin
2026-01-22 15:50:26,388 [INFO] PluginManager:220 - loadIPPluginJar : add i2s
2026-01-22 15:50:26,393 [INFO] IPUIPlugin:80 - create IPUIPlugin
2026-01-22 15:50:26,393 [INFO] PluginManager:220 - loadIPPluginJar : add i3c
2026-01-22 15:50:26,396 [INFO] IPUIPlugin:80 - create IPUIPlugin
2026-01-22 15:50:26,396 [INFO] PluginManager:220 - loadIPPluginJar : add ipddr
2026-01-22 15:50:26,401 [INFO] IPUIPlugin:80 - create IPUIPlugin
2026-01-22 15:50:26,401 [INFO] PluginManager:220 - loadIPPluginJar : add linkedlist
2026-01-22 15:50:26,404 [INFO] IPUIPlugin:80 - create IPUIPlugin
2026-01-22 15:50:26,404 [INFO] PluginManager:220 - loadIPPluginJar : add lorawan
2026-01-22 15:50:26,406 [INFO] IPUIPlugin:80 - create IPUIPlugin
2026-01-22 15:50:26,406 [INFO] PluginManager:220 - loadIPPluginJar : add ltdc
2026-01-22 15:50:26,411 [INFO] IPUIPlugin:80 - create IPUIPlugin
2026-01-22 15:50:26,411 [INFO] PluginManager:220 - loadIPPluginJar : add mdma
2026-01-22 15:50:26,414 [INFO] IPUIPlugin:80 - create IPUIPlugin
2026-01-22 15:50:26,414 [INFO] PluginManager:220 - loadIPPluginJar : add nvic
2026-01-22 15:50:26,417 [INFO] IPUIPlugin:80 - create IPUIPlugin
2026-01-22 15:50:26,417 [INFO] PluginManager:220 - loadIPPluginJar : add opamp
2026-01-22 15:50:26,421 [INFO] IPUIPlugin:80 - create IPUIPlugin
2026-01-22 15:50:26,421 [INFO] PluginManager:220 - loadIPPluginJar : add openamp
2026-01-22 15:50:26,423 [INFO] IPUIPlugin:80 - create IPUIPlugin
2026-01-22 15:50:26,423 [INFO] PluginManager:220 - loadIPPluginJar : add pdm2pcm
2026-01-22 15:50:26,427 [INFO] IPUIPlugin:80 - create IPUIPlugin
2026-01-22 15:50:26,429 [INFO] PluginManager:220 - loadIPPluginJar : add plateformsettings
2026-01-22 15:50:26,432 [INFO] IPUIPlugin:80 - create IPUIPlugin
2026-01-22 15:50:26,432 [INFO] PluginManager:220 - loadIPPluginJar : add quadspi
2026-01-22 15:50:26,434 [INFO] IPUIPlugin:80 - create IPUIPlugin
2026-01-22 15:50:26,435 [INFO] PluginManager:220 - loadIPPluginJar : add radio
2026-01-22 15:50:26,438 [INFO] IPUIPlugin:80 - create IPUIPlugin
2026-01-22 15:50:26,438 [INFO] PluginManager:220 - loadIPPluginJar : add resmgrutility
2026-01-22 15:50:26,442 [INFO] IPUIPlugin:80 - create IPUIPlugin
2026-01-22 15:50:26,442 [INFO] PluginManager:220 - loadIPPluginJar : add sai
2026-01-22 15:50:26,445 [INFO] IPUIPlugin:80 - create IPUIPlugin
2026-01-22 15:50:26,445 [INFO] PluginManager:220 - loadIPPluginJar : add spi
2026-01-22 15:50:26,452 [INFO] IPUIPlugin:80 - create IPUIPlugin
2026-01-22 15:50:26,452 [INFO] PluginManager:220 - loadIPPluginJar : add stm32_wpan
2026-01-22 15:50:26,454 [INFO] IPUIPlugin:80 - create IPUIPlugin
2026-01-22 15:50:26,454 [INFO] PluginManager:220 - loadIPPluginJar : add tim
2026-01-22 15:50:26,458 [INFO] IPUIPlugin:80 - create IPUIPlugin
2026-01-22 15:50:26,458 [INFO] PluginManager:220 - loadIPPluginJar : add touchsensing
2026-01-22 15:50:26,460 [INFO] IPUIPlugin:80 - create IPUIPlugin
2026-01-22 15:50:26,460 [INFO] PluginManager:220 - loadIPPluginJar : add tracer_emb
2026-01-22 15:50:26,462 [INFO] IPUIPlugin:80 - create IPUIPlugin
2026-01-22 15:50:26,462 [INFO] PluginManager:220 - loadIPPluginJar : add ts
2026-01-22 15:50:26,464 [INFO] IPUIPlugin:80 - create IPUIPlugin
2026-01-22 15:50:26,465 [INFO] PluginManager:220 - loadIPPluginJar : add tsc
2026-01-22 15:50:26,466 [INFO] IPUIPlugin:80 - create IPUIPlugin
2026-01-22 15:50:26,466 [INFO] PluginManager:220 - loadIPPluginJar : add ucpd
2026-01-22 15:50:26,469 [INFO] IPUIPlugin:80 - create IPUIPlugin
2026-01-22 15:50:26,470 [INFO] PluginManager:220 - loadIPPluginJar : add usart
2026-01-22 15:50:26,472 [INFO] IPUIPlugin:80 - create IPUIPlugin
2026-01-22 15:50:26,473 [INFO] PluginManager:220 - loadIPPluginJar : add usbx
2026-01-22 15:50:26,589 [FATAL] Updater:351 - Updater called before beeing initialized
2026-01-22 15:50:26,615 [INFO] RulesReader:64 - Compatibility file has been processed (317 Rules)
2026-01-22 15:50:26,624 [INFO] RulesReader:64 - Compatibility file has been processed (317 Rules)
2026-01-22 15:50:26,632 [INFO] CADModel:165 - CPN selected for project level
2026-01-22 15:50:26,632 [INFO] CADModel:114 - Register for checkConnection events
2026-01-22 15:50:26,632 [FATAL] Updater:351 - Updater called before beeing initialized
2026-01-22 15:50:26,632 [ERROR] CADModel:125 - Updater not yet initialized, retry later 
2026-01-22 15:50:26,751 [FATAL] Updater:351 - Updater called before beeing initialized
2026-01-22 15:50:26,753 [INFO] CADModel:165 - CPN selected for project level
2026-01-22 15:50:26,753 [INFO] CADModel:114 - Register for checkConnection events
2026-01-22 15:50:26,753 [FATAL] Updater:351 - Updater called before beeing initialized
2026-01-22 15:50:26,753 [ERROR] CADModel:125 - Updater not yet initialized, retry later 
2026-01-22 15:50:26,755 [FATAL] Updater:351 - Updater called before beeing initialized
2026-01-22 15:50:26,836 [FATAL] Updater:351 - Updater called before beeing initialized
2026-01-22 15:50:26,840 [INFO] DbMcusAds:53 - JSON generation date=Tue Dec 16 04:41:46 IST 2025 (1765840306612)
2026-01-22 15:50:26,840 [FATAL] Updater:351 - Updater called before beeing initialized
2026-01-22 15:50:26,872 [WARN] DetailPanel:346 - Failed to get advertising image, set to default
2026-01-22 15:50:26,937 [FATAL] Updater:351 - Updater called before beeing initialized
2026-01-22 15:50:26,938 [FATAL] Updater:351 - Updater called before beeing initialized
2026-01-22 15:50:26,938 [FATAL] Updater:351 - Updater called before beeing initialized
2026-01-22 15:50:26,938 [WARN] DetailPanel:346 - Failed to get advertising image, set to default
2026-01-22 15:50:26,939 [FATAL] Updater:351 - Updater called before beeing initialized
2026-01-22 15:50:26,976 [ERROR] Updater:1198 - MainUpdater not yet initialized. External WinMGr cannot be set.
2026-01-22 15:50:26,978 [INFO] Updater:1134 - Updater Version found : 6.15.0
2026-01-22 15:50:26,992 [INFO] ApplicationProperties:184 - Using Application install path: C:\Users\MSI GF63\STM32CubeIDE_1.14.0\STM32CubeIDE\plugins\com.st.stm32cube.common.mx_6.15.0.202507011659
2026-01-22 15:50:27,871 [INFO] MainUpdater:2872 - connection check result : 10
2026-01-22 15:50:27,885 [INFO] MainUpdater:289 - Updater Check For Update Now.
2026-01-22 15:50:27,885 [INFO] MicroXplorer:498 - Change Database Version : DB.6.0.150
2026-01-22 15:50:27,898 [INFO] McuFinderGlobals:63 - Set McuFinder mode to 2 (CubeIDE integrated)
2026-01-22 15:50:27,899 [INFO] UserAuth:487 - Internet connection configuration mode: 1
2026-01-22 15:50:27,922 [INFO] JxBrowserEngine:152 - Initiate JxBrowser Engine with user profile folder
2026-01-22 15:50:28,052 [INFO] CheckServerUpdateThread:120 - End of CheckServer Thread
2026-01-22 15:50:29,004 [INFO] WebApp:169 - Instantiating new browser for Auth
2026-01-22 15:50:29,085 [WARN] PackLoader:240 - Cannot read IP mode file for STMicroelectronics.FP-SNS-MOTENVWB1.1.4.0
2026-01-22 15:50:29,099 [WARN] PackLoader:240 - Cannot read IP mode file for STMicroelectronics.FP-ATR-ASTRA1.2.0.2
2026-01-22 15:50:29,114 [WARN] PackLoader:240 - Cannot read IP mode file for STMicroelectronics.FP-ATR-ASTRA1.2.0.1
2026-01-22 15:50:29,134 [WARN] PackLoader:240 - Cannot read IP mode file for STMicroelectronics.X-CUBE-SMBUS.2.1.0
2026-01-22 15:50:29,148 [WARN] PackLoader:240 - Cannot read IP mode file for STMicroelectronics.X-CUBE-WB05N.1.1.0
2026-01-22 15:50:29,156 [WARN] PackLoader:240 - Cannot read IP mode file for STMicroelectronics.X-CUBE-ST60.1.0.0
2026-01-22 15:50:29,163 [WARN] PackLoader:240 - Cannot read IP mode file for STMicroelectronics.X-CUBE-TOUCHGFX.4.23.0
2026-01-22 15:50:29,191 [WARN] PackLoader:240 - Cannot read IP mode file for STMicroelectronics.X-CUBE-AZRTOS-F7.1.1.0
2026-01-22 15:50:29,200 [WARN] PackLoader:240 - Cannot read IP mode file for Cesanta.I-CUBE-Mongoose.7.19.0
2026-01-22 15:50:29,205 [WARN] PackLoader:240 - Cannot read IP mode file for STMicroelectronics.FP-SNS-MOTENV1.4.3.2
2026-01-22 15:50:29,322 [WARN] PackLoader:240 - Cannot read IP mode file for STMicroelectronics.X-CUBE-MEMS1.11.0.0
2026-01-22 15:50:29,420 [WARN] PackLoader:240 - Cannot read IP mode file for STMicroelectronics.FP-SNS-MOTENV1.5.1.0
2026-01-22 15:50:29,430 [WARN] PackLoader:240 - Cannot read IP mode file for WES.I-CUBE-Cesium.1.4.0
2026-01-22 15:50:29,436 [WARN] PackLoader:240 - Cannot read IP mode file for STMicroelectronics.FP-SNS-FLIGHT1.5.0.2
2026-01-22 15:50:29,452 [WARN] PackLoader:240 - Cannot read IP mode file for Infineon.AIROC-Wi-Fi-Bluetooth-STM32.1.7.0
2026-01-22 15:50:29,468 [WARN] PackLoader:240 - Cannot read IP mode file for Infineon.AIROC-Wi-Fi-Bluetooth-STM32.1.7.1
2026-01-22 15:50:29,482 [WARN] PackLoader:240 - Cannot read IP mode file for STMicroelectronics.X-CUBE-AZRTOS-H7.3.4.0
2026-01-22 15:50:29,490 [WARN] PackLoader:240 - Cannot read IP mode file for STMicroelectronics.X-CUBE-DISPLAY.3.0.0
2026-01-22 15:50:29,496 [WARN] PackLoader:240 - Cannot read IP mode file for STMicroelectronics.X-CUBE-BLE1.7.0.0
2026-01-22 15:50:29,500 [WARN] PackLoader:240 - Cannot read IP mode file for STMicroelectronics.X-CUBE-NFC10.1.0.0
2026-01-22 15:50:29,507 [WARN] PackLoader:240 - Cannot read IP mode file for STMicroelectronics.X-CUBE-BLEMGR.4.0.0
2026-01-22 15:50:29,512 [WARN] PackLoader:240 - Cannot read IP mode file for STMicroelectronics.X-CUBE-ST60.1.1.0
2026-01-22 15:50:29,519 [WARN] PackLoader:240 - Cannot read IP mode file for emotas.I-CUBE-CANOPEN.1.3.0
2026-01-22 15:50:29,527 [WARN] PackLoader:240 - Cannot read IP mode file for STMicroelectronics.X-CUBE-GNSS1.7.1.0
2026-01-22 15:50:29,531 [WARN] PackLoader:240 - Cannot read IP mode file for STMicroelectronics.X-CUBE-TOUCHGFX.4.22.1
2026-01-22 15:50:29,536 [WARN] ConditionMgr:438 - getConditionDescription Invalid condition id : Cortex-A Device cause : null
2026-01-22 15:50:29,547 [WARN] ConditionMgr:1044 - genDependencies : Invalid condition id : Cortex-A Device cause : null
2026-01-22 15:50:29,547 [WARN] ConditionMgr:1044 - genDependencies : Invalid condition id : Cortex-A Device cause : null
2026-01-22 15:50:29,548 [WARN] ConditionMgr:1044 - genDependencies : Invalid condition id : Cortex-A Device cause : null
2026-01-22 15:50:29,553 [WARN] PackLoader:240 - Cannot read IP mode file for STMicroelectronics.FP-SNS-STBOX1.2.1.0
2026-01-22 15:50:29,557 [WARN] PackLoader:240 - Cannot read IP mode file for STMicroelectronics.FP-SNS-SMARTAG2.1.2.0
2026-01-22 15:50:29,560 [WARN] PackLoader:240 - Cannot read IP mode file for STMicroelectronics.FP-SNS-FLIGHT1.5.1.0
2026-01-22 15:50:29,568 [INFO] LogOutputStream:77 - [STDOUT_REDIRECT] 1 : Invalid condition id : UX_CORESTACK_Condition cause : null
2026-01-22 15:50:29,569 [INFO] LogOutputStream:77 - [STDOUT_REDIRECT] 1 : Invalid condition id : UX_CORESTACK_Condition cause : null
2026-01-22 15:50:29,569 [INFO] LogOutputStream:77 - [STDOUT_REDIRECT] 1 : Invalid condition id : UX_CORESTACK_Condition cause : null
2026-01-22 15:50:29,570 [INFO] LogOutputStream:77 - [STDOUT_REDIRECT] 1 : Invalid condition id : UX_CORESTACK_Condition cause : null
2026-01-22 15:50:29,571 [INFO] LogOutputStream:77 - [STDOUT_REDIRECT] 1 : Invalid condition id : UX_CORESTACK_Condition cause : null
2026-01-22 15:50:29,573 [WARN] PackLoader:240 - Cannot read IP mode file for STMicroelectronics.X-CUBE-AZRTOS-WL.2.0.0
2026-01-22 15:50:29,579 [WARN] PackLoader:240 - Cannot read IP mode file for STMicroelectronics.FP-SNS-MOTENV1.5.0.0
2026-01-22 15:50:29,597 [WARN] PackLoader:240 - Cannot read IP mode file for STMicroelectronics.X-CUBE-AZRTOS-H7RS.1.2.0
2026-01-22 15:50:29,603 [WARN] PackLoader:240 - Cannot read IP mode file for wolfSSL.I-CUBE-wolfMQTT.1.19.0
2026-01-22 15:50:29,608 [WARN] PackLoader:240 - Cannot read IP mode file for WES.I-CUBE-Cesium.1.3.0
2026-01-22 15:50:29,613 [WARN] PackLoader:240 - Cannot read IP mode file for STMicroelectronics.X-CUBE-BLE2.3.3.0
2026-01-22 15:50:29,626 [WARN] PackLoader:240 - Cannot read IP mode file for STMicroelectronics.X-CUBE-NFC9.1.0.0
2026-01-22 15:50:29,630 [WARN] PackLoader:240 - Cannot read IP mode file for wolfSSL.I-CUBE-wolfSSL.5.8.0
2026-01-22 15:50:29,632 [WARN] PackLoader:240 - Cannot read IP mode file for wolfSSL.I-CUBE-wolfSSL.5.8.2
2026-01-22 15:50:29,636 [WARN] PackLoader:240 - Cannot read IP mode file for STMicroelectronics.X-CUBE-BLE1.7.1.0
2026-01-22 15:50:29,638 [WARN] PackLoader:240 - Cannot read IP mode file for wolfSSL.I-CUBE-wolfMQTT.1.19.2
2026-01-22 15:50:29,642 [WARN] PackLoader:240 - Cannot read IP mode file for STMicroelectronics.X-CUBE-TCPP.4.1.0
2026-01-22 15:50:29,651 [WARN] PackLoader:240 - Cannot read IP mode file for STMicroelectronics.X-CUBE-FREERTOS.1.4.0
2026-01-22 15:50:29,660 [WARN] PackLoader:240 - Cannot read IP mode file for STMicroelectronics.X-CUBE-EEPRMA1.5.2.0
2026-01-22 15:50:29,667 [WARN] PackLoader:240 - Cannot read IP mode file for STMicroelectronics.X-CUBE-ST67W61.1.1.0
2026-01-22 15:50:29,672 [WARN] PackLoader:240 - Cannot read IP mode file for STMicroelectronics.X-CUBE-AI.10.1.0
2026-01-22 15:50:29,718 [WARN] PackLoader:240 - Cannot read IP mode file for STMicroelectronics.X-CUBE-MEMS1.12.0.0
2026-01-22 15:50:29,784 [WARN] PackLoader:240 - Cannot read IP mode file for STMicroelectronics.X-CUBE-ALGOBUILD.1.3.0
2026-01-22 15:50:29,794 [WARN] PackLoader:240 - Cannot read IP mode file for STMicroelectronics.X-CUBE-AZRTOS-G0.1.1.0
2026-01-22 15:50:29,802 [WARN] PackLoader:240 - Cannot read IP mode file for STMicroelectronics.X-CUBE-SAFEA1.1.2.2
2026-01-22 15:50:29,807 [WARN] PackLoader:240 - Cannot read IP mode file for STMicroelectronics.X-CUBE-NFC4.3.0.0
2026-01-22 15:50:29,819 [WARN] PackLoader:240 - Cannot read IP mode file for EmbeddedOffice.I-CUBE-FS-RTOS.1.0.1
2026-01-22 15:50:29,826 [WARN] PackLoader:240 - Cannot read IP mode file for STMicroelectronics.X-CUBE-WB05N.2.0.0
2026-01-22 15:50:29,838 [WARN] PackLoader:240 - Cannot read IP mode file for STMicroelectronics.X-CUBE-BLEMGR.3.0.0
2026-01-22 15:50:29,846 [WARN] PackLoader:240 - Cannot read IP mode file for wolfSSL.I-CUBE-wolfTPM.3.8.0
2026-01-22 15:50:29,851 [WARN] PackLoader:240 - Cannot read IP mode file for STMicroelectronics.X-CUBE-TCPP.4.2.0
2026-01-22 15:50:29,865 [WARN] PackLoader:240 - Cannot read IP mode file for RealThread.X-CUBE-RT-Thread_Nano.4.1.1
2026-01-22 15:50:29,873 [WARN] PackLoader:240 - Cannot read IP mode file for STMicroelectronics.FP-ATR-SIGFOX1.3.2.0
2026-01-22 15:50:29,879 [WARN] ConditionMgr:438 - getConditionDescription Invalid condition id : Cortex-A Device cause : null
2026-01-22 15:50:29,891 [WARN] ConditionMgr:1044 - genDependencies : Invalid condition id : Cortex-A Device cause : null
2026-01-22 15:50:29,891 [WARN] ConditionMgr:1044 - genDependencies : Invalid condition id : Cortex-A Device cause : null
2026-01-22 15:50:29,891 [WARN] ConditionMgr:1044 - genDependencies : Invalid condition id : Cortex-A Device cause : null
2026-01-22 15:50:29,898 [WARN] PackLoader:240 - Cannot read IP mode file for STMicroelectronics.X-CUBE-EEPRMA1.5.1.0
2026-01-22 15:50:29,912 [WARN] PackLoader:240 - Cannot read IP mode file for ITTIA_DB.I-CUBE-ITTIADB.8.9.0
2026-01-22 15:50:29,936 [WARN] PackLoader:240 - Cannot read IP mode file for STMicroelectronics.X-CUBE-NFC6.3.2.0
2026-01-22 15:50:29,950 [WARN] PackLoader:240 - Cannot read IP mode file for STMicroelectronics.X-CUBE-ST67W61.1.0.0
2026-01-22 15:50:29,958 [WARN] PackLoader:240 - Cannot read IP mode file for STMicroelectronics.X-CUBE-AI.10.2.0
2026-01-22 15:50:29,985 [WARN] PackLoader:240 - Cannot read IP mode file for SEGGER.I-CUBE-embOS.1.3.1
2026-01-22 15:50:30,000 [INFO] WebApp:463 - Apply proxy settings
2026-01-22 15:50:30,000 [INFO] WebApp:548 - Chromium requires no authentication
2026-01-22 15:50:30,014 [WARN] PackLoader:240 - Cannot read IP mode file for STMicroelectronics.X-CUBE-ALGOBUILD.1.4.0
2026-01-22 15:50:30,021 [INFO] WebApp:491 - Direct internet connection detected
2026-01-22 15:50:30,047 [WARN] PackLoader:240 - Cannot read IP mode file for STMicroelectronics.X-CUBE-MEMS1.11.3.0
2026-01-22 15:50:30,069 [INFO] WebApp:900 - Register for checkConnection events
2026-01-22 15:50:30,069 [INFO] WebApp:463 - Apply proxy settings
2026-01-22 15:50:30,069 [INFO] WebApp:548 - Chromium requires no authentication
2026-01-22 15:50:30,069 [INFO] WebApp:491 - Direct internet connection detected
2026-01-22 15:50:30,113 [WARN] PackLoader:240 - Cannot read IP mode file for STMicroelectronics.X-CUBE-AI.9.1.0
2026-01-22 15:50:30,117 [WARN] PackLoader:240 - Cannot read IP mode file for STMicroelectronics.X-CUBE-PM33A1.1.0.0
2026-01-22 15:50:30,122 [WARN] PackLoader:240 - Cannot read IP mode file for STMicroelectronics.X-CUBE-GNSS1.6.0.0
2026-01-22 15:50:30,132 [WARN] PackLoader:240 - Cannot read IP mode file for STMicroelectronics.X-CUBE-AZRTOS-F4.1.1.0
2026-01-22 15:50:30,135 [WARN] PackLoader:240 - Cannot read IP mode file for wolfSSL.I-CUBE-wolfSSL.5.6.4
2026-01-22 15:50:30,139 [WARN] PackLoader:240 - Cannot read IP mode file for Avnet-IotConnect.X-CUBE-IoTC-DA16k-PMOD.1.0.0
2026-01-22 15:50:30,143 [WARN] PackLoader:240 - Cannot read IP mode file for STMicroelectronics.X-CUBE-ISPU.2.1.0
2026-01-22 15:50:30,151 [WARN] PackLoader:240 - Cannot read IP mode file for STMicroelectronics.X-CUBE-IPS.3.2.0
2026-01-22 15:50:30,157 [WARN] PackLoader:240 - Cannot read IP mode file for wolfSSL.I-CUBE-wolfSSL.5.6.6
2026-01-22 15:50:30,161 [WARN] PackLoader:240 - Cannot read IP mode file for STMicroelectronics.X-CUBE-NFC12.1.0.0
2026-01-22 15:50:30,174 [WARN] PackLoader:240 - Cannot read IP mode file for STMicroelectronics.X-CUBE-AZRTOS-L5.2.0.0
2026-01-22 15:50:30,180 [WARN] PackLoader:240 - Cannot read IP mode file for STMicroelectronics.X-CUBE-EEPRMA1.4.2.0
2026-01-22 15:50:30,187 [WARN] PackLoader:240 - Cannot read IP mode file for STMicroelectronics.X-CUBE-NFC6.3.1.0
2026-01-22 15:50:30,191 [WARN] PackLoader:240 - Cannot read IP mode file for ITTIA_DB.I-CUBE-ITTIADB.8.8.0
2026-01-22 15:50:30,195 [WARN] PackLoader:240 - Cannot read IP mode file for STMicroelectronics.X-CUBE-DPower.1.2.0
2026-01-22 15:50:30,200 [WARN] PackLoader:240 - Cannot read IP mode file for STMicroelectronics.X-CUBE-FREERTOS.1.3.1
2026-01-22 15:50:30,203 [WARN] PackLoader:240 - Cannot read IP mode file for STMicroelectronics.X-CUBE-FREERTOS.1.3.0
2026-01-22 15:50:30,207 [WARN] PackLoader:240 - Cannot read IP mode file for STMicroelectronics.X-CUBE-NFC7.1.0.1
2026-01-22 15:50:30,212 [WARN] PackLoader:240 - Cannot read IP mode file for STMicroelectronics.X-CUBE-TOUCHGFX.4.26.0
2026-01-22 15:50:30,217 [WARN] PackLoader:240 - Cannot read IP mode file for STMicroelectronics.X-CUBE-NFC6.3.0.0
2026-01-22 15:50:30,223 [WARN] PackLoader:240 - Cannot read IP mode file for STMicroelectronics.FP-SNS-STAIOTCFT.1.0.0
2026-01-22 15:50:30,229 [WARN] PackLoader:240 - Cannot read IP mode file for STMicroelectronics.X-CUBE-DPower.1.3.0
2026-01-22 15:50:30,232 [WARN] PackLoader:240 - Cannot read IP mode file for STMicroelectronics.X-CUBE-AI.8.1.0
2026-01-22 15:50:30,240 [WARN] ConditionMgr:438 - getConditionDescription Invalid condition id : LAN8742 Phy interface Condition cause : null
2026-01-22 15:50:30,241 [WARN] PackLoader:240 - Cannot read IP mode file for STMicroelectronics.X-CUBE-AZRTOS-L4.2.0.0
2026-01-22 15:50:30,241 [WARN] ConditionMgr:1044 - genDependencies : Invalid condition id : LAN8742 Phy interface Condition cause : null
2026-01-22 15:50:30,241 [WARN] ConditionMgr:1044 - genDependencies : Invalid condition id : LAN8742 Phy interface Condition cause : null
2026-01-22 15:50:30,242 [WARN] ConditionMgr:1044 - genDependencies : Invalid condition id : LAN8742 Phy interface Condition cause : null
2026-01-22 15:50:30,247 [WARN] PackLoader:240 - Cannot read IP mode file for STMicroelectronics.X-CUBE-SFXS2LP1.4.0.0
2026-01-22 15:50:30,252 [WARN] PackLoader:240 - Cannot read IP mode file for STMicroelectronics.X-CUBE-ST67W61.1.2.0
2026-01-22 15:50:30,261 [WARN] PackLoader:240 - Cannot read IP mode file for STMicroelectronics.X-CUBE-AZRTOS-H7.3.3.0
2026-01-22 15:50:30,268 [WARN] PackLoader:240 - Cannot read IP mode file for STMicroelectronics.X-CUBE-BLEMGR.4.1.0
2026-01-22 15:50:30,275 [WARN] PackLoader:240 - Cannot read IP mode file for STMicroelectronics.X-CUBE-IPS.3.0.0
2026-01-22 15:50:30,283 [WARN] ConditionMgr:438 - getConditionDescription Invalid condition id : UX DEVICE CLASS RTOS Condition cause : null
2026-01-22 15:50:30,283 [WARN] ConditionMgr:438 - getConditionDescription Invalid condition id : UX DEVICE CLASS RTOS Condition cause : null
2026-01-22 15:50:30,284 [WARN] PackLoader:240 - Cannot read IP mode file for STMicroelectronics.X-CUBE-AZRTOS-WB.2.0.0
2026-01-22 15:50:30,285 [WARN] ConditionMgr:1044 - genDependencies : Invalid condition id : UX DEVICE CLASS RTOS Condition cause : null
2026-01-22 15:50:30,285 [WARN] ConditionMgr:1044 - genDependencies : Invalid condition id : UX DEVICE CLASS RTOS Condition cause : null
2026-01-22 15:50:30,285 [WARN] ConditionMgr:1044 - genDependencies : Invalid condition id : UX DEVICE CLASS RTOS Condition cause : null
2026-01-22 15:50:30,285 [WARN] ConditionMgr:1044 - genDependencies : Invalid condition id : UX DEVICE CLASS RTOS Condition cause : null
2026-01-22 15:50:30,285 [WARN] ConditionMgr:1044 - genDependencies : Invalid condition id : UX DEVICE CLASS RTOS Condition cause : null
2026-01-22 15:50:30,290 [WARN] PackLoader:240 - Cannot read IP mode file for STMicroelectronics.X-CUBE-GNSS1.7.0.0
2026-01-22 15:50:30,295 [WARN] PackLoader:240 - Cannot read IP mode file for STMicroelectronics.X-CUBE-GNSS1.7.0.1
2026-01-22 15:50:30,299 [WARN] PackLoader:240 - Cannot read IP mode file for STMicroelectronics.X-CUBE-TOUCHGFX.4.25.0
2026-01-22 15:50:30,302 [WARN] PackLoader:240 - Cannot read IP mode file for STMicroelectronics.FP-SNS-STBOX1.2.0.0
2026-01-22 15:50:30,305 [WARN] ConditionMgr:438 - getConditionDescription Invalid condition id : Cortex-A Device cause : null
2026-01-22 15:50:30,311 [WARN] ConditionMgr:1044 - genDependencies : Invalid condition id : Cortex-A Device cause : null
2026-01-22 15:50:30,311 [WARN] ConditionMgr:1044 - genDependencies : Invalid condition id : Cortex-A Device cause : null
2026-01-22 15:50:30,311 [WARN] ConditionMgr:1044 - genDependencies : Invalid condition id : Cortex-A Device cause : null
2026-01-22 15:50:30,316 [WARN] PackLoader:240 - Cannot read IP mode file for STMicroelectronics.X-CUBE-STSE01.2.0.0
2026-01-22 15:50:30,322 [WARN] PackLoader:240 - Cannot read IP mode file for STMicroelectronics.X-CUBE-SUBG2.5.0.0
2026-01-22 15:50:30,346 [WARN] PackLoader:240 - Cannot read IP mode file for STMicroelectronics.X-CUBE-AZRTOS-H7RS.1.1.0
2026-01-22 15:50:30,351 [INFO] WebApp:225 - Starting web application
2026-01-22 15:50:30,351 [INFO] WebApp:593 - Web application path used C:\Users\MSI GF63\STM32CubeIDE_1.14.0\STM32CubeIDE\plugins\com.st.stm32cube.common.mx_6.15.0.202507011659\db\plugins\mcufinder\reactClient1\index.html
2026-01-22 15:50:30,351 [WARN] PackLoader:240 - Cannot read IP mode file for Cesanta.I-CUBE-Mongoose.7.13.0
2026-01-22 15:50:30,366 [WARN] PackLoader:240 - Cannot read IP mode file for STMicroelectronics.X-CUBE-AZRTOS-G4.2.0.0
2026-01-22 15:50:30,380 [WARN] PackLoader:240 - Cannot read IP mode file for Infineon.AIROC-Wi-Fi-Bluetooth-STM32.1.5.1
2026-01-22 15:50:30,403 [WARN] PackLoader:240 - Cannot read IP mode file for wolfSSL.I-CUBE-wolfSSH.1.4.20
2026-01-22 15:50:30,410 [WARN] PackLoader:240 - Cannot read IP mode file for STMicroelectronics.X-CUBE-NFC7.2.0.0
2026-01-22 15:50:30,415 [WARN] PackLoader:240 - Cannot read IP mode file for STMicroelectronics.FP-SNS-MOTENVWB1.1.3.1
2026-01-22 15:50:30,420 [WARN] PackLoader:240 - Cannot read IP mode file for STMicroelectronics.X-CUBE-ISPU.2.0.0
2026-01-22 15:50:30,429 [WARN] PackLoader:240 - Cannot read IP mode file for STMicroelectronics.X-CUBE-IPS.3.1.0
2026-01-22 15:50:30,438 [WARN] PackLoader:240 - Cannot read IP mode file for STMicroelectronics.X-CUBE-ALS.1.0.2
2026-01-22 15:50:30,460 [WARN] PackLoader:240 - Cannot read IP mode file for STMicroelectronics.X-CUBE-MEMS1.10.0.0
2026-01-22 15:50:30,488 [INFO] UserAuth:487 - Internet connection configuration mode: 1
2026-01-22 15:50:30,530 [WARN] PackLoader:240 - Cannot read IP mode file for STMicroelectronics.X-CUBE-FREERTOS.1.1.0
2026-01-22 15:50:30,533 [WARN] PackLoader:240 - Cannot read IP mode file for STMicroelectronics.X-CUBE-TOUCHGFX.4.24.1
2026-01-22 15:50:30,538 [WARN] PackLoader:240 - Cannot read IP mode file for STMicroelectronics.X-CUBE-STSE01.1.0.0
2026-01-22 15:50:30,542 [WARN] PackLoader:240 - Cannot read IP mode file for wolfSSL.I-CUBE-wolfTPM.3.4.0
2026-01-22 15:50:30,548 [WARN] PackLoader:240 - Cannot read IP mode file for portGmbH.I-Cube-SoM-uGOAL.1.1.0
2026-01-22 15:50:30,552 [WARN] PackLoader:240 - Cannot read IP mode file for STMicroelectronics.X-CUBE-ALS.1.0.1
2026-01-22 15:50:30,555 [INFO] WebApp:191 - Connection restablished
2026-01-22 15:50:30,568 [WARN] PackLoader:240 - Cannot read IP mode file for STMicroelectronics.X-CUBE-AZRTOS-H7RS.1.0.0
2026-01-22 15:50:30,574 [WARN] PackLoader:240 - Cannot read IP mode file for STMicroelectronics.FP-ATR-ASTRA1.2.0.0
2026-01-22 15:50:30,581 [WARN] PackLoader:240 - Cannot read IP mode file for STMicroelectronics.X-CUBE-TOF1.3.4.2
2026-01-22 15:50:30,594 [WARN] PackLoader:240 - Cannot read IP mode file for STMicroelectronics.X-CUBE-TOF1.3.4.3
2026-01-22 15:50:30,606 [WARN] PackLoader:240 - Cannot read IP mode file for STMicroelectronics.X-CUBE-TOF1.3.4.0
2026-01-22 15:50:30,626 [WARN] PackLoader:240 - Cannot read IP mode file for STMicroelectronics.X-CUBE-AZRTOS-H7.3.2.0
2026-01-22 15:50:30,631 [WARN] PackLoader:240 - Cannot read IP mode file for wolfSSL.I-CUBE-wolfSSH.1.4.17
2026-01-22 15:50:30,632 [INFO] ThirdParty:978 - Integrity check success = true
2026-01-22 15:50:30,632 [INFO] IntegrityCheckThread:100 - exiting critical section [integrity check]
2026-01-22 15:50:30,632 [INFO] IntegrityCheckThread:103 - End integrity checks thread
2026-01-22 15:50:53,739 [INFO] McuFinderGlobals:63 - Set McuFinder mode to 2 (CubeIDE integrated)
2026-01-22 15:50:53,745 [INFO] MainUpdater:2872 - connection check result : 10
2026-01-22 15:50:53,746 [INFO] MainUpdater:2872 - connection check result : 10
2026-01-22 15:50:53,794 [INFO] MicroXplorer:468 - Change Database Path : 
2026-01-22 15:50:53,794 [INFO] MicroXplorer:498 - Change Database Version : DB.6.0.150
2026-01-22 15:50:53,800 [WARN] ThirdParty:871 - waiting for thirdparty lock release [close project]
2026-01-22 15:50:53,800 [INFO] ThirdParty:873 - entering critical section [close project]
2026-01-22 15:50:53,801 [INFO] ThirdParty:883 - exiting critical section [close project]
2026-01-22 15:50:53,804 [INFO] PinOutPanel:1589 - setPackage(No Configuration,No Configuration)
2026-01-22 15:50:53,806 [INFO] UtilMem:75 - Begin LoadConfig() Used Memory: 294992720 Bytes (344981504)
2026-01-22 15:50:53,808 [INFO] MicroXplorer:468 - Change Database Path : 
2026-01-22 15:50:53,808 [INFO] MicroXplorer:498 - Change Database Version : DB.6.0.150
2026-01-22 15:50:53,808 [INFO] OpenFileManager:355 - Change cursor
2026-01-22 15:50:53,829 [INFO] Mcu:2029 - Initializing MCU STM32F103C(8-B)Tx STM32F103C8Tx STM32F103C8T6
2026-01-22 15:50:54,467 [INFO] Context:786 - Trying to add GPIOservice into a context  which must be forbidden
2026-01-22 15:50:54,635 [INFO] ImportTextPane:234 - (OptionalMessage_ERROR) Pin15 (VP_RIF_VS_RIF1) cannot be retrieved for this MCU
2026-01-22 15:50:54,762 [INFO] RtosManager:558 - Registered RTOS mode: class=CMSIS, group=RTOS, mode=CMSIS_V1, owner=FREERTOS
2026-01-22 15:50:54,762 [INFO] RtosManager:558 - Registered RTOS mode: class=CMSIS, group=RTOS2, mode=CMSIS_V2, owner=FREERTOS
2026-01-22 15:50:54,762 [INFO] RtosManager:558 - Registered RTOS mode: class=RTOS, group=Core, mode=CMSIS_V1, owner=FREERTOS
2026-01-22 15:50:54,762 [INFO] RtosManager:558 - Registered RTOS mode: class=RTOS, group=Core, mode=CMSIS_V2, owner=FREERTOS
2026-01-22 15:50:54,762 [WARN] ModelIntegratedComponent:184 - Missing modes for component STMicroelectronics:FreeRTOS:0.0.1:STMicroelectronics:RTOS:FreeRTOS:Core:::10.2.0:
2026-01-22 15:50:54,770 [WARN] ModelIntegratedComponent:63 - No mode defined for component null
2026-01-22 15:50:54,770 [WARN] ModelIntegratedComponent:63 - No mode defined for component null
2026-01-22 15:50:54,770 [WARN] ModelIntegratedComponent:63 - No mode defined for component null
2026-01-22 15:50:54,770 [WARN] ModelIntegratedComponent:63 - No mode defined for component null
2026-01-22 15:50:54,770 [WARN] ModelIntegratedComponent:63 - No mode defined for component null
2026-01-22 15:50:54,770 [WARN] ModelIntegratedComponent:63 - No mode defined for component null
2026-01-22 15:50:54,770 [WARN] ModelIntegratedComponent:63 - No mode defined for component null
2026-01-22 15:50:54,770 [WARN] ModelIntegratedComponent:63 - No mode defined for component null
2026-01-22 15:50:54,770 [WARN] ModelIntegratedComponent:63 - No mode defined for component null
2026-01-22 15:50:54,770 [WARN] ModelIntegratedComponent:63 - No mode defined for component null
2026-01-22 15:50:54,770 [WARN] ModelIntegratedComponent:63 - No mode defined for component null
2026-01-22 15:50:54,770 [WARN] ModelIntegratedComponent:63 - No mode defined for component null
2026-01-22 15:50:54,770 [WARN] ModelIntegratedComponent:63 - No mode defined for component null
2026-01-22 15:50:54,770 [WARN] ModelIntegratedComponent:63 - No mode defined for component null
2026-01-22 15:50:54,770 [WARN] ModelIntegratedComponent:63 - No mode defined for component null
2026-01-22 15:50:54,770 [WARN] ModelIntegratedComponent:63 - No mode defined for component null
2026-01-22 15:50:54,770 [WARN] ModelIntegratedComponent:63 - No mode defined for component null
2026-01-22 15:50:54,770 [WARN] ModelIntegratedComponent:63 - No mode defined for component null
2026-01-22 15:50:54,770 [WARN] ModelIntegratedComponent:63 - No mode defined for component null
2026-01-22 15:50:54,770 [WARN] ModelIntegratedComponent:63 - No mode defined for component null
2026-01-22 15:50:54,770 [WARN] ModelIntegratedComponent:63 - No mode defined for component null
2026-01-22 15:50:54,771 [WARN] ModelIntegratedComponent:63 - No mode defined for component null
2026-01-22 15:50:54,771 [WARN] ModelIntegratedComponent:63 - No mode defined for component null
2026-01-22 15:50:54,771 [WARN] ModelIntegratedComponent:63 - No mode defined for component null
2026-01-22 15:50:54,771 [WARN] ModelIntegratedComponent:63 - No mode defined for component null
2026-01-22 15:50:54,771 [WARN] ModelIntegratedComponent:63 - No mode defined for component null
2026-01-22 15:50:54,771 [WARN] ModelIntegratedComponent:63 - No mode defined for component null
2026-01-22 15:50:54,771 [WARN] ModelIntegratedComponent:63 - No mode defined for component null
2026-01-22 15:50:54,771 [WARN] ModelIntegratedComponent:63 - No mode defined for component null
2026-01-22 15:50:54,771 [WARN] ModelIntegratedComponent:63 - No mode defined for component null
2026-01-22 15:50:54,771 [WARN] ModelIntegratedComponent:63 - No mode defined for component null
2026-01-22 15:50:54,771 [WARN] ModelIntegratedComponent:63 - No mode defined for component null
2026-01-22 15:50:54,771 [WARN] ModelIntegratedComponent:63 - No mode defined for component null
2026-01-22 15:50:54,771 [WARN] ModelIntegratedComponent:63 - No mode defined for component null
2026-01-22 15:50:54,771 [WARN] ModelIntegratedComponent:63 - No mode defined for component null
2026-01-22 15:50:54,771 [WARN] ModelPack:524 - Component already loaded: STMicroelectronics:HAL Drivers:0.0.0:STMicroelectronics:Device:STMicro_Driver:XSPI:HAL::0.0.1:HAL_XSPI
2026-01-22 15:50:54,934 [INFO] ThirdPartyModel:298 - Start build external matchings
2026-01-22 15:50:56,217 [INFO] ThirdPartyModel:316 - End build external matchings
2026-01-22 15:50:56,502 [INFO] ApiDb:581 - Connected to CubeFinder SQLite database (C:\Users\MSI GF63\.stmcufinder\plugins\mcufinder\mcu\cube-finder-db.db)
2026-01-22 15:50:56,585 [INFO] ApiDb:668 - CubeFinder database Data Model version=2.1
2026-01-22 15:50:56,585 [INFO] ApiDb:669 - CubeFinder database Configuration version=3.0.39
2026-01-22 15:50:56,585 [INFO] ApiDb:670 - CubeFinder database generation date=2025-12-22 (1766407740)
2026-01-22 15:50:56,585 [INFO] ApiDb:671 - CubeFinder database FW Pack versions=[FP-ATR-ASTRA1_V2.0.0, FP-SNS-FLIGHT1_V5.1.0, FP-SNS-MOTENV1_V5.1.0, FP-SNS-MOTENVWB1_V1.4.0, FP-SNS-SMARTAG2_V1.2.0, FP-SNS-STBOX1_V2.1.0, STM32Cube_FW_C0_V1.4.0, STM32Cube_FW_F4_V1.28.3, STM32Cube_FW_F7_V1.17.4, STM32Cube_FW_G0_V1.6.2, STM32Cube_FW_G4_V1.6.1, STM32Cube_FW_H5_V1.5.1, STM32Cube_FW_H7RS_V1.3.0, STM32Cube_FW_H7_V1.12.1, STM32Cube_FW_L0_V1.12.2, STM32Cube_FW_L4_V1.18.1, STM32Cube_FW_L5_V1.6.0, STM32Cube_FW_N6_V1.3.0, STM32Cube_FW_U0_V1.3.0, STM32Cube_FW_U3_V1.2.1, STM32Cube_FW_U5_V1.8.0, STM32Cube_FW_WB0_V1.4.0, STM32Cube_FW_WBA_V1.8.0, STM32Cube_FW_WB_V1.24.0, STM32Cube_FW_WL3_V1.3.0, STM32Cube_FW_WL_V1.4.0, X-CUBE-ALGOBUILD_V1.4.0, X-CUBE-ALS_V1.0.2, X-CUBE-AZRTOS-F4_V1.1.0, X-CUBE-AZRTOS-F7_V1.1.0, X-CUBE-AZRTOS-G0_V1.1.0, X-CUBE-AZRTOS-G4_V2.0.0, X-CUBE-AZRTOS-H7RS_V1.1.0, X-CUBE-AZRTOS-H7_V3.4.0, X-CUBE-AZRTOS-L4_V2.0.0, X-CUBE-AZRTOS-L5_V2.0.0, X-CUBE-AZRTOS-WB_V2.0.0, X-CUBE-AZRTOS-WL_V2.0.0, X-CUBE-BLE1_V7.1.0, X-CUBE-BLE2_V3.3.0, X-CUBE-BLEMGR_V4.1.0, X-CUBE-EEPRMA1_V5.2.0, X-CUBE-FREERTOS_V1.3.1, X-CUBE-GNSS1_V6.0.0, X-CUBE-MEMS1_V12.0.0, X-CUBE-NFC4_V3.0.0, X-CUBE-NFC7_V2.0.0, X-CUBE-SFXS2LP1_V4.0.0, X-CUBE-ST67W61_V1.1.0, X-CUBE-SUBG2_V5.0.0, X-CUBE-TOF1_V3.4.3]
2026-01-22 15:50:56,699 [INFO] DbBoardsSqlite:226 - include board P-NUCLEO-WB55-NUCLEO as a kit item of type 'Nucleo-64'
2026-01-22 15:50:56,700 [INFO] DbBoardsSqlite:226 - include board P-NUCLEO-WB55-USBDONGLE as a kit item of type 'Nucleo USB Dongle'
2026-01-22 15:50:56,701 [INFO] DbBoardsSqlite:226 - include board STEVAL-IDP005V1 as a kit item of type 'Evaluation Board'
2026-01-22 15:50:56,701 [INFO] DbBoardsSqlite:226 - include board STEVAL-IDP005V2 as a kit item of type 'Evaluation Board'
2026-01-22 15:50:57,090 [INFO] ApiDb:240 - Found 880 in-development CPN: [B-G473E-ZEST1S, B-WB1M-WPAN1, B-WBA5M-WPAN, B-WL5M-SUBG1, NUCLEO-C031C6, NUCLEO-C051C8, NUCLEO-C071RB, NUCLEO-C092RC, NUCLEO-H503RB, NUCLEO-H533RE, NUCLEO-H563ZI, NUCLEO-H7S3L8, NUCLEO-N657X0-Q, NUCLEO-U031R8, NUCLEO-U083RC, NUCLEO-U385RG-Q, NUCLEO-U545RE-Q, NUCLEO-U5A5ZJ-Q, NUCLEO-WB05KZ, NUCLEO-WB07CC, NUCLEO-WB09KE, NUCLEO-WBA52CG, NUCLEO-WBA55CG, NUCLEO-WL33CC1, NUCLEO-WL33CC2, STEVAL-PROTEUS1, STEVAL-SMARTAG2, STEVAL-STWINBX1, STM320518-EVAL, STM32C0116-DK, STM32C011D6Y3TR, STM32C011D6Y6TR, STM32C011F4P3, STM32C011F4P6, STM32C011F4U3, STM32C011F4U6TR, STM32C011F6P3, STM32C011F6P6, STM32C011F6U3, STM32C011F6U6TR, STM32C011J4M3, STM32C011J4M6, STM32C011J6M3, STM32C011J6M6, STM32C0316-DK, STM32C031C4T3, STM32C031C4T6, STM32C031C4U3, STM32C031C4U6, STM32C031C6T3, STM32C031C6T6, STM32C031C6U3, STM32C031C6U6, STM32C031F4P3, STM32C031F4P6, STM32C031F6P3, STM32C031F6P6, STM32C031G4U3, STM32C031G4U6, STM32C031G6U3, STM32C031G6U6, STM32C031K4T3, STM32C031K4T6, STM32C031K4U3, STM32C031K4U6, STM32C031K6T3, STM32C031K6T6, STM32C031K6U3, STM32C031K6U6, STM32C051C6T6, STM32C051C6U6, STM32C051C8T6, STM32C051C8U6, STM32C051D8Y6TR, STM32C051F6P6, STM32C051F8P6, STM32C051G6U6, STM32C051G8U6, STM32C051K6T6, STM32C051K6U6, STM32C051K8T6, STM32C071C8T6, STM32C071C8T6N, STM32C071C8U6, STM32C071C8U6N, STM32C071CBT6, STM32C071CBT6N, STM32C071CBU6, STM32C071CBU6N, STM32C071F8P6, STM32C071F8P6N, STM32C071FBP6, STM32C071FBP6N, STM32C071FBY6TR, STM32C071G8U6, STM32C071G8U6N, STM32C071GBU6, STM32C071GBU6N, STM32C071K8T6, STM32C071K8T6N, STM32C071K8U6, STM32C071K8U6N, STM32C071KBT6, STM32C071KBT6N, STM32C071KBU6, STM32C071KBU6N, STM32C071R8T6, STM32C071R8T6N, STM32C071RBI6N, STM32C071RBT6, STM32C071RBT6N, STM32C091CBT6, STM32C091CBU6, STM32C091CCT6, STM32C091CCU6, STM32C091ECY6TR, STM32C091FBP6, STM32C091FCP6, STM32C091GBU6, STM32C091GCU6, STM32C091KBT6, STM32C091KBU6, STM32C091KCT6, STM32C091KCU6, STM32C091RBT6, STM32C091RCI6, STM32C091RCT6, STM32C092CBT6, STM32C092CBU6, STM32C092CCT6, STM32C092CCU6, STM32C092ECY6TR, STM32C092FBP6, STM32C092FCP6, STM32C092GBU6, STM32C092GCU6, STM32C092KBT6, STM32C092KBU6, STM32C092KCT6, STM32C092KCU6, STM32C092RBT6, STM32C092RCI6, STM32C092RCT6, STM32G071K8TXN, STM32G071K8UXN, STM32G081GBU6N, STM32G081KBT6N, STM32G081KBUXN, STM32G0B1CCT6N, STM32G0B1KCT6, STM32G0B1NEY6TR, STM32G0B1RCT6N, STM32G0C1CCT6, STM32G0C1CCT6N, STM32G0C1CCU6N, STM32G0C1CET6N, STM32G0C1CEU6N, STM32G0C1KCT6, STM32G0C1NEY6TR, STM32G0C1RCI6N, STM32G0C1RCT6N, STM32G0C1REI6N, STM32G0C1RET6N, STM32G0C1VCI6, STM32G0C1VEI6, STM32G411C6T3, STM32G411C6T6, STM32G411C6U3, STM32G411C6U6, STM32G411C8T3, STM32G411C8T6, STM32G411C8U3, STM32G411C8U6, STM32G411CBT3, STM32G411CBT6, STM32G411CBU3, STM32G411CBU6, STM32G411K6T3, STM32G411K6T6, STM32G411K6U3, STM32G411K6U6, STM32G411K8T3, STM32G411K8T6, STM32G411K8U3, STM32G411K8U6, STM32G411KBT3, STM32G411KBT6, STM32G411KBU3, STM32G411KBU6, STM32G411M6T3, STM32G411M6T6, STM32G411M8T3, STM32G411M8T6, STM32G411MBT3, STM32G411MBT6, STM32G411R6T3, STM32G411R6T6, STM32G411R8T3, STM32G411R8T6, STM32G411RBT3, STM32G411RBT6, STM32G414CBT3, STM32G414CBT6, STM32G414CBU3, STM32G414CBU6, STM32G414CCT3, STM32G414CCT6, STM32G414CCU3, STM32G414CCU6, STM32G414MBT3, STM32G414MBT6, STM32G414MCT3, STM32G414MCT6, STM32G414RBT3, STM32G414RBT6, STM32G414RCT3, STM32G414RCT6, STM32G414VBT3, STM32G414VBT6, STM32G414VCT3, STM32G414VCT6, STM32G431CBT3Z, STM32G431RBT3Z, STM32G471CCT6, STM32G471CCU6, STM32G471CET3, STM32G471CET6, STM32G471CEU3, STM32G471CEU6, STM32G471MCT6, STM32G471MET3, STM32G471MET6, STM32G471MEY6TR, STM32G471QCT6, STM32G471QET3, STM32G471RCT6, STM32G471RET3, STM32G471RET6, STM32G471VCH6, STM32G471VCI6, STM32G471VCT6, STM32G471VEH3, STM32G471VEH6, STM32G471VEI3, STM32G471VEI6, STM32G471VET3, STM32G471VET6, STM32G473QET3Z, STM32G473RET3Z, STM32G474CCT6, STM32G491RET3Z, STM32H503CBT6, STM32H503CBU6, STM32H503EBY6TR, STM32H503KBU6, STM32H503RBT6, STM32H523CCT6, STM32H523CCU6, STM32H523CET6, STM32H523CEU6, STM32H523HEY6TR, STM32H523RCT6, STM32H523RET6, STM32H523VCI6, STM32H523VCT6, STM32H523VEI6, STM32H523VET6, STM32H523ZCJ6, STM32H523ZCT6, STM32H523ZEJ6, STM32H523ZET6, STM32H533CET6, STM32H533CEU6, STM32H533HEY6TR, STM32H533RET6, STM32H533VEI6, STM32H533VET6, STM32H533ZEJ6, STM32H533ZET6, STM32H562AGI6, STM32H562AII6, STM32H562IGK6, STM32H562IGT6, STM32H562IIK6, STM32H562IIT6, STM32H562RGT6, STM32H562RGV6, STM32H562RIT6, STM32H562RIV6, STM32H562VGT6, STM32H562VIT6, STM32H562ZGT6, STM32H562ZIT6, STM32H563AGI6, STM32H563AII3Q, STM32H563AII6, STM32H563IGK6, STM32H563IGT6, STM32H563IIK3Q, STM32H563IIK6, STM32H563IIT3Q, STM32H563IIT6, STM32H563MIY3QTR, STM32H563RGT6, STM32H563RGV6, STM32H563RIT6, STM32H563RIV6, STM32H563VGT6, STM32H563VIT3Q, STM32H563VIT6, STM32H563ZGT6, STM32H563ZIT3Q, STM32H563ZIT6, STM32H573AII3Q, STM32H573AII6, STM32H573I-DK, STM32H573IIK3Q, STM32H573IIK6, STM32H573IIT3Q, STM32H573IIT6, STM32H573MIY3QTR, STM32H573RIT6, STM32H573RIV6, STM32H573VIT3Q, STM32H573VIT6, STM32H573ZIT3Q, STM32H573ZIT6, STM32H7R3A8I6, STM32H7R3I8K6, STM32H7R3I8T6, STM32H7R3L8H6, STM32H7R3L8H6H, STM32H7R3R8V6, STM32H7R3V8H6, STM32H7R3V8T6, STM32H7R3V8Y6TR, STM32H7R3Z8J6, STM32H7R3Z8T6, STM32H7R7A8I6, STM32H7R7I8K6, STM32H7R7I8T6, STM32H7R7L8H6, STM32H7R7L8H6H, STM32H7R7Z8J6, STM32H7S3A8I6, STM32H7S3I8K6, STM32H7S3I8T6, STM32H7S3L8H6, STM32H7S3L8H6H, STM32H7S3R8V6, STM32H7S3V8H6, STM32H7S3V8T6, STM32H7S3V8Y6TR, STM32H7S3Z8J6, STM32H7S3Z8T6, STM32H7S78-DK, STM32H7S7A8I6, STM32H7S7I8K6, STM32H7S7I8T6, STM32H7S7L8H6, STM32H7S7L8H6H, STM32H7S7Z8J6, STM32L4R5QGI6STR, STM32MP131AAE3, STM32MP131AAF3, STM32MP131AAG3, STM32MP131CAE3, STM32MP131CAF3, STM32MP131CAG3, STM32MP131DAE7, STM32MP131DAF7, STM32MP131DAG7, STM32MP131FAE7, STM32MP131FAF7, STM32MP131FAG7, STM32MP133AAE3, STM32MP133AAF3, STM32MP133AAG3, STM32MP133CAE3, STM32MP133CAF3, STM32MP133CAG3, STM32MP133DAE7, STM32MP133DAF7, STM32MP133DAG7, STM32MP133FAE7, STM32MP133FAF7, STM32MP133FAG7, STM32MP135AAE3, STM32MP135AAF3, STM32MP135AAG3, STM32MP135CAE3, STM32MP135CAF3, STM32MP135CAG3, STM32MP135DAE7, STM32MP135DAF7, STM32MP135DAG7, STM32MP135F-DK, STM32MP135FAE7, STM32MP135FAF7, STM32MP135FAF7T, STM32MP135FAF7U, STM32MP135FAG7, STM32MP211AAL3, STM32MP211AAM3, STM32MP211AAN3, STM32MP211AAO3, STM32MP211CAL3, STM32MP211CAM3, STM32MP211CAN3, STM32MP211CAO3, STM32MP211DAL3, STM32MP211DAM3, STM32MP211DAN3, STM32MP211DAO3, STM32MP211FAL3, STM32MP211FAM3, STM32MP211FAN3, STM32MP211FAO3, STM32MP213AAL3, STM32MP213AAM3, STM32MP213AAN3, STM32MP213AAO3, STM32MP213CAL3, STM32MP213CAM3, STM32MP213CAN3, STM32MP213CAO3, STM32MP213DAL3, STM32MP213DAM3, STM32MP213DAN3, STM32MP213DAO3, STM32MP213FAL3, STM32MP213FAM3, STM32MP213FAN3, STM32MP213FAO3, STM32MP215AAL3, STM32MP215AAM3, STM32MP215AAN3, STM32MP215AAO3, STM32MP215CAL3, STM32MP215CAM3, STM32MP215CAN3, STM32MP215CAO3, STM32MP215DAL3, STM32MP215DAM3, STM32MP215DAN3, STM32MP215DAO3, STM32MP215F-DK, STM32MP215FAL3, STM32MP215FAM3, STM32MP215FAN3, STM32MP215FAO3, STM32MP231AAJ3, STM32MP231AAK3, STM32MP231AAL3, STM32MP231CAJ3, STM32MP231CAK3, STM32MP231CAL3, STM32MP231DAJ3, STM32MP231DAK3, STM32MP231DAL3, STM32MP231FAJ3, STM32MP231FAK3, STM32MP231FAL3, STM32MP233AAJ3, STM32MP233AAK3, STM32MP233AAL3, STM32MP233CAJ3, STM32MP233CAK3, STM32MP233CAL3, STM32MP233DAJ3, STM32MP233DAK3, STM32MP233DAL3, STM32MP233FAJ3, STM32MP233FAK3, STM32MP233FAL3, STM32MP235AAJ3, STM32MP235AAK3, STM32MP235AAL3, STM32MP235CAJ3, STM32MP235CAK3, STM32MP235CAL3, STM32MP235DAJ3, STM32MP235DAK3, STM32MP235DAL3, STM32MP235FAJ3, STM32MP235FAK3, STM32MP235FAL3, STM32MP251AAI3, STM32MP251AAK3, STM32MP251AAL3, STM32MP251CAI3, STM32MP251CAK3, STM32MP251CAL3, STM32MP251DAI3, STM32MP251DAK3, STM32MP251DAL3, STM32MP251FAI3, STM32MP251FAK3, STM32MP251FAL3, STM32MP253AAI3, STM32MP253AAK3, STM32MP253AAL3, STM32MP253CAI3, STM32MP253CAK3, STM32MP253CAL3, STM32MP253DAI3, STM32MP253DAK3, STM32MP253DAL3, STM32MP253FAI3, STM32MP253FAK3, STM32MP253FAL3, STM32MP255AAI3, STM32MP255AAK3, STM32MP255AAL3, STM32MP255CAI3, STM32MP255CAK3, STM32MP255CAL3, STM32MP255DAI3, STM32MP255DAK3, STM32MP255DAL3, STM32MP255FAI3, STM32MP255FAK3, STM32MP255FAL3, STM32MP257AAI3, STM32MP257AAK3, STM32MP257AAL3, STM32MP257CAI3, STM32MP257CAK3, STM32MP257CAL3, STM32MP257DAI3, STM32MP257DAK3, STM32MP257DAL3, STM32MP257F-DK, STM32MP257F-EV1, STM32MP257FAI3, STM32MP257FAK3, STM32MP257FAL3, STM32N645A0H3Q, STM32N645B0H3Q, STM32N645I0H3Q, STM32N645L0H3Q, STM32N645X0H3Q, STM32N645Z0H3Q, STM32N647A0H3Q, STM32N647B0H3Q, STM32N647I0H3Q, STM32N647L0H3Q, STM32N647X0H3Q, STM32N647Z0H3Q, STM32N655A0H3Q, STM32N655B0H3Q, STM32N655I0H3Q, STM32N655L0H3Q, STM32N655X0H3Q, STM32N655Z0H3Q, STM32N6570-DK, STM32N657A0H3Q, STM32N657B0H3Q, STM32N657I0H3Q, STM32N657L0H3Q, STM32N657X0H3Q, STM32N657Z0H3Q, STM32U031C6T6, STM32U031C6U6, STM32U031C8T6, STM32U031C8U6, STM32U031F4P6, STM32U031F6P6, STM32U031F8P6, STM32U031G6Y6TR, STM32U031G8Y6TR, STM32U031K4U6, STM32U031K6U6, STM32U031K8U6, STM32U031R6I6, STM32U031R6T6, STM32U031R8I6, STM32U031R8T6, STM32U073C8T6, STM32U073C8U6, STM32U073CBT6, STM32U073CBU6, STM32U073CCT6, STM32U073CCU6, STM32U073H8Y6TR, STM32U073HBY6TR, STM32U073HCY6TR, STM32U073K8U6, STM32U073KBU6, STM32U073KCU6, STM32U073M8I6, STM32U073M8T6, STM32U073MBI6, STM32U073MBT6, STM32U073MCI6, STM32U073MCT6, STM32U073R8I6, STM32U073R8T6, STM32U073RBI6, STM32U073RBT6, STM32U073RCI6, STM32U073RCT6, STM32U083C-DK, STM32U083CCT6, STM32U083CCU6, STM32U083HCY6TR, STM32U083KCU6, STM32U083MCI6, STM32U083MCT6, STM32U083RCI6, STM32U083RCT6, STM32U375CET6, STM32U375CET6Q, STM32U375CEU6, STM32U375CEU6Q, STM32U375CEY6QTR, STM32U375CGT6, STM32U375CGT6Q, STM32U375CGU6, STM32U375CGU6Q, STM32U375CGY6QTR, STM32U375KEU6, STM32U375KGU6, STM32U375REI6, STM32U375REI6Q, STM32U375RET6, STM32U375RET6Q, STM32U375REY6GTR, STM32U375REY6QTR, STM32U375RGI6, STM32U375RGI6Q, STM32U375RGT6, STM32U375RGT6Q, STM32U375RGY6GTR, STM32U375RGY6QTR, STM32U375VEI6, STM32U375VEI6Q, STM32U375VET6, STM32U375VET6Q, STM32U375VGI6, STM32U375VGI6Q, STM32U375VGT6, STM32U375VGT6Q, STM32U385CGT6, STM32U385CGT6Q, STM32U385CGU6, STM32U385CGU6Q, STM32U385CGY6QTR, STM32U385KGU6, STM32U385RGI6, STM32U385RGI6Q, STM32U385RGT6, STM32U385RGT6Q, STM32U385RGY6GTR, STM32U385RGY6QTR, STM32U385VGI6, STM32U385VGI6Q, STM32U385VGT6, STM32U385VGT6Q, STM32U535CBT6, STM32U535CBT6Q, STM32U535CBU6, STM32U535CBU6Q, STM32U535CCT6, STM32U535CCT6Q, STM32U535CCU6, STM32U535CCU6Q, STM32U535CET6, STM32U535CET6Q, STM32U535CEU6, STM32U535CEU6Q, STM32U535JEY6QTR, STM32U535NCY6QTR, STM32U535NEY6QTR, STM32U535RBI6, STM32U535RBI6Q, STM32U535RBT6, STM32U535RBT6Q, STM32U535RCI6, STM32U535RCI6Q, STM32U535RCT6, STM32U535RCT6Q, STM32U535REI6, STM32U535REI6Q, STM32U535RET6, STM32U535RET6Q, STM32U535VCI6, STM32U535VCI6Q, STM32U535VCT6, STM32U535VCT6Q, STM32U535VEI6, STM32U535VEI6Q, STM32U535VET6, STM32U535VET6Q, STM32U545CET6, STM32U545CET6Q, STM32U545CEU6, STM32U545CEU6Q, STM32U545JEY6QTR, STM32U545NEY6QTR, STM32U545REI6, STM32U545REI6Q, STM32U545RET6, STM32U545RET6Q, STM32U545VEI6, STM32U545VEI6Q, STM32U545VET6, STM32U545VET6Q, STM32U595AIH6, STM32U595AIH6Q, STM32U595AJH6, STM32U595AJH6Q, STM32U595QII6, STM32U595QII6Q, STM32U595QJI6, STM32U595QJI6Q, STM32U595RIT6, STM32U595RIT6Q, STM32U595RJT6, STM32U595RJT6Q, STM32U595VIT6, STM32U595VIT6Q, STM32U595VJT6, STM32U595VJT6Q, STM32U595ZIT6, STM32U595ZIT6Q, STM32U595ZIY6QTR, STM32U595ZJT6, STM32U595ZJT6Q, STM32U595ZJY6QTR, STM32U599BJY6QTR, STM32U599NIH6Q, STM32U599NJH6Q, STM32U599VIT6Q, STM32U599VJT6, STM32U599VJT6Q, STM32U599ZIT6Q, STM32U599ZIY6QTR, STM32U599ZJT6Q, STM32U599ZJY6QTR, STM32U5A5AJH6, STM32U5A5AJH6Q, STM32U5A5QII3Q , STM32U5A5QJI6, STM32U5A5QJI6Q, STM32U5A5RJT6, STM32U5A5RJT6Q, STM32U5A5VJT6, STM32U5A5VJT6Q, STM32U5A5ZJT6, STM32U5A5ZJT6Q, STM32U5A5ZJY6QTR, STM32U5A9BJY6QTR, STM32U5A9J-DK, STM32U5A9NJH6Q, STM32U5A9VJT6Q, STM32U5A9ZJT6Q, STM32U5A9ZJY6QTR, STM32U5F7VIT6, STM32U5F7VIT6Q, STM32U5F7VJT6, STM32U5F7VJT6Q, STM32U5F9BJY6QTR, STM32U5F9NJH6Q, STM32U5F9VIT6Q, STM32U5F9VJT6Q, STM32U5F9ZIJ6QTR, STM32U5F9ZIT6Q, STM32U5F9ZJJ6QTR, STM32U5F9ZJT6Q, STM32U5G7VJT6, STM32U5G7VJT6Q, STM32U5G9BJY6QTR, STM32U5G9J-DK1, STM32U5G9J-DK2, STM32U5G9NJH6Q, STM32U5G9VJT6Q, STM32U5G9ZJJ6QTR, STM32U5G9ZJT6Q, STM32WB05KZV6TR, STM32WB05KZV7TR, STM32WB05TZF6TR, STM32WB05TZF7TR, STM32WB06CCF6TR, STM32WB06CCF7TR, STM32WB06CCV6TR, STM32WB06CCV7TR, STM32WB06KCV6TR, STM32WB06KCV7TR, STM32WB07CCF6TR, STM32WB07CCF7TR, STM32WB07CCV6TR, STM32WB07CCV7TR, STM32WB07KCV6TR, STM32WB07KCV7TR, STM32WB09KEV6TR, STM32WB09KEV7TR, STM32WB09TEF6TR, STM32WB09TEF7TR, STM32WB1MMCH6, STM32WBA50KGU6, STM32WBA50KGU6TR, STM32WBA52CEU6, STM32WBA52CEU6TR, STM32WBA52CEU7, STM32WBA52CEU7TR, STM32WBA52CGU6, STM32WBA52CGU6TR, STM32WBA52CGU6U, STM32WBA52CGU7, STM32WBA52CGU7TR, STM32WBA52KEU6, STM32WBA52KEU6TR, STM32WBA52KGU6, STM32WBA52KGU6TR, STM32WBA54CEU6, STM32WBA54CEU6TR, STM32WBA54CEU7, STM32WBA54CEU7TR, STM32WBA54CGU6, STM32WBA54CGU6TR, STM32WBA54CGU7, STM32WBA54CGU7TR, STM32WBA54KEU6, STM32WBA54KEU6TR, STM32WBA54KEU7, STM32WBA54KEU7TR, STM32WBA54KGU6, STM32WBA54KGU6TR, STM32WBA54KGU7, STM32WBA54KGU7TR, STM32WBA55CEU6, STM32WBA55CEU6TR, STM32WBA55CEU7, STM32WBA55CEU7TR, STM32WBA55CGU6, STM32WBA55CGU6TR, STM32WBA55CGU6U, STM32WBA55CGU7, STM32WBA55CGU7TR, STM32WBA55G-DK1, STM32WBA55HEF6, STM32WBA55HEF7, STM32WBA55HGF6, STM32WBA55HGF7, STM32WBA55UEI6, STM32WBA55UEI6TR, STM32WBA55UEI7, STM32WBA55UEI7TR, STM32WBA55UGI6, STM32WBA55UGI6TR, STM32WBA55UGI7, STM32WBA55UGI7TR, STM32WBA5MMGH6TR, STM32WBA62MGF6, STM32WBA62MIF6, STM32WBA65MGF7, STM32WBA65MIF6, STM32WBA65MIF7, STM32WL30K8V6, STM32WL30KBV6, STM32WL31C8V6, STM32WL31CBV6, STM32WL31K8V6, STM32WL31KBV6, STM32WL33C8V6, STM32WL33C8V6X, STM32WL33CBV6, STM32WL33CBV6X, STM32WL33CCV6, STM32WL33CCV6A, STM32WL33CCV6X, STM32WL33K8V7, STM32WL33K8V7X, STM32WL33KBV7 , STM32WL33KBV7X, STM32WL33KCV7, STM32WL33KCV7X, STM32WL5MOCH6, STM32WL5MOCH6TR]
2026-01-22 15:50:57,093 [INFO] ApiDb:668 - CubeFinder database Data Model version=2.1
2026-01-22 15:50:57,093 [INFO] ApiDb:669 - CubeFinder database Configuration version=3.0.39
2026-01-22 15:50:57,093 [INFO] ApiDb:670 - CubeFinder database generation date=2025-12-22 (1766407740)
2026-01-22 15:50:57,093 [INFO] ApiDb:671 - CubeFinder database FW Pack versions=[FP-ATR-ASTRA1_V2.0.0, FP-SNS-FLIGHT1_V5.1.0, FP-SNS-MOTENV1_V5.1.0, FP-SNS-MOTENVWB1_V1.4.0, FP-SNS-SMARTAG2_V1.2.0, FP-SNS-STBOX1_V2.1.0, STM32Cube_FW_C0_V1.4.0, STM32Cube_FW_F4_V1.28.3, STM32Cube_FW_F7_V1.17.4, STM32Cube_FW_G0_V1.6.2, STM32Cube_FW_G4_V1.6.1, STM32Cube_FW_H5_V1.5.1, STM32Cube_FW_H7RS_V1.3.0, STM32Cube_FW_H7_V1.12.1, STM32Cube_FW_L0_V1.12.2, STM32Cube_FW_L4_V1.18.1, STM32Cube_FW_L5_V1.6.0, STM32Cube_FW_N6_V1.3.0, STM32Cube_FW_U0_V1.3.0, STM32Cube_FW_U3_V1.2.1, STM32Cube_FW_U5_V1.8.0, STM32Cube_FW_WB0_V1.4.0, STM32Cube_FW_WBA_V1.8.0, STM32Cube_FW_WB_V1.24.0, STM32Cube_FW_WL3_V1.3.0, STM32Cube_FW_WL_V1.4.0, X-CUBE-ALGOBUILD_V1.4.0, X-CUBE-ALS_V1.0.2, X-CUBE-AZRTOS-F4_V1.1.0, X-CUBE-AZRTOS-F7_V1.1.0, X-CUBE-AZRTOS-G0_V1.1.0, X-CUBE-AZRTOS-G4_V2.0.0, X-CUBE-AZRTOS-H7RS_V1.1.0, X-CUBE-AZRTOS-H7_V3.4.0, X-CUBE-AZRTOS-L4_V2.0.0, X-CUBE-AZRTOS-L5_V2.0.0, X-CUBE-AZRTOS-WB_V2.0.0, X-CUBE-AZRTOS-WL_V2.0.0, X-CUBE-BLE1_V7.1.0, X-CUBE-BLE2_V3.3.0, X-CUBE-BLEMGR_V4.1.0, X-CUBE-EEPRMA1_V5.2.0, X-CUBE-FREERTOS_V1.3.1, X-CUBE-GNSS1_V6.0.0, X-CUBE-MEMS1_V12.0.0, X-CUBE-NFC4_V3.0.0, X-CUBE-NFC7_V2.0.0, X-CUBE-SFXS2LP1_V4.0.0, X-CUBE-ST67W61_V1.1.0, X-CUBE-SUBG2_V5.0.0, X-CUBE-TOF1_V3.4.3]
2026-01-22 15:50:58,890 [INFO] ApiDb:240 - Found 880 in-development CPN: [B-G473E-ZEST1S, B-WB1M-WPAN1, B-WBA5M-WPAN, B-WL5M-SUBG1, NUCLEO-C031C6, NUCLEO-C051C8, NUCLEO-C071RB, NUCLEO-C092RC, NUCLEO-H503RB, NUCLEO-H533RE, NUCLEO-H563ZI, NUCLEO-H7S3L8, NUCLEO-N657X0-Q, NUCLEO-U031R8, NUCLEO-U083RC, NUCLEO-U385RG-Q, NUCLEO-U545RE-Q, NUCLEO-U5A5ZJ-Q, NUCLEO-WB05KZ, NUCLEO-WB07CC, NUCLEO-WB09KE, NUCLEO-WBA52CG, NUCLEO-WBA55CG, NUCLEO-WL33CC1, NUCLEO-WL33CC2, STEVAL-PROTEUS1, STEVAL-SMARTAG2, STEVAL-STWINBX1, STM320518-EVAL, STM32C0116-DK, STM32C011D6Y3TR, STM32C011D6Y6TR, STM32C011F4P3, STM32C011F4P6, STM32C011F4U3, STM32C011F4U6TR, STM32C011F6P3, STM32C011F6P6, STM32C011F6U3, STM32C011F6U6TR, STM32C011J4M3, STM32C011J4M6, STM32C011J6M3, STM32C011J6M6, STM32C0316-DK, STM32C031C4T3, STM32C031C4T6, STM32C031C4U3, STM32C031C4U6, STM32C031C6T3, STM32C031C6T6, STM32C031C6U3, STM32C031C6U6, STM32C031F4P3, STM32C031F4P6, STM32C031F6P3, STM32C031F6P6, STM32C031G4U3, STM32C031G4U6, STM32C031G6U3, STM32C031G6U6, STM32C031K4T3, STM32C031K4T6, STM32C031K4U3, STM32C031K4U6, STM32C031K6T3, STM32C031K6T6, STM32C031K6U3, STM32C031K6U6, STM32C051C6T6, STM32C051C6U6, STM32C051C8T6, STM32C051C8U6, STM32C051D8Y6TR, STM32C051F6P6, STM32C051F8P6, STM32C051G6U6, STM32C051G8U6, STM32C051K6T6, STM32C051K6U6, STM32C051K8T6, STM32C071C8T6, STM32C071C8T6N, STM32C071C8U6, STM32C071C8U6N, STM32C071CBT6, STM32C071CBT6N, STM32C071CBU6, STM32C071CBU6N, STM32C071F8P6, STM32C071F8P6N, STM32C071FBP6, STM32C071FBP6N, STM32C071FBY6TR, STM32C071G8U6, STM32C071G8U6N, STM32C071GBU6, STM32C071GBU6N, STM32C071K8T6, STM32C071K8T6N, STM32C071K8U6, STM32C071K8U6N, STM32C071KBT6, STM32C071KBT6N, STM32C071KBU6, STM32C071KBU6N, STM32C071R8T6, STM32C071R8T6N, STM32C071RBI6N, STM32C071RBT6, STM32C071RBT6N, STM32C091CBT6, STM32C091CBU6, STM32C091CCT6, STM32C091CCU6, STM32C091ECY6TR, STM32C091FBP6, STM32C091FCP6, STM32C091GBU6, STM32C091GCU6, STM32C091KBT6, STM32C091KBU6, STM32C091KCT6, STM32C091KCU6, STM32C091RBT6, STM32C091RCI6, STM32C091RCT6, STM32C092CBT6, STM32C092CBU6, STM32C092CCT6, STM32C092CCU6, STM32C092ECY6TR, STM32C092FBP6, STM32C092FCP6, STM32C092GBU6, STM32C092GCU6, STM32C092KBT6, STM32C092KBU6, STM32C092KCT6, STM32C092KCU6, STM32C092RBT6, STM32C092RCI6, STM32C092RCT6, STM32G071K8TXN, STM32G071K8UXN, STM32G081GBU6N, STM32G081KBT6N, STM32G081KBUXN, STM32G0B1CCT6N, STM32G0B1KCT6, STM32G0B1NEY6TR, STM32G0B1RCT6N, STM32G0C1CCT6, STM32G0C1CCT6N, STM32G0C1CCU6N, STM32G0C1CET6N, STM32G0C1CEU6N, STM32G0C1KCT6, STM32G0C1NEY6TR, STM32G0C1RCI6N, STM32G0C1RCT6N, STM32G0C1REI6N, STM32G0C1RET6N, STM32G0C1VCI6, STM32G0C1VEI6, STM32G411C6T3, STM32G411C6T6, STM32G411C6U3, STM32G411C6U6, STM32G411C8T3, STM32G411C8T6, STM32G411C8U3, STM32G411C8U6, STM32G411CBT3, STM32G411CBT6, STM32G411CBU3, STM32G411CBU6, STM32G411K6T3, STM32G411K6T6, STM32G411K6U3, STM32G411K6U6, STM32G411K8T3, STM32G411K8T6, STM32G411K8U3, STM32G411K8U6, STM32G411KBT3, STM32G411KBT6, STM32G411KBU3, STM32G411KBU6, STM32G411M6T3, STM32G411M6T6, STM32G411M8T3, STM32G411M8T6, STM32G411MBT3, STM32G411MBT6, STM32G411R6T3, STM32G411R6T6, STM32G411R8T3, STM32G411R8T6, STM32G411RBT3, STM32G411RBT6, STM32G414CBT3, STM32G414CBT6, STM32G414CBU3, STM32G414CBU6, STM32G414CCT3, STM32G414CCT6, STM32G414CCU3, STM32G414CCU6, STM32G414MBT3, STM32G414MBT6, STM32G414MCT3, STM32G414MCT6, STM32G414RBT3, STM32G414RBT6, STM32G414RCT3, STM32G414RCT6, STM32G414VBT3, STM32G414VBT6, STM32G414VCT3, STM32G414VCT6, STM32G431CBT3Z, STM32G431RBT3Z, STM32G471CCT6, STM32G471CCU6, STM32G471CET3, STM32G471CET6, STM32G471CEU3, STM32G471CEU6, STM32G471MCT6, STM32G471MET3, STM32G471MET6, STM32G471MEY6TR, STM32G471QCT6, STM32G471QET3, STM32G471RCT6, STM32G471RET3, STM32G471RET6, STM32G471VCH6, STM32G471VCI6, STM32G471VCT6, STM32G471VEH3, STM32G471VEH6, STM32G471VEI3, STM32G471VEI6, STM32G471VET3, STM32G471VET6, STM32G473QET3Z, STM32G473RET3Z, STM32G474CCT6, STM32G491RET3Z, STM32H503CBT6, STM32H503CBU6, STM32H503EBY6TR, STM32H503KBU6, STM32H503RBT6, STM32H523CCT6, STM32H523CCU6, STM32H523CET6, STM32H523CEU6, STM32H523HEY6TR, STM32H523RCT6, STM32H523RET6, STM32H523VCI6, STM32H523VCT6, STM32H523VEI6, STM32H523VET6, STM32H523ZCJ6, STM32H523ZCT6, STM32H523ZEJ6, STM32H523ZET6, STM32H533CET6, STM32H533CEU6, STM32H533HEY6TR, STM32H533RET6, STM32H533VEI6, STM32H533VET6, STM32H533ZEJ6, STM32H533ZET6, STM32H562AGI6, STM32H562AII6, STM32H562IGK6, STM32H562IGT6, STM32H562IIK6, STM32H562IIT6, STM32H562RGT6, STM32H562RGV6, STM32H562RIT6, STM32H562RIV6, STM32H562VGT6, STM32H562VIT6, STM32H562ZGT6, STM32H562ZIT6, STM32H563AGI6, STM32H563AII3Q, STM32H563AII6, STM32H563IGK6, STM32H563IGT6, STM32H563IIK3Q, STM32H563IIK6, STM32H563IIT3Q, STM32H563IIT6, STM32H563MIY3QTR, STM32H563RGT6, STM32H563RGV6, STM32H563RIT6, STM32H563RIV6, STM32H563VGT6, STM32H563VIT3Q, STM32H563VIT6, STM32H563ZGT6, STM32H563ZIT3Q, STM32H563ZIT6, STM32H573AII3Q, STM32H573AII6, STM32H573I-DK, STM32H573IIK3Q, STM32H573IIK6, STM32H573IIT3Q, STM32H573IIT6, STM32H573MIY3QTR, STM32H573RIT6, STM32H573RIV6, STM32H573VIT3Q, STM32H573VIT6, STM32H573ZIT3Q, STM32H573ZIT6, STM32H7R3A8I6, STM32H7R3I8K6, STM32H7R3I8T6, STM32H7R3L8H6, STM32H7R3L8H6H, STM32H7R3R8V6, STM32H7R3V8H6, STM32H7R3V8T6, STM32H7R3V8Y6TR, STM32H7R3Z8J6, STM32H7R3Z8T6, STM32H7R7A8I6, STM32H7R7I8K6, STM32H7R7I8T6, STM32H7R7L8H6, STM32H7R7L8H6H, STM32H7R7Z8J6, STM32H7S3A8I6, STM32H7S3I8K6, STM32H7S3I8T6, STM32H7S3L8H6, STM32H7S3L8H6H, STM32H7S3R8V6, STM32H7S3V8H6, STM32H7S3V8T6, STM32H7S3V8Y6TR, STM32H7S3Z8J6, STM32H7S3Z8T6, STM32H7S78-DK, STM32H7S7A8I6, STM32H7S7I8K6, STM32H7S7I8T6, STM32H7S7L8H6, STM32H7S7L8H6H, STM32H7S7Z8J6, STM32L4R5QGI6STR, STM32MP131AAE3, STM32MP131AAF3, STM32MP131AAG3, STM32MP131CAE3, STM32MP131CAF3, STM32MP131CAG3, STM32MP131DAE7, STM32MP131DAF7, STM32MP131DAG7, STM32MP131FAE7, STM32MP131FAF7, STM32MP131FAG7, STM32MP133AAE3, STM32MP133AAF3, STM32MP133AAG3, STM32MP133CAE3, STM32MP133CAF3, STM32MP133CAG3, STM32MP133DAE7, STM32MP133DAF7, STM32MP133DAG7, STM32MP133FAE7, STM32MP133FAF7, STM32MP133FAG7, STM32MP135AAE3, STM32MP135AAF3, STM32MP135AAG3, STM32MP135CAE3, STM32MP135CAF3, STM32MP135CAG3, STM32MP135DAE7, STM32MP135DAF7, STM32MP135DAG7, STM32MP135F-DK, STM32MP135FAE7, STM32MP135FAF7, STM32MP135FAF7T, STM32MP135FAF7U, STM32MP135FAG7, STM32MP211AAL3, STM32MP211AAM3, STM32MP211AAN3, STM32MP211AAO3, STM32MP211CAL3, STM32MP211CAM3, STM32MP211CAN3, STM32MP211CAO3, STM32MP211DAL3, STM32MP211DAM3, STM32MP211DAN3, STM32MP211DAO3, STM32MP211FAL3, STM32MP211FAM3, STM32MP211FAN3, STM32MP211FAO3, STM32MP213AAL3, STM32MP213AAM3, STM32MP213AAN3, STM32MP213AAO3, STM32MP213CAL3, STM32MP213CAM3, STM32MP213CAN3, STM32MP213CAO3, STM32MP213DAL3, STM32MP213DAM3, STM32MP213DAN3, STM32MP213DAO3, STM32MP213FAL3, STM32MP213FAM3, STM32MP213FAN3, STM32MP213FAO3, STM32MP215AAL3, STM32MP215AAM3, STM32MP215AAN3, STM32MP215AAO3, STM32MP215CAL3, STM32MP215CAM3, STM32MP215CAN3, STM32MP215CAO3, STM32MP215DAL3, STM32MP215DAM3, STM32MP215DAN3, STM32MP215DAO3, STM32MP215F-DK, STM32MP215FAL3, STM32MP215FAM3, STM32MP215FAN3, STM32MP215FAO3, STM32MP231AAJ3, STM32MP231AAK3, STM32MP231AAL3, STM32MP231CAJ3, STM32MP231CAK3, STM32MP231CAL3, STM32MP231DAJ3, STM32MP231DAK3, STM32MP231DAL3, STM32MP231FAJ3, STM32MP231FAK3, STM32MP231FAL3, STM32MP233AAJ3, STM32MP233AAK3, STM32MP233AAL3, STM32MP233CAJ3, STM32MP233CAK3, STM32MP233CAL3, STM32MP233DAJ3, STM32MP233DAK3, STM32MP233DAL3, STM32MP233FAJ3, STM32MP233FAK3, STM32MP233FAL3, STM32MP235AAJ3, STM32MP235AAK3, STM32MP235AAL3, STM32MP235CAJ3, STM32MP235CAK3, STM32MP235CAL3, STM32MP235DAJ3, STM32MP235DAK3, STM32MP235DAL3, STM32MP235FAJ3, STM32MP235FAK3, STM32MP235FAL3, STM32MP251AAI3, STM32MP251AAK3, STM32MP251AAL3, STM32MP251CAI3, STM32MP251CAK3, STM32MP251CAL3, STM32MP251DAI3, STM32MP251DAK3, STM32MP251DAL3, STM32MP251FAI3, STM32MP251FAK3, STM32MP251FAL3, STM32MP253AAI3, STM32MP253AAK3, STM32MP253AAL3, STM32MP253CAI3, STM32MP253CAK3, STM32MP253CAL3, STM32MP253DAI3, STM32MP253DAK3, STM32MP253DAL3, STM32MP253FAI3, STM32MP253FAK3, STM32MP253FAL3, STM32MP255AAI3, STM32MP255AAK3, STM32MP255AAL3, STM32MP255CAI3, STM32MP255CAK3, STM32MP255CAL3, STM32MP255DAI3, STM32MP255DAK3, STM32MP255DAL3, STM32MP255FAI3, STM32MP255FAK3, STM32MP255FAL3, STM32MP257AAI3, STM32MP257AAK3, STM32MP257AAL3, STM32MP257CAI3, STM32MP257CAK3, STM32MP257CAL3, STM32MP257DAI3, STM32MP257DAK3, STM32MP257DAL3, STM32MP257F-DK, STM32MP257F-EV1, STM32MP257FAI3, STM32MP257FAK3, STM32MP257FAL3, STM32N645A0H3Q, STM32N645B0H3Q, STM32N645I0H3Q, STM32N645L0H3Q, STM32N645X0H3Q, STM32N645Z0H3Q, STM32N647A0H3Q, STM32N647B0H3Q, STM32N647I0H3Q, STM32N647L0H3Q, STM32N647X0H3Q, STM32N647Z0H3Q, STM32N655A0H3Q, STM32N655B0H3Q, STM32N655I0H3Q, STM32N655L0H3Q, STM32N655X0H3Q, STM32N655Z0H3Q, STM32N6570-DK, STM32N657A0H3Q, STM32N657B0H3Q, STM32N657I0H3Q, STM32N657L0H3Q, STM32N657X0H3Q, STM32N657Z0H3Q, STM32U031C6T6, STM32U031C6U6, STM32U031C8T6, STM32U031C8U6, STM32U031F4P6, STM32U031F6P6, STM32U031F8P6, STM32U031G6Y6TR, STM32U031G8Y6TR, STM32U031K4U6, STM32U031K6U6, STM32U031K8U6, STM32U031R6I6, STM32U031R6T6, STM32U031R8I6, STM32U031R8T6, STM32U073C8T6, STM32U073C8U6, STM32U073CBT6, STM32U073CBU6, STM32U073CCT6, STM32U073CCU6, STM32U073H8Y6TR, STM32U073HBY6TR, STM32U073HCY6TR, STM32U073K8U6, STM32U073KBU6, STM32U073KCU6, STM32U073M8I6, STM32U073M8T6, STM32U073MBI6, STM32U073MBT6, STM32U073MCI6, STM32U073MCT6, STM32U073R8I6, STM32U073R8T6, STM32U073RBI6, STM32U073RBT6, STM32U073RCI6, STM32U073RCT6, STM32U083C-DK, STM32U083CCT6, STM32U083CCU6, STM32U083HCY6TR, STM32U083KCU6, STM32U083MCI6, STM32U083MCT6, STM32U083RCI6, STM32U083RCT6, STM32U375CET6, STM32U375CET6Q, STM32U375CEU6, STM32U375CEU6Q, STM32U375CEY6QTR, STM32U375CGT6, STM32U375CGT6Q, STM32U375CGU6, STM32U375CGU6Q, STM32U375CGY6QTR, STM32U375KEU6, STM32U375KGU6, STM32U375REI6, STM32U375REI6Q, STM32U375RET6, STM32U375RET6Q, STM32U375REY6GTR, STM32U375REY6QTR, STM32U375RGI6, STM32U375RGI6Q, STM32U375RGT6, STM32U375RGT6Q, STM32U375RGY6GTR, STM32U375RGY6QTR, STM32U375VEI6, STM32U375VEI6Q, STM32U375VET6, STM32U375VET6Q, STM32U375VGI6, STM32U375VGI6Q, STM32U375VGT6, STM32U375VGT6Q, STM32U385CGT6, STM32U385CGT6Q, STM32U385CGU6, STM32U385CGU6Q, STM32U385CGY6QTR, STM32U385KGU6, STM32U385RGI6, STM32U385RGI6Q, STM32U385RGT6, STM32U385RGT6Q, STM32U385RGY6GTR, STM32U385RGY6QTR, STM32U385VGI6, STM32U385VGI6Q, STM32U385VGT6, STM32U385VGT6Q, STM32U535CBT6, STM32U535CBT6Q, STM32U535CBU6, STM32U535CBU6Q, STM32U535CCT6, STM32U535CCT6Q, STM32U535CCU6, STM32U535CCU6Q, STM32U535CET6, STM32U535CET6Q, STM32U535CEU6, STM32U535CEU6Q, STM32U535JEY6QTR, STM32U535NCY6QTR, STM32U535NEY6QTR, STM32U535RBI6, STM32U535RBI6Q, STM32U535RBT6, STM32U535RBT6Q, STM32U535RCI6, STM32U535RCI6Q, STM32U535RCT6, STM32U535RCT6Q, STM32U535REI6, STM32U535REI6Q, STM32U535RET6, STM32U535RET6Q, STM32U535VCI6, STM32U535VCI6Q, STM32U535VCT6, STM32U535VCT6Q, STM32U535VEI6, STM32U535VEI6Q, STM32U535VET6, STM32U535VET6Q, STM32U545CET6, STM32U545CET6Q, STM32U545CEU6, STM32U545CEU6Q, STM32U545JEY6QTR, STM32U545NEY6QTR, STM32U545REI6, STM32U545REI6Q, STM32U545RET6, STM32U545RET6Q, STM32U545VEI6, STM32U545VEI6Q, STM32U545VET6, STM32U545VET6Q, STM32U595AIH6, STM32U595AIH6Q, STM32U595AJH6, STM32U595AJH6Q, STM32U595QII6, STM32U595QII6Q, STM32U595QJI6, STM32U595QJI6Q, STM32U595RIT6, STM32U595RIT6Q, STM32U595RJT6, STM32U595RJT6Q, STM32U595VIT6, STM32U595VIT6Q, STM32U595VJT6, STM32U595VJT6Q, STM32U595ZIT6, STM32U595ZIT6Q, STM32U595ZIY6QTR, STM32U595ZJT6, STM32U595ZJT6Q, STM32U595ZJY6QTR, STM32U599BJY6QTR, STM32U599NIH6Q, STM32U599NJH6Q, STM32U599VIT6Q, STM32U599VJT6, STM32U599VJT6Q, STM32U599ZIT6Q, STM32U599ZIY6QTR, STM32U599ZJT6Q, STM32U599ZJY6QTR, STM32U5A5AJH6, STM32U5A5AJH6Q, STM32U5A5QII3Q , STM32U5A5QJI6, STM32U5A5QJI6Q, STM32U5A5RJT6, STM32U5A5RJT6Q, STM32U5A5VJT6, STM32U5A5VJT6Q, STM32U5A5ZJT6, STM32U5A5ZJT6Q, STM32U5A5ZJY6QTR, STM32U5A9BJY6QTR, STM32U5A9J-DK, STM32U5A9NJH6Q, STM32U5A9VJT6Q, STM32U5A9ZJT6Q, STM32U5A9ZJY6QTR, STM32U5F7VIT6, STM32U5F7VIT6Q, STM32U5F7VJT6, STM32U5F7VJT6Q, STM32U5F9BJY6QTR, STM32U5F9NJH6Q, STM32U5F9VIT6Q, STM32U5F9VJT6Q, STM32U5F9ZIJ6QTR, STM32U5F9ZIT6Q, STM32U5F9ZJJ6QTR, STM32U5F9ZJT6Q, STM32U5G7VJT6, STM32U5G7VJT6Q, STM32U5G9BJY6QTR, STM32U5G9J-DK1, STM32U5G9J-DK2, STM32U5G9NJH6Q, STM32U5G9VJT6Q, STM32U5G9ZJJ6QTR, STM32U5G9ZJT6Q, STM32WB05KZV6TR, STM32WB05KZV7TR, STM32WB05TZF6TR, STM32WB05TZF7TR, STM32WB06CCF6TR, STM32WB06CCF7TR, STM32WB06CCV6TR, STM32WB06CCV7TR, STM32WB06KCV6TR, STM32WB06KCV7TR, STM32WB07CCF6TR, STM32WB07CCF7TR, STM32WB07CCV6TR, STM32WB07CCV7TR, STM32WB07KCV6TR, STM32WB07KCV7TR, STM32WB09KEV6TR, STM32WB09KEV7TR, STM32WB09TEF6TR, STM32WB09TEF7TR, STM32WB1MMCH6, STM32WBA50KGU6, STM32WBA50KGU6TR, STM32WBA52CEU6, STM32WBA52CEU6TR, STM32WBA52CEU7, STM32WBA52CEU7TR, STM32WBA52CGU6, STM32WBA52CGU6TR, STM32WBA52CGU6U, STM32WBA52CGU7, STM32WBA52CGU7TR, STM32WBA52KEU6, STM32WBA52KEU6TR, STM32WBA52KGU6, STM32WBA52KGU6TR, STM32WBA54CEU6, STM32WBA54CEU6TR, STM32WBA54CEU7, STM32WBA54CEU7TR, STM32WBA54CGU6, STM32WBA54CGU6TR, STM32WBA54CGU7, STM32WBA54CGU7TR, STM32WBA54KEU6, STM32WBA54KEU6TR, STM32WBA54KEU7, STM32WBA54KEU7TR, STM32WBA54KGU6, STM32WBA54KGU6TR, STM32WBA54KGU7, STM32WBA54KGU7TR, STM32WBA55CEU6, STM32WBA55CEU6TR, STM32WBA55CEU7, STM32WBA55CEU7TR, STM32WBA55CGU6, STM32WBA55CGU6TR, STM32WBA55CGU6U, STM32WBA55CGU7, STM32WBA55CGU7TR, STM32WBA55G-DK1, STM32WBA55HEF6, STM32WBA55HEF7, STM32WBA55HGF6, STM32WBA55HGF7, STM32WBA55UEI6, STM32WBA55UEI6TR, STM32WBA55UEI7, STM32WBA55UEI7TR, STM32WBA55UGI6, STM32WBA55UGI6TR, STM32WBA55UGI7, STM32WBA55UGI7TR, STM32WBA5MMGH6TR, STM32WBA62MGF6, STM32WBA62MIF6, STM32WBA65MGF7, STM32WBA65MIF6, STM32WBA65MIF7, STM32WL30K8V6, STM32WL30KBV6, STM32WL31C8V6, STM32WL31CBV6, STM32WL31K8V6, STM32WL31KBV6, STM32WL33C8V6, STM32WL33C8V6X, STM32WL33CBV6, STM32WL33CBV6X, STM32WL33CCV6, STM32WL33CCV6A, STM32WL33CCV6X, STM32WL33K8V7, STM32WL33K8V7X, STM32WL33KBV7 , STM32WL33KBV7X, STM32WL33KCV7, STM32WL33KCV7X, STM32WL5MOCH6, STM32WL5MOCH6TR]
2026-01-22 15:50:58,896 [INFO] DbMcus:218 - Found 4876 MCUs, 4876 are supported
2026-01-22 15:50:58,902 [INFO] ApiDb:423 - Load user favorites file C:\Users\MSI GF63/.stm32cubeide/favorites.mcus.txt: 0 item(s)
2026-01-22 15:50:58,902 [INFO] ApiDb:427 - User favorites MCUs=[]
2026-01-22 15:50:58,903 [INFO] DbMcus:224 - Set 0 / 0 favorites MCUs
2026-01-22 15:50:59,512 [INFO] BoardInfo:889 - No configuration file found for board P-NUCLEO-WB55
2026-01-22 15:50:59,514 [INFO] DbBoards:161 - Kit is not supported: P-NUCLEO-WB55
2026-01-22 15:50:59,520 [INFO] BoardInfo:889 - No configuration file found for board STEVAL-BFA001V1B
2026-01-22 15:50:59,521 [INFO] DbBoards:161 - Kit is not supported: STEVAL-BFA001V1B
2026-01-22 15:50:59,522 [INFO] BoardInfo:889 - No configuration file found for board STEVAL-BFA001V2B
2026-01-22 15:50:59,523 [INFO] DbBoards:161 - Kit is not supported: STEVAL-BFA001V2B
2026-01-22 15:50:59,774 [INFO] DbBoards:168 - Found 212 boards, 209 are supported
2026-01-22 15:50:59,775 [INFO] DbBoards:169 - Found 212 boards, 43 of them is supported for  Bsp
2026-01-22 15:50:59,790 [INFO] ApiDb:423 - Load user favorites file C:\Users\MSI GF63/.stm32cubeide/favorites.boards.txt: 0 item(s)
2026-01-22 15:50:59,790 [INFO] ApiDb:427 - User favorites Boards=[]
2026-01-22 15:50:59,790 [INFO] DbBoards:198 - Set 0 / 0 favorites Boards
2026-01-22 15:50:59,850 [INFO] UtilMem:75 - End LoadConfig() Used Memory: 322051856 Bytes (481296384)
2026-01-22 15:50:59,983 [WARN] ThirdParty:833 - waiting for thirdparty lock release [change project]
2026-01-22 15:50:59,983 [INFO] ThirdParty:835 - entering critical section [change project]
2026-01-22 15:50:59,984 [INFO] ThirdParty:1030 - CMSIS Pack Vendor :STMicroelectronics X-CUBE-PM33A1 1.0.0
2026-01-22 15:50:59,984 [INFO] ThirdParty:1030 - CMSIS Pack Vendor :STMicroelectronics USBPD 4.1
2026-01-22 15:50:59,984 [INFO] ThirdParty:1030 - CMSIS Pack Vendor :STMicroelectronics X-CUBE-GNSS1 6.0.0
2026-01-22 15:50:59,984 [INFO] ThirdParty:1030 - CMSIS Pack Vendor :STMicroelectronics USB_HOST 2.0.0
2026-01-22 15:50:59,984 [INFO] ThirdParty:1030 - CMSIS Pack Vendor :STMicroelectronics FP-SNS-MOTENVWB1 1.4.0
2026-01-22 15:50:59,984 [INFO] ThirdParty:1030 - CMSIS Pack Vendor :STMicroelectronics X-CUBE-AZRTOS-F4 1.1.0
2026-01-22 15:50:59,984 [INFO] ThirdParty:1030 - CMSIS Pack Vendor :STMicroelectronics LIBJPEG 8.0.0
2026-01-22 15:50:59,984 [INFO] ThirdParty:1030 - CMSIS Pack Vendor :STMicroelectronics FP-ATR-ASTRA1 2.0.2
2026-01-22 15:50:59,984 [INFO] ThirdParty:1030 - CMSIS Pack Vendor :wolfSSL I-CUBE-wolfSSL 5.6.4
2026-01-22 15:50:59,984 [INFO] ThirdParty:1030 - CMSIS Pack Vendor :STMicroelectronics FP-ATR-ASTRA1 2.0.1
2026-01-22 15:50:59,984 [INFO] ThirdParty:1030 - CMSIS Pack Vendor :Avnet-IotConnect X-CUBE-IoTC-DA16k-PMOD 1.0.0
2026-01-22 15:50:59,985 [INFO] ThirdParty:1030 - CMSIS Pack Vendor :STMicroelectronics X-CUBE-SMBUS 2.1.0
2026-01-22 15:50:59,985 [INFO] ThirdParty:1030 - CMSIS Pack Vendor :STMicroelectronics X-CUBE-WB05N 1.1.0
2026-01-22 15:50:59,985 [INFO] ThirdParty:1030 - CMSIS Pack Vendor :STMicroelectronics X-CUBE-ISPU 2.1.0
2026-01-22 15:50:59,985 [INFO] ThirdParty:1030 - CMSIS Pack Vendor :STMicroelectronics X-CUBE-IPS 3.2.0
2026-01-22 15:50:59,985 [INFO] ThirdParty:1030 - CMSIS Pack Vendor :wolfSSL I-CUBE-wolfSSL 5.6.6
2026-01-22 15:50:59,985 [INFO] ThirdParty:1030 - CMSIS Pack Vendor :STMicroelectronics X-CUBE-ST60 1.0.0
2026-01-22 15:50:59,985 [INFO] ThirdParty:1030 - CMSIS Pack Vendor :STMicroelectronics X-CUBE-TOUCHGFX 4.23.0
2026-01-22 15:50:59,985 [INFO] ThirdParty:1030 - CMSIS Pack Vendor :STMicroelectronics X-CUBE-NFC12 1.0.0
2026-01-22 15:50:59,985 [INFO] ThirdParty:1030 - CMSIS Pack Vendor :STMicroelectronics X-CUBE-AZRTOS-F7 1.1.0
2026-01-22 15:50:59,985 [INFO] ThirdParty:1030 - CMSIS Pack Vendor :STMicroelectronics X-CUBE-AZRTOS-L5 2.0.0
2026-01-22 15:50:59,985 [INFO] ThirdParty:1030 - CMSIS Pack Vendor :STMicroelectronics USB_DEVICE 2.0.0
2026-01-22 15:50:59,985 [INFO] ThirdParty:1030 - CMSIS Pack Vendor :STMicroelectronics X-CUBE-EEPRMA1 4.2.0
2026-01-22 15:50:59,985 [INFO] ThirdParty:1030 - CMSIS Pack Vendor :STMicroelectronics X-CUBE-NFC6 3.1.0
2026-01-22 15:50:59,985 [INFO] ThirdParty:1030 - CMSIS Pack Vendor :ITTIA_DB I-CUBE-ITTIADB 8.8.0
2026-01-22 15:50:59,985 [INFO] ThirdParty:1030 - CMSIS Pack Vendor :Cesanta I-CUBE-Mongoose 7.19.0
2026-01-22 15:50:59,985 [INFO] ThirdParty:1030 - CMSIS Pack Vendor :STMicroelectronics FP-SNS-MOTENV1 4.3.2
2026-01-22 15:50:59,985 [INFO] ThirdParty:1030 - CMSIS Pack Vendor :STMicroelectronics X-CUBE-MEMS1 11.0.0
2026-01-22 15:50:59,985 [INFO] ThirdParty:1030 - CMSIS Pack Vendor :STMicroelectronics FP-SNS-MOTENV1 5.1.0
2026-01-22 15:50:59,985 [INFO] ThirdParty:1030 - CMSIS Pack Vendor :STMicroelectronics FreeRTOS 0.0.1
2026-01-22 15:50:59,985 [INFO] ThirdParty:1030 - CMSIS Pack Vendor :STMicroelectronics X-CUBE-DPower 1.2.0
2026-01-22 15:50:59,985 [INFO] ThirdParty:1030 - CMSIS Pack Vendor :WES I-CUBE-Cesium 1.4.0
2026-01-22 15:50:59,985 [INFO] ThirdParty:1030 - CMSIS Pack Vendor :STMicroelectronics FP-SNS-FLIGHT1 5.0.2
2026-01-22 15:50:59,985 [INFO] ThirdParty:1030 - CMSIS Pack Vendor :Infineon AIROC-Wi-Fi-Bluetooth-STM32 1.7.0
2026-01-22 15:50:59,985 [INFO] ThirdParty:1030 - CMSIS Pack Vendor :Infineon AIROC-Wi-Fi-Bluetooth-STM32 1.7.1
2026-01-22 15:50:59,985 [INFO] ThirdParty:1030 - CMSIS Pack Vendor :STMicroelectronics PDM2PCM 3.3.0
2026-01-22 15:50:59,985 [INFO] ThirdParty:1030 - CMSIS Pack Vendor :STMicroelectronics X-CUBE-AZRTOS-H7 3.4.0
2026-01-22 15:50:59,985 [INFO] ThirdParty:1030 - CMSIS Pack Vendor :STMicroelectronics X-CUBE-DISPLAY 3.0.0
2026-01-22 15:50:59,985 [INFO] ThirdParty:1030 - CMSIS Pack Vendor :STMicroelectronics X-CUBE-BLE1 7.0.0
2026-01-22 15:50:59,985 [INFO] ThirdParty:1030 - CMSIS Pack Vendor :STMicroelectronics X-CUBE-NFC10 1.0.0
2026-01-22 15:50:59,985 [INFO] ThirdParty:1030 - CMSIS Pack Vendor :STMicroelectronics X-CUBE-BLEMGR 4.0.0
2026-01-22 15:50:59,985 [INFO] ThirdParty:1030 - CMSIS Pack Vendor :STMicroelectronics X-CUBE-FREERTOS 1.3.1
2026-01-22 15:50:59,985 [INFO] ThirdParty:1030 - CMSIS Pack Vendor :STMicroelectronics HAL Drivers 0.0.0
2026-01-22 15:50:59,985 [INFO] ThirdParty:1030 - CMSIS Pack Vendor :STMicroelectronics X-CUBE-ST60 1.1.0
2026-01-22 15:50:59,985 [INFO] ThirdParty:1030 - CMSIS Pack Vendor :emotas I-CUBE-CANOPEN 1.3.0
2026-01-22 15:50:59,985 [INFO] ThirdParty:1030 - CMSIS Pack Vendor :STMicroelectronics X-CUBE-FREERTOS 1.3.0
2026-01-22 15:50:59,985 [INFO] ThirdParty:1030 - CMSIS Pack Vendor :STMicroelectronics X-CUBE-NFC7 1.0.1
2026-01-22 15:50:59,985 [INFO] ThirdParty:1030 - CMSIS Pack Vendor :STMicroelectronics MBEDTLS 2.14.1
2026-01-22 15:50:59,985 [INFO] ThirdParty:1030 - CMSIS Pack Vendor :STMicroelectronics X-CUBE-GNSS1 7.1.0
2026-01-22 15:50:59,985 [INFO] ThirdParty:1030 - CMSIS Pack Vendor :STMicroelectronics X-CUBE-TOUCHGFX 4.22.1
2026-01-22 15:50:59,985 [INFO] ThirdParty:1030 - CMSIS Pack Vendor :STMicroelectronics X-CUBE-TOUCHGFX 4.26.0
2026-01-22 15:50:59,985 [INFO] ThirdParty:1030 - CMSIS Pack Vendor :STMicroelectronics X-CUBE-NFC6 3.0.0
2026-01-22 15:50:59,985 [INFO] ThirdParty:1030 - CMSIS Pack Vendor :quantropi X-CUBE-qispace-sdk-base 2.0.0
2026-01-22 15:50:59,986 [INFO] ThirdParty:1030 - CMSIS Pack Vendor :STMicroelectronics FP-SNS-STBOX1 2.1.0
2026-01-22 15:50:59,986 [INFO] ThirdParty:1030 - CMSIS Pack Vendor :STMicroelectronics FP-SNS-STAIOTCFT 1.0.0
2026-01-22 15:50:59,986 [INFO] ThirdParty:1030 - CMSIS Pack Vendor :STMicroelectronics FP-SNS-SMARTAG2 1.2.0
2026-01-22 15:50:59,986 [INFO] ThirdParty:1030 - CMSIS Pack Vendor :STMicroelectronics FP-SNS-FLIGHT1 5.1.0
2026-01-22 15:50:59,986 [INFO] ThirdParty:1030 - CMSIS Pack Vendor :STMicroelectronics X-CUBE-AZRTOS-WL 2.0.0
2026-01-22 15:50:59,986 [INFO] ThirdParty:1030 - CMSIS Pack Vendor :STMicroelectronics X-CUBE-DPower 1.3.0
2026-01-22 15:50:59,986 [INFO] ThirdParty:1030 - CMSIS Pack Vendor :STMicroelectronics FP-SNS-MOTENV1 5.0.0
2026-01-22 15:50:59,986 [INFO] ThirdParty:1030 - CMSIS Pack Vendor :STMicroelectronics USB_DEVICE 1.0.0
2026-01-22 15:50:59,986 [INFO] ThirdParty:1030 - CMSIS Pack Vendor :STMicroelectronics X-CUBE-AZRTOS-H7RS 1.2.0
2026-01-22 15:50:59,986 [INFO] ThirdParty:1030 - CMSIS Pack Vendor :STMicroelectronics X-CUBE-AI 8.1.0
2026-01-22 15:50:59,986 [INFO] ThirdParty:1030 - CMSIS Pack Vendor :wolfSSL I-CUBE-wolfMQTT 1.19.0
2026-01-22 15:50:59,986 [INFO] ThirdParty:1030 - CMSIS Pack Vendor :STMicroelectronics X-CUBE-AZRTOS-L4 2.0.0
2026-01-22 15:50:59,986 [INFO] ThirdParty:1030 - CMSIS Pack Vendor :STMicroelectronics ThreadX 0.0.2
2026-01-22 15:50:59,986 [INFO] ThirdParty:1030 - CMSIS Pack Vendor :WES I-CUBE-Cesium 1.3.0
2026-01-22 15:50:59,986 [INFO] ThirdParty:1030 - CMSIS Pack Vendor :STMicroelectronics lwIP 2.1.2
2026-01-22 15:50:59,986 [INFO] ThirdParty:1030 - CMSIS Pack Vendor :STMicroelectronics X-CUBE-SFXS2LP1 4.0.0
2026-01-22 15:50:59,986 [INFO] ThirdParty:1030 - CMSIS Pack Vendor :STMicroelectronics X-CUBE-BLE2 3.3.0
2026-01-22 15:50:59,986 [INFO] ThirdParty:1030 - CMSIS Pack Vendor :Avnet-IOTCONNECT X-CUBE-iotc-st67-sdk 1.0.0
2026-01-22 15:50:59,986 [INFO] ThirdParty:1030 - CMSIS Pack Vendor :STMicroelectronics PDM2PCM 3.2.0
2026-01-22 15:50:59,986 [INFO] ThirdParty:1030 - CMSIS Pack Vendor :STMicroelectronics X-CUBE-ST67W61 1.2.0
2026-01-22 15:50:59,986 [INFO] ThirdParty:1030 - CMSIS Pack Vendor :STMicroelectronics X-CUBE-AZRTOS-H7 3.3.0
2026-01-22 15:50:59,986 [INFO] ThirdParty:1030 - CMSIS Pack Vendor :STMicroelectronics X-CUBE-NFC9 1.0.0
2026-01-22 15:50:59,986 [INFO] ThirdParty:1030 - CMSIS Pack Vendor :wolfSSL I-CUBE-wolfSSL 5.8.0
2026-01-22 15:50:59,986 [INFO] ThirdParty:1030 - CMSIS Pack Vendor :wolfSSL I-CUBE-wolfSSL 5.8.2
2026-01-22 15:50:59,987 [INFO] ThirdParty:1030 - CMSIS Pack Vendor :STMicroelectronics X-CUBE-BLE1 7.1.0
2026-01-22 15:50:59,987 [INFO] ThirdParty:1030 - CMSIS Pack Vendor :wolfSSL I-CUBE-wolfMQTT 1.19.2
2026-01-22 15:50:59,987 [INFO] ThirdParty:1030 - CMSIS Pack Vendor :STMicroelectronics USB_DEVICE 3.0.0
2026-01-22 15:50:59,987 [INFO] ThirdParty:1030 - CMSIS Pack Vendor :STMicroelectronics X-CUBE-TCPP 4.1.0
2026-01-22 15:50:59,987 [INFO] ThirdParty:1030 - CMSIS Pack Vendor :STMicroelectronics X-CUBE-FREERTOS 1.4.0
2026-01-22 15:50:59,987 [INFO] ThirdParty:1030 - CMSIS Pack Vendor :STMicroelectronics X-CUBE-EEPRMA1 5.2.0
2026-01-22 15:50:59,987 [INFO] ThirdParty:1030 - CMSIS Pack Vendor :STMicroelectronics X-CUBE-BLEMGR 4.1.0
2026-01-22 15:50:59,987 [INFO] ThirdParty:1030 - CMSIS Pack Vendor :STMicroelectronics X-CUBE-IPS 3.0.0
2026-01-22 15:50:59,987 [INFO] ThirdParty:1030 - CMSIS Pack Vendor :STMicroelectronics X-CUBE-AZRTOS-WB 2.0.0
2026-01-22 15:50:59,987 [INFO] ThirdParty:1030 - CMSIS Pack Vendor :STMicroelectronics X-CUBE-GNSS1 7.0.0
2026-01-22 15:50:59,987 [INFO] ThirdParty:1030 - CMSIS Pack Vendor :STMicroelectronics X-CUBE-GNSS1 7.0.1
2026-01-22 15:50:59,987 [INFO] ThirdParty:1030 - CMSIS Pack Vendor :STMicroelectronics X-CUBE-TOUCHGFX 4.25.0
2026-01-22 15:50:59,987 [INFO] ThirdParty:1030 - CMSIS Pack Vendor :STMicroelectronics X-CUBE-ST67W61 1.1.0
2026-01-22 15:50:59,987 [INFO] ThirdParty:1030 - CMSIS Pack Vendor :STMicroelectronics X-CUBE-AI 10.1.0
2026-01-22 15:50:59,987 [INFO] ThirdParty:1030 - CMSIS Pack Vendor :STMicroelectronics FP-SNS-STBOX1 2.0.0
2026-01-22 15:50:59,987 [INFO] ThirdParty:1030 - CMSIS Pack Vendor :quantropi X-CUBE-qispace-sdk-base 2.1.0
2026-01-22 15:50:59,987 [INFO] ThirdParty:1030 - CMSIS Pack Vendor :STMicroelectronics X-CUBE-MEMS1 12.0.0
2026-01-22 15:50:59,987 [INFO] ThirdParty:1030 - CMSIS Pack Vendor :STMicroelectronics X-CUBE-ALGOBUILD 1.3.0
2026-01-22 15:50:59,987 [INFO] ThirdParty:1030 - CMSIS Pack Vendor :STMicroelectronics X-CUBE-STSE01 2.0.0
2026-01-22 15:50:59,987 [INFO] ThirdParty:1030 - CMSIS Pack Vendor :STMicroelectronics X-CUBE-AZRTOS-G0 1.1.0
2026-01-22 15:50:59,987 [INFO] ThirdParty:1030 - CMSIS Pack Vendor :STMicroelectronics X-CUBE-SAFEA1 1.2.2
2026-01-22 15:50:59,987 [INFO] ThirdParty:1030 - CMSIS Pack Vendor :STMicroelectronics X-CUBE-NFC4 3.0.0
2026-01-22 15:50:59,987 [INFO] ThirdParty:1030 - CMSIS Pack Vendor :STMicroelectronics X-CUBE-SUBG2 5.0.0
2026-01-22 15:50:59,987 [INFO] ThirdParty:1030 - CMSIS Pack Vendor :STMicroelectronics X-CUBE-AZRTOS-H7RS 1.1.0
2026-01-22 15:50:59,987 [INFO] ThirdParty:1030 - CMSIS Pack Vendor :STMicroelectronics STM32_WPAN 1.0.0
2026-01-22 15:50:59,987 [INFO] ThirdParty:1030 - CMSIS Pack Vendor :EmbeddedOffice I-CUBE-FS-RTOS 1.0.1
2026-01-22 15:50:59,987 [INFO] ThirdParty:1030 - CMSIS Pack Vendor :STMicroelectronics lwIP 2.0.3
2026-01-22 15:50:59,987 [INFO] ThirdParty:1030 - CMSIS Pack Vendor :Cesanta I-CUBE-Mongoose 7.13.0
2026-01-22 15:50:59,987 [INFO] ThirdParty:1030 - CMSIS Pack Vendor :STMicroelectronics USB_HOST 1.0.0
2026-01-22 15:50:59,987 [INFO] ThirdParty:1030 - CMSIS Pack Vendor :STMicroelectronics X-CUBE-AZRTOS-G4 2.0.0
2026-01-22 15:50:59,987 [INFO] ThirdParty:1030 - CMSIS Pack Vendor :STMicroelectronics X-CUBE-WB05N 2.0.0
2026-01-22 15:50:59,987 [INFO] ThirdParty:1030 - CMSIS Pack Vendor :STMicroelectronics PDM2PCM 3.1.0
2026-01-22 15:50:59,987 [INFO] ThirdParty:1030 - CMSIS Pack Vendor :Infineon AIROC-Wi-Fi-Bluetooth-STM32 1.5.1
2026-01-22 15:50:59,987 [INFO] ThirdParty:1030 - CMSIS Pack Vendor :STMicroelectronics X-CUBE-BLEMGR 3.0.0
2026-01-22 15:50:59,987 [INFO] ThirdParty:1030 - CMSIS Pack Vendor :wolfSSL I-CUBE-wolfTPM 3.8.0
2026-01-22 15:50:59,987 [INFO] ThirdParty:1030 - CMSIS Pack Vendor :wolfSSL I-CUBE-wolfSSH 1.4.20
2026-01-22 15:50:59,988 [INFO] ThirdParty:1030 - CMSIS Pack Vendor :STMicroelectronics X-CUBE-NFC7 2.0.0
2026-01-22 15:50:59,988 [INFO] ThirdParty:1030 - CMSIS Pack Vendor :STMicroelectronics X-CUBE-TCPP 4.2.0
2026-01-22 15:50:59,988 [INFO] ThirdParty:1030 - CMSIS Pack Vendor :RealThread X-CUBE-RT-Thread_Nano 4.1.1
2026-01-22 15:50:59,988 [INFO] ThirdParty:1030 - CMSIS Pack Vendor :STMicroelectronics FP-SNS-MOTENVWB1 1.3.1
2026-01-22 15:50:59,988 [INFO] ThirdParty:1030 - CMSIS Pack Vendor :STMicroelectronics FP-ATR-SIGFOX1 3.2.0
2026-01-22 15:50:59,988 [INFO] ThirdParty:1030 - CMSIS Pack Vendor :quantropi X-CUBE-qispace-sdk-base 1.9.3
2026-01-22 15:50:59,988 [INFO] ThirdParty:1030 - CMSIS Pack Vendor :STMicroelectronics X-CUBE-ISPU 2.0.0
2026-01-22 15:50:59,988 [INFO] ThirdParty:1030 - CMSIS Pack Vendor :STMicroelectronics X-CUBE-EEPRMA1 5.1.0
2026-01-22 15:50:59,988 [INFO] ThirdParty:1030 - CMSIS Pack Vendor :STMicroelectronics MBEDTLS 2.16.2
2026-01-22 15:50:59,988 [INFO] ThirdParty:1030 - CMSIS Pack Vendor :STMicroelectronics X-CUBE-IPS 3.1.0
2026-01-22 15:50:59,988 [INFO] ThirdParty:1030 - CMSIS Pack Vendor :STMicroelectronics X-CUBE-ALS 1.0.2
2026-01-22 15:50:59,988 [INFO] ThirdParty:1030 - CMSIS Pack Vendor :STMicroelectronics X-CUBE-MEMS1 10.0.0
2026-01-22 15:50:59,988 [INFO] ThirdParty:1030 - CMSIS Pack Vendor :STMicroelectronics X-CUBE-FREERTOS 1.1.0
2026-01-22 15:50:59,988 [INFO] ThirdParty:1030 - CMSIS Pack Vendor :ITTIA_DB I-CUBE-ITTIADB 8.9.0
2026-01-22 15:50:59,988 [INFO] ThirdParty:1030 - CMSIS Pack Vendor :STMicroelectronics X-CUBE-TOUCHGFX 4.24.1
2026-01-22 15:50:59,988 [INFO] ThirdParty:1030 - CMSIS Pack Vendor :STMicroelectronics X-CUBE-STSE01 1.0.0
2026-01-22 15:50:59,988 [INFO] ThirdParty:1030 - CMSIS Pack Vendor :wolfSSL I-CUBE-wolfTPM 3.4.0
2026-01-22 15:50:59,988 [INFO] ThirdParty:1030 - CMSIS Pack Vendor :portGmbH I-Cube-SoM-uGOAL 1.1.0
2026-01-22 15:50:59,988 [INFO] ThirdParty:1030 - CMSIS Pack Vendor :STMicroelectronics X-CUBE-ALS 1.0.1
2026-01-22 15:50:59,988 [INFO] ThirdParty:1030 - CMSIS Pack Vendor :STMicroelectronics X-CUBE-NFC6 3.2.0
2026-01-22 15:50:59,988 [INFO] ThirdParty:1030 - CMSIS Pack Vendor :STMicroelectronics X-CUBE-ST67W61 1.0.0
2026-01-22 15:50:59,988 [INFO] ThirdParty:1030 - CMSIS Pack Vendor :STMicroelectronics X-CUBE-AI 10.2.0
2026-01-22 15:50:59,988 [INFO] ThirdParty:1030 - CMSIS Pack Vendor :STMicroelectronics ThreadX 1.0.0
2026-01-22 15:50:59,988 [INFO] ThirdParty:1030 - CMSIS Pack Vendor :SEGGER I-CUBE-embOS 1.3.1
2026-01-22 15:50:59,988 [INFO] ThirdParty:1030 - CMSIS Pack Vendor :STMicroelectronics X-CUBE-ALGOBUILD 1.4.0
2026-01-22 15:50:59,988 [INFO] ThirdParty:1030 - CMSIS Pack Vendor :STMicroelectronics X-CUBE-MEMS1 11.3.0
2026-01-22 15:50:59,988 [INFO] ThirdParty:1030 - CMSIS Pack Vendor :STMicroelectronics X-CUBE-AZRTOS-H7RS 1.0.0
2026-01-22 15:50:59,988 [INFO] ThirdParty:1030 - CMSIS Pack Vendor :STMicroelectronics FP-ATR-ASTRA1 2.0.0
2026-01-22 15:50:59,988 [INFO] ThirdParty:1030 - CMSIS Pack Vendor :STMicroelectronics X-CUBE-TOF1 3.4.2
2026-01-22 15:50:59,988 [INFO] ThirdParty:1030 - CMSIS Pack Vendor :STMicroelectronics X-CUBE-TOF1 3.4.3
2026-01-22 15:50:59,988 [INFO] ThirdParty:1030 - CMSIS Pack Vendor :STMicroelectronics X-CUBE-AI 9.1.0
2026-01-22 15:50:59,988 [INFO] ThirdParty:1030 - CMSIS Pack Vendor :STMicroelectronics X-CUBE-TOF1 3.4.0
2026-01-22 15:50:59,989 [INFO] ThirdParty:1030 - CMSIS Pack Vendor :STMicroelectronics X-CUBE-AZRTOS-H7 3.2.0
2026-01-22 15:50:59,989 [INFO] ThirdParty:1030 - CMSIS Pack Vendor :wolfSSL I-CUBE-wolfSSH 1.4.17
2026-01-22 15:50:59,989 [INFO] ThirdParty:841 - exiting critical section [change project]
2026-01-22 15:51:00,225 [INFO] PinOutPanel:1589 - setPackage(No Configuration,No Configuration)
2026-01-22 15:51:00,226 [INFO] PinOutPanel:1589 - setPackage(STM32F103C8Tx,LQFP48)
2026-01-22 15:51:00,562 [INFO] UtilMem:75 - Before build in PCC Used Memory: 304757736 Bytes (481296384)
2026-01-22 15:51:01,303 [INFO] UtilMem:75 - After build in PCC Used Memory: 460568664 Bytes (481296384)
2026-01-22 15:51:01,330 [INFO] IPUIPlugin:80 - create IPUIPlugin
2026-01-22 15:51:01,331 [INFO] IPUIPlugin:80 - create IPUIPlugin
2026-01-22 15:51:01,331 [INFO] IPUIPlugin:80 - create IPUIPlugin
2026-01-22 15:51:01,331 [INFO] IPUIPlugin:80 - create IPUIPlugin
2026-01-22 15:51:01,331 [INFO] IPUIPlugin:80 - create IPUIPlugin
2026-01-22 15:51:01,331 [INFO] IPUIPlugin:80 - create IPUIPlugin
2026-01-22 15:51:01,331 [INFO] IPUIPlugin:80 - create IPUIPlugin
2026-01-22 15:51:01,331 [INFO] IPUIPlugin:80 - create IPUIPlugin
2026-01-22 15:51:01,331 [INFO] IPUIPlugin:80 - create IPUIPlugin
2026-01-22 15:51:01,331 [INFO] IPUIPlugin:80 - create IPUIPlugin
2026-01-22 15:51:01,331 [INFO] IPUIPlugin:80 - create IPUIPlugin
2026-01-22 15:51:01,332 [INFO] IPUIPlugin:80 - create IPUIPlugin
2026-01-22 15:51:01,332 [INFO] IPUIPlugin:80 - create IPUIPlugin
2026-01-22 15:51:01,332 [INFO] IPUIPlugin:80 - create IPUIPlugin
2026-01-22 15:51:01,332 [INFO] IPUIPlugin:80 - create IPUIPlugin
2026-01-22 15:51:01,332 [INFO] IPUIPlugin:80 - create IPUIPlugin
2026-01-22 15:51:01,332 [INFO] IPUIPlugin:80 - create IPUIPlugin
2026-01-22 15:51:01,332 [INFO] IPUIPlugin:80 - create IPUIPlugin
2026-01-22 15:51:01,333 [INFO] IPUIPlugin:80 - create IPUIPlugin
2026-01-22 15:51:01,333 [INFO] IPUIPlugin:80 - create IPUIPlugin
2026-01-22 15:51:01,333 [INFO] IPUIPlugin:80 - create IPUIPlugin
2026-01-22 15:51:01,333 [INFO] IPUIPlugin:80 - create IPUIPlugin
2026-01-22 15:51:01,333 [INFO] IPUIPlugin:80 - create IPUIPlugin
2026-01-22 15:51:01,333 [INFO] IPUIPlugin:80 - create IPUIPlugin
2026-01-22 15:51:01,333 [INFO] IPUIPlugin:80 - create IPUIPlugin
2026-01-22 15:51:01,333 [INFO] IPUIPlugin:80 - create IPUIPlugin
2026-01-22 15:51:01,334 [INFO] IPUIPlugin:80 - create IPUIPlugin
2026-01-22 15:51:01,354 [WARN] IP:2250 - I2C_Coeff_DF not found: check if there is a RefParameter without a condition.
2026-01-22 15:51:01,355 [WARN] IP:2250 - Analog_Filter not found: check if there is a RefParameter without a condition.
2026-01-22 15:51:01,583 [INFO] CADModel:165 - CPN selected for project levelSTM32F103C8T6
2026-01-22 15:51:01,583 [INFO] CADModel:114 - Register for checkConnection events
2026-01-22 15:51:01,662 [INFO] OpenFileManager:386 - Restore cursor
2026-01-22 15:51:01,856 [WARN] IP:2250 - I2C_Coeff_DF not found: check if there is a RefParameter without a condition.
2026-01-22 15:51:01,856 [WARN] IP:2250 - Analog_Filter not found: check if there is a RefParameter without a condition.
2026-01-22 15:51:01,857 [WARN] IP:2250 - I2C_Coeff_DF not found: check if there is a RefParameter without a condition.
2026-01-22 15:51:01,857 [WARN] IP:2250 - Analog_Filter not found: check if there is a RefParameter without a condition.
2026-01-22 15:52:38,049 [ERROR] LogOutputStream:75 - [STDERR_REDIRECT] 
2026-01-22 15:52:59,794 [INFO] Activator:176 - 


2026-01-22 15:52:59,795 [INFO] Activator:177 - !SESSION log4j initialized
2026-01-22 15:53:04,421 [INFO] LogOutputStream:77 - [STDOUT_REDIRECT] 
2026-01-22 15:53:09,848 [INFO] ApplicationProperties:184 - Using Application install path: C:\Users\MSI GF63\STM32CubeIDE_1.14.0\STM32CubeIDE\plugins\com.st.stm32cube.common.mx_6.15.0.202507011659
2026-01-22 15:53:09,867 [INFO] DbMcusXml:78 - Set database path to: C:\Users\MSI GF63\STM32CubeIDE_1.14.0\STM32CubeIDE\plugins\com.st.stm32cube.common.mx_6.15.0.202507011659\\db\/mcu/
2026-01-22 15:53:09,867 [INFO] ApiDb:274 - Set plugin database path to: C:\Users\MSI GF63\STM32CubeIDE_1.14.0\STM32CubeIDE\plugins\com.st.stm32cube.common.mx_6.15.0.202507011659\\db\/plugins/boardmanager/
2026-01-22 15:53:09,867 [WARN] ApiDb:259 - Overriding images path with different value:  => C:\Users\MSI GF63\STM32CubeIDE_1.14.0\STM32CubeIDE\plugins\com.st.stm32cube.common.mx_6.15.0.202507011659\\db\/plugins/mcufinder/images/
2026-01-22 15:53:09,874 [INFO] ApiDb:250 - Set database path to: C:\Users\MSI GF63\.stmcufinder\plugins\mcufinder//mcu/
2026-01-22 15:53:09,875 [INFO] DbMcusAds:125 - Set database path to: C:\Users\MSI GF63\.stmcufinder\plugins\mcufinder//mcu/
2026-01-22 15:53:09,878 [INFO] CrossReferenceDbSqlite:203 - Set database path to: C:\Users\MSI GF63\.stmcufinder\plugins\mcufinder//mcu/cs/
2026-01-22 15:53:09,989 [INFO] RulesReader:64 - Compatibility file has been processed (317 Rules)
2026-01-22 15:53:10,065 [INFO] DbMcusXml:78 - Set database path to: C:\Users\MSI GF63\STM32CubeIDE_1.14.0\STM32CubeIDE\plugins\com.st.stm32cube.common.mx_6.15.0.202507011659\\db\/mcu/
2026-01-22 15:53:10,065 [INFO] ApiDb:274 - Set plugin database path to: C:\Users\MSI GF63\STM32CubeIDE_1.14.0\STM32CubeIDE\plugins\com.st.stm32cube.common.mx_6.15.0.202507011659\\db\/plugins/boardmanager/
2026-01-22 15:53:10,065 [INFO] ApiDb:261 - Set plugin images path to: C:\Users\MSI GF63\STM32CubeIDE_1.14.0\STM32CubeIDE\plugins\com.st.stm32cube.common.mx_6.15.0.202507011659\\db\/plugins/mcufinder/images/
2026-01-22 15:53:10,065 [WARN] DbFile:41 - Overriding database path with different value: C:\Users\MSI GF63\.stmcufinder\plugins\mcufinder/ => C:\Users\MSI GF63\.stmcufinder\plugins\mcufinder
2026-01-22 15:53:10,066 [INFO] ApiDb:250 - Set database path to: C:\Users\MSI GF63\.stmcufinder\plugins\mcufinder//mcu/
2026-01-22 15:53:10,066 [WARN] DbFile:41 - Overriding database path with different value: C:\Users\MSI GF63\.stmcufinder\plugins\mcufinder/ => C:\Users\MSI GF63\.stmcufinder\plugins\mcufinder
2026-01-22 15:53:10,066 [INFO] DbMcusAds:125 - Set database path to: C:\Users\MSI GF63\.stmcufinder\plugins\mcufinder//mcu/
2026-01-22 15:53:10,066 [WARN] DbFile:41 - Overriding database path with different value: C:\Users\MSI GF63\.stmcufinder\plugins\mcufinder/ => C:\Users\MSI GF63\.stmcufinder\plugins\mcufinder
2026-01-22 15:53:10,066 [WARN] DbFile:41 - Overriding database path with different value: C:\Users\MSI GF63\.stmcufinder\plugins\mcufinder/ => C:\Users\MSI GF63\.stmcufinder\plugins\mcufinder
2026-01-22 15:53:10,066 [INFO] CrossReferenceDbSqlite:203 - Set database path to: C:\Users\MSI GF63\.stmcufinder\plugins\mcufinder//mcu/cs/
2026-01-22 15:53:10,138 [INFO] MainPanel:274 - HeapMemory: 268435456
2026-01-22 15:53:10,229 [INFO] DbMcusXml:78 - Set database path to: C:\Users\MSI GF63\STM32CubeIDE_1.14.0\STM32CubeIDE\plugins\com.st.stm32cube.common.mx_6.15.0.202507011659\\db\/mcu/
2026-01-22 15:53:10,229 [INFO] ApiDb:274 - Set plugin database path to: C:\Users\MSI GF63\STM32CubeIDE_1.14.0\STM32CubeIDE\plugins\com.st.stm32cube.common.mx_6.15.0.202507011659\\db\/plugins/boardmanager/
2026-01-22 15:53:10,229 [INFO] ApiDb:261 - Set plugin images path to: C:\Users\MSI GF63\STM32CubeIDE_1.14.0\STM32CubeIDE\plugins\com.st.stm32cube.common.mx_6.15.0.202507011659\\db\/plugins/mcufinder/images/
2026-01-22 15:53:10,229 [WARN] DbFile:41 - Overriding database path with different value: C:\Users\MSI GF63\.stmcufinder\plugins\mcufinder/ => C:\Users\MSI GF63\.stmcufinder\plugins\mcufinder
2026-01-22 15:53:10,229 [INFO] ApiDb:250 - Set database path to: C:\Users\MSI GF63\.stmcufinder\plugins\mcufinder//mcu/
2026-01-22 15:53:10,229 [WARN] DbFile:41 - Overriding database path with different value: C:\Users\MSI GF63\.stmcufinder\plugins\mcufinder/ => C:\Users\MSI GF63\.stmcufinder\plugins\mcufinder
2026-01-22 15:53:10,229 [INFO] DbMcusAds:125 - Set database path to: C:\Users\MSI GF63\.stmcufinder\plugins\mcufinder//mcu/
2026-01-22 15:53:10,229 [WARN] DbFile:41 - Overriding database path with different value: C:\Users\MSI GF63\.stmcufinder\plugins\mcufinder/ => C:\Users\MSI GF63\.stmcufinder\plugins\mcufinder
2026-01-22 15:53:10,230 [WARN] DbFile:41 - Overriding database path with different value: C:\Users\MSI GF63\.stmcufinder\plugins\mcufinder/ => C:\Users\MSI GF63\.stmcufinder\plugins\mcufinder
2026-01-22 15:53:10,230 [INFO] CrossReferenceDbSqlite:203 - Set database path to: C:\Users\MSI GF63\.stmcufinder\plugins\mcufinder//mcu/cs/
2026-01-22 15:53:10,242 [INFO] ApplicationProperties:184 - Using Application install path: C:\Users\MSI GF63\STM32CubeIDE_1.14.0\STM32CubeIDE\plugins\com.st.stm32cube.common.mx_6.15.0.202507011659
2026-01-22 15:53:10,243 [INFO] PluginManage:196 - Search for loadable plugins [exclusion list=, ]
2026-01-22 15:53:10,244 [INFO] PluginManage:310 - Check plugin analytics
2026-01-22 15:53:10,367 [INFO] AnalyticsPlugin:253 - Accepted Software Licenses: STM32CubeMX.6.13.0
2026-01-22 15:53:10,367 [INFO] AnalyticsPlugin:255 - Accepted CMSIS Pack Licenses: 
2026-01-22 15:53:10,367 [INFO] AnalyticsPlugin:257 - Accepted Firmware Licenses: FW.F4.1.28.0
2026-01-22 15:53:10,370 [INFO] PluginManage:359 - Loaded plugin analytics (category:tool,tabindex:-1)
2026-01-22 15:53:10,371 [INFO] PluginManage:310 - Check plugin cadmodel
2026-01-22 15:53:10,375 [INFO] CADModel:105 - Init CAD model plugin
2026-01-22 15:53:10,375 [INFO] PluginManage:359 - Loaded plugin cadmodel (category:power,tabindex:5)
2026-01-22 15:53:10,375 [INFO] PluginManage:310 - Check plugin clock
2026-01-22 15:53:10,385 [INFO] PluginManage:359 - Loaded plugin clock (category:base,tabindex:2)
2026-01-22 15:53:10,385 [INFO] PluginManage:310 - Check plugin ddr
2026-01-22 15:53:10,388 [INFO] PluginManage:359 - Loaded plugin ddr (category:tool,tabindex:6)
2026-01-22 15:53:10,388 [INFO] PluginManage:310 - Check plugin filemanager
2026-01-22 15:53:10,511 [INFO] PluginManage:359 - Loaded plugin filemanager (category:base,tabindex:10)
2026-01-22 15:53:10,512 [INFO] PluginManage:310 - Check plugin ipmanager
2026-01-22 15:53:10,517 [INFO] PluginManage:359 - Loaded plugin ipmanager (category:base,tabindex:5)
2026-01-22 15:53:10,517 [INFO] PluginManage:310 - Check plugin lpbam
2026-01-22 15:53:10,524 [INFO] PluginManage:359 - Loaded plugin lpbam (category:base,tabindex:0)
2026-01-22 15:53:10,524 [INFO] PluginManage:310 - Check plugin memorymap
2026-01-22 15:53:10,545 [INFO] PluginManage:359 - Loaded plugin memorymap (category:base,tabindex:4)
2026-01-22 15:53:10,546 [INFO] PluginManage:310 - Check plugin pinoutandconfiguration
2026-01-22 15:53:10,551 [INFO] PluginManage:359 - Loaded plugin pinoutandconfiguration (category:base,tabindex:1)
2026-01-22 15:53:10,551 [INFO] PluginManage:310 - Check plugin pinoutconfig
2026-01-22 15:53:10,613 [WARN] SupportedApi:132 - Cannot load RTOS API schema: s4s-elt-must-match.1: The content of 'definitions' must match (annotation?, (simpleType | complexType)?, (unique | key | keyref)*)). A problem was found starting at: attribute.
2026-01-22 15:53:10,719 [INFO] PluginManage:359 - Loaded plugin pinoutconfig (category:base,tabindex:0)
2026-01-22 15:53:10,719 [INFO] PluginManage:310 - Check plugin power
2026-01-22 15:53:10,726 [INFO] PluginManage:359 - Loaded plugin power (category:power,tabindex:4)
2026-01-22 15:53:10,726 [INFO] PluginManage:310 - Check plugin projectmanager
2026-01-22 15:53:10,740 [INFO] PluginManage:359 - Loaded plugin projectmanager (category:projectmanager,tabindex:4)
2026-01-22 15:53:10,740 [INFO] PluginManage:310 - Check plugin rif
2026-01-22 15:53:10,747 [INFO] PluginManage:359 - Loaded plugin rif (category:base,tabindex:3)
2026-01-22 15:53:10,747 [INFO] PluginManage:310 - Check plugin thirdparty
2026-01-22 15:53:10,838 [INFO] PluginManage:359 - Loaded plugin thirdparty (category:base,tabindex:-1)
2026-01-22 15:53:10,838 [WARN] IntegrityCheckThread:84 - waiting for thirdparty lock release [integrity check]
2026-01-22 15:53:10,838 [INFO] PluginManage:310 - Check plugin tools
2026-01-22 15:53:10,838 [INFO] IntegrityCheckThread:86 - entering critical section [integrity check]
2026-01-22 15:53:10,838 [INFO] ThirdPartyUpdaterWithRetryManager:70 - Updater plugin not ready yet. [1/15]
2026-01-22 15:53:10,840 [INFO] PluginManage:359 - Loaded plugin tools (category:base,tabindex:7)
2026-01-22 15:53:10,840 [INFO] PluginManage:310 - Check plugin tutovideos
2026-01-22 15:53:10,979 [INFO] PluginManage:359 - Loaded plugin tutovideos (category:base,tabindex:-1)
2026-01-22 15:53:10,980 [INFO] PluginManage:310 - Check plugin updater
2026-01-22 15:53:10,995 [INFO] PluginManage:359 - Loaded plugin updater (category:base,tabindex:12)
2026-01-22 15:53:10,995 [INFO] PluginManage:310 - Check plugin userauth
2026-01-22 15:53:10,999 [INFO] UserAuth:118 - Init User Auth plugin
2026-01-22 15:53:10,999 [INFO] PluginManage:359 - Loaded plugin userauth (category:base,tabindex:14)
2026-01-22 15:53:11,000 [INFO] PluginManage:283 - PluginManage : Loaded plugins [18]
2026-01-22 15:53:11,197 [INFO] PinOutPanel:1589 - setPackage(No Configuration,No Configuration)
2026-01-22 15:53:11,288 [INFO] CADModel:165 - CPN selected for project level
2026-01-22 15:53:11,289 [INFO] CADModel:114 - Register for checkConnection events
2026-01-22 15:53:11,304 [INFO] IPUIPlugin:80 - create IPUIPlugin
2026-01-22 15:53:11,304 [INFO] PluginManager:220 - loadIPPluginJar : add adc
2026-01-22 15:53:11,307 [INFO] IPUIPlugin:80 - create IPUIPlugin
2026-01-22 15:53:11,307 [INFO] PluginManager:220 - loadIPPluginJar : add aes
2026-01-22 15:53:11,311 [INFO] IPUIPlugin:80 - create IPUIPlugin
2026-01-22 15:53:11,311 [INFO] PluginManager:220 - loadIPPluginJar : add can
2026-01-22 15:53:11,312 [INFO] IPUIPlugin:80 - create IPUIPlugin
2026-01-22 15:53:11,312 [INFO] PluginManager:220 - loadIPPluginJar : add comp
2026-01-22 15:53:11,315 [INFO] IPUIPlugin:80 - create IPUIPlugin
2026-01-22 15:53:11,315 [INFO] PluginManager:220 - loadIPPluginJar : add cryp
2026-01-22 15:53:11,317 [INFO] IPUIPlugin:80 - create IPUIPlugin
2026-01-22 15:53:11,317 [INFO] PluginManager:220 - loadIPPluginJar : add ddr_ctrl_phy
2026-01-22 15:53:11,319 [INFO] IPUIPlugin:80 - create IPUIPlugin
2026-01-22 15:53:11,319 [INFO] PluginManager:220 - loadIPPluginJar : add dfsdm
2026-01-22 15:53:11,324 [INFO] IPUIPlugin:80 - create IPUIPlugin
2026-01-22 15:53:11,325 [INFO] PluginManager:220 - loadIPPluginJar : add dma
2026-01-22 15:53:11,327 [INFO] IPUIPlugin:80 - create IPUIPlugin
2026-01-22 15:53:11,327 [INFO] PluginManager:220 - loadIPPluginJar : add dma3
2026-01-22 15:53:11,330 [INFO] IPUIPlugin:80 - create IPUIPlugin
2026-01-22 15:53:11,330 [INFO] PluginManager:220 - loadIPPluginJar : add extmemmanager
2026-01-22 15:53:11,332 [INFO] IPUIPlugin:80 - create IPUIPlugin
2026-01-22 15:53:11,332 [INFO] PluginManager:220 - loadIPPluginJar : add fatfs
2026-01-22 15:53:11,336 [INFO] IPUIPlugin:80 - create IPUIPlugin
2026-01-22 15:53:11,336 [INFO] PluginManager:220 - loadIPPluginJar : add fmc
2026-01-22 15:53:11,341 [INFO] IPUIPlugin:80 - create IPUIPlugin
2026-01-22 15:53:11,341 [INFO] PluginManager:220 - loadIPPluginJar : add freertos
2026-01-22 15:53:11,343 [INFO] IPUIPlugin:80 - create IPUIPlugin
2026-01-22 15:53:11,343 [INFO] PluginManager:220 - loadIPPluginJar : add genericplugin
2026-01-22 15:53:11,345 [INFO] IPUIPlugin:80 - create IPUIPlugin
2026-01-22 15:53:11,345 [INFO] PluginManager:220 - loadIPPluginJar : add gfxmmu
2026-01-22 15:53:11,351 [INFO] IPUIPlugin:80 - create IPUIPlugin
2026-01-22 15:53:11,351 [INFO] PluginManager:220 - loadIPPluginJar : add gic
2026-01-22 15:53:11,355 [INFO] IPUIPlugin:80 - create IPUIPlugin
2026-01-22 15:53:11,355 [INFO] PluginManager:220 - loadIPPluginJar : add gpio
2026-01-22 15:53:11,358 [INFO] IPUIPlugin:80 - create IPUIPlugin
2026-01-22 15:53:11,359 [INFO] PluginManager:220 - loadIPPluginJar : add gtzc
2026-01-22 15:53:11,362 [INFO] IPUIPlugin:80 - create IPUIPlugin
2026-01-22 15:53:11,362 [INFO] PluginManager:220 - loadIPPluginJar : add hash
2026-01-22 15:53:11,364 [INFO] IPUIPlugin:80 - create IPUIPlugin
2026-01-22 15:53:11,364 [INFO] PluginManager:220 - loadIPPluginJar : add i2c
2026-01-22 15:53:11,366 [INFO] IPUIPlugin:80 - create IPUIPlugin
2026-01-22 15:53:11,367 [INFO] PluginManager:220 - loadIPPluginJar : add i2s
2026-01-22 15:53:11,369 [INFO] IPUIPlugin:80 - create IPUIPlugin
2026-01-22 15:53:11,369 [INFO] PluginManager:220 - loadIPPluginJar : add i3c
2026-01-22 15:53:11,372 [INFO] IPUIPlugin:80 - create IPUIPlugin
2026-01-22 15:53:11,372 [INFO] PluginManager:220 - loadIPPluginJar : add ipddr
2026-01-22 15:53:11,377 [INFO] IPUIPlugin:80 - create IPUIPlugin
2026-01-22 15:53:11,377 [INFO] PluginManager:220 - loadIPPluginJar : add linkedlist
2026-01-22 15:53:11,379 [INFO] IPUIPlugin:80 - create IPUIPlugin
2026-01-22 15:53:11,379 [INFO] PluginManager:220 - loadIPPluginJar : add lorawan
2026-01-22 15:53:11,381 [INFO] IPUIPlugin:80 - create IPUIPlugin
2026-01-22 15:53:11,381 [INFO] PluginManager:220 - loadIPPluginJar : add ltdc
2026-01-22 15:53:11,387 [INFO] IPUIPlugin:80 - create IPUIPlugin
2026-01-22 15:53:11,387 [INFO] PluginManager:220 - loadIPPluginJar : add mdma
2026-01-22 15:53:11,390 [INFO] IPUIPlugin:80 - create IPUIPlugin
2026-01-22 15:53:11,390 [INFO] PluginManager:220 - loadIPPluginJar : add nvic
2026-01-22 15:53:11,393 [INFO] IPUIPlugin:80 - create IPUIPlugin
2026-01-22 15:53:11,393 [INFO] PluginManager:220 - loadIPPluginJar : add opamp
2026-01-22 15:53:11,395 [INFO] IPUIPlugin:80 - create IPUIPlugin
2026-01-22 15:53:11,396 [INFO] PluginManager:220 - loadIPPluginJar : add openamp
2026-01-22 15:53:11,399 [INFO] IPUIPlugin:80 - create IPUIPlugin
2026-01-22 15:53:11,399 [INFO] PluginManager:220 - loadIPPluginJar : add pdm2pcm
2026-01-22 15:53:11,403 [INFO] IPUIPlugin:80 - create IPUIPlugin
2026-01-22 15:53:11,405 [INFO] PluginManager:220 - loadIPPluginJar : add plateformsettings
2026-01-22 15:53:11,407 [INFO] IPUIPlugin:80 - create IPUIPlugin
2026-01-22 15:53:11,407 [INFO] PluginManager:220 - loadIPPluginJar : add quadspi
2026-01-22 15:53:11,409 [INFO] IPUIPlugin:80 - create IPUIPlugin
2026-01-22 15:53:11,410 [INFO] PluginManager:220 - loadIPPluginJar : add radio
2026-01-22 15:53:11,412 [INFO] IPUIPlugin:80 - create IPUIPlugin
2026-01-22 15:53:11,412 [INFO] PluginManager:220 - loadIPPluginJar : add resmgrutility
2026-01-22 15:53:11,415 [INFO] IPUIPlugin:80 - create IPUIPlugin
2026-01-22 15:53:11,415 [INFO] PluginManager:220 - loadIPPluginJar : add sai
2026-01-22 15:53:11,417 [INFO] IPUIPlugin:80 - create IPUIPlugin
2026-01-22 15:53:11,417 [INFO] PluginManager:220 - loadIPPluginJar : add spi
2026-01-22 15:53:11,423 [INFO] IPUIPlugin:80 - create IPUIPlugin
2026-01-22 15:53:11,423 [INFO] PluginManager:220 - loadIPPluginJar : add stm32_wpan
2026-01-22 15:53:11,424 [INFO] IPUIPlugin:80 - create IPUIPlugin
2026-01-22 15:53:11,424 [INFO] PluginManager:220 - loadIPPluginJar : add tim
2026-01-22 15:53:11,426 [INFO] IPUIPlugin:80 - create IPUIPlugin
2026-01-22 15:53:11,427 [INFO] PluginManager:220 - loadIPPluginJar : add touchsensing
2026-01-22 15:53:11,429 [INFO] IPUIPlugin:80 - create IPUIPlugin
2026-01-22 15:53:11,429 [INFO] PluginManager:220 - loadIPPluginJar : add tracer_emb
2026-01-22 15:53:11,431 [INFO] IPUIPlugin:80 - create IPUIPlugin
2026-01-22 15:53:11,431 [INFO] PluginManager:220 - loadIPPluginJar : add ts
2026-01-22 15:53:11,433 [INFO] IPUIPlugin:80 - create IPUIPlugin
2026-01-22 15:53:11,433 [INFO] PluginManager:220 - loadIPPluginJar : add tsc
2026-01-22 15:53:11,434 [INFO] IPUIPlugin:80 - create IPUIPlugin
2026-01-22 15:53:11,434 [INFO] PluginManager:220 - loadIPPluginJar : add ucpd
2026-01-22 15:53:11,436 [INFO] IPUIPlugin:80 - create IPUIPlugin
2026-01-22 15:53:11,437 [INFO] PluginManager:220 - loadIPPluginJar : add usart
2026-01-22 15:53:11,439 [INFO] IPUIPlugin:80 - create IPUIPlugin
2026-01-22 15:53:11,439 [INFO] PluginManager:220 - loadIPPluginJar : add usbx
2026-01-22 15:53:11,555 [FATAL] Updater:351 - Updater called before beeing initialized
2026-01-22 15:53:11,575 [INFO] RulesReader:64 - Compatibility file has been processed (317 Rules)
2026-01-22 15:53:11,588 [INFO] RulesReader:64 - Compatibility file has been processed (317 Rules)
2026-01-22 15:53:11,608 [INFO] CADModel:165 - CPN selected for project level
2026-01-22 15:53:11,608 [INFO] CADModel:114 - Register for checkConnection events
2026-01-22 15:53:11,608 [FATAL] Updater:351 - Updater called before beeing initialized
2026-01-22 15:53:11,608 [ERROR] CADModel:125 - Updater not yet initialized, retry later 
2026-01-22 15:53:11,738 [FATAL] Updater:351 - Updater called before beeing initialized
2026-01-22 15:53:11,741 [INFO] CADModel:165 - CPN selected for project level
2026-01-22 15:53:11,741 [INFO] CADModel:114 - Register for checkConnection events
2026-01-22 15:53:11,741 [FATAL] Updater:351 - Updater called before beeing initialized
2026-01-22 15:53:11,741 [ERROR] CADModel:125 - Updater not yet initialized, retry later 
2026-01-22 15:53:11,745 [FATAL] Updater:351 - Updater called before beeing initialized
2026-01-22 15:53:11,860 [FATAL] Updater:351 - Updater called before beeing initialized
2026-01-22 15:53:11,864 [INFO] DbMcusAds:53 - JSON generation date=Tue Dec 16 04:41:46 IST 2025 (1765840306612)
2026-01-22 15:53:11,864 [FATAL] Updater:351 - Updater called before beeing initialized
2026-01-22 15:53:11,890 [WARN] DetailPanel:346 - Failed to get advertising image, set to default
2026-01-22 15:53:11,956 [FATAL] Updater:351 - Updater called before beeing initialized
2026-01-22 15:53:11,957 [FATAL] Updater:351 - Updater called before beeing initialized
2026-01-22 15:53:11,957 [FATAL] Updater:351 - Updater called before beeing initialized
2026-01-22 15:53:11,958 [WARN] DetailPanel:346 - Failed to get advertising image, set to default
2026-01-22 15:53:11,958 [FATAL] Updater:351 - Updater called before beeing initialized
2026-01-22 15:53:11,994 [ERROR] Updater:1198 - MainUpdater not yet initialized. External WinMGr cannot be set.
2026-01-22 15:53:11,996 [INFO] Updater:1134 - Updater Version found : 6.15.0
2026-01-22 15:53:12,008 [INFO] ApplicationProperties:184 - Using Application install path: C:\Users\MSI GF63\STM32CubeIDE_1.14.0\STM32CubeIDE\plugins\com.st.stm32cube.common.mx_6.15.0.202507011659
2026-01-22 15:53:12,524 [INFO] MainUpdater:2872 - connection check result : 10
2026-01-22 15:53:12,525 [INFO] MainUpdater:289 - Updater Check For Update Now.
2026-01-22 15:53:12,525 [INFO] MicroXplorer:498 - Change Database Version : DB.6.0.150
2026-01-22 15:53:12,537 [INFO] McuFinderGlobals:63 - Set McuFinder mode to 2 (CubeIDE integrated)
2026-01-22 15:53:12,537 [INFO] UserAuth:487 - Internet connection configuration mode: 1
2026-01-22 15:53:12,558 [INFO] JxBrowserEngine:152 - Initiate JxBrowser Engine with user profile folder
2026-01-22 15:53:12,710 [INFO] CheckServerUpdateThread:120 - End of CheckServer Thread
2026-01-22 15:53:13,241 [INFO] WebApp:169 - Instantiating new browser for Auth
2026-01-22 15:53:13,940 [INFO] WebApp:463 - Apply proxy settings
2026-01-22 15:53:13,940 [INFO] WebApp:548 - Chromium requires no authentication
2026-01-22 15:53:13,953 [INFO] WebApp:491 - Direct internet connection detected
2026-01-22 15:53:13,996 [INFO] WebApp:900 - Register for checkConnection events
2026-01-22 15:53:13,997 [INFO] WebApp:463 - Apply proxy settings
2026-01-22 15:53:13,997 [INFO] WebApp:548 - Chromium requires no authentication
2026-01-22 15:53:13,997 [INFO] WebApp:491 - Direct internet connection detected
2026-01-22 15:53:14,140 [WARN] PackLoader:240 - Cannot read IP mode file for STMicroelectronics.FP-SNS-MOTENVWB1.1.4.0
2026-01-22 15:53:14,148 [WARN] PackLoader:240 - Cannot read IP mode file for STMicroelectronics.FP-ATR-ASTRA1.2.0.2
2026-01-22 15:53:14,151 [WARN] PackLoader:240 - Cannot read IP mode file for STMicroelectronics.FP-ATR-ASTRA1.2.0.1
2026-01-22 15:53:14,158 [WARN] PackLoader:240 - Cannot read IP mode file for STMicroelectronics.X-CUBE-SMBUS.2.1.0
2026-01-22 15:53:14,165 [WARN] PackLoader:240 - Cannot read IP mode file for STMicroelectronics.X-CUBE-WB05N.1.1.0
2026-01-22 15:53:14,171 [WARN] PackLoader:240 - Cannot read IP mode file for STMicroelectronics.X-CUBE-ST60.1.0.0
2026-01-22 15:53:14,177 [WARN] PackLoader:240 - Cannot read IP mode file for STMicroelectronics.X-CUBE-TOUCHGFX.4.23.0
2026-01-22 15:53:14,198 [WARN] PackLoader:240 - Cannot read IP mode file for STMicroelectronics.X-CUBE-AZRTOS-F7.1.1.0
2026-01-22 15:53:14,210 [WARN] PackLoader:240 - Cannot read IP mode file for Cesanta.I-CUBE-Mongoose.7.19.0
2026-01-22 15:53:14,214 [WARN] PackLoader:240 - Cannot read IP mode file for STMicroelectronics.FP-SNS-MOTENV1.4.3.2
2026-01-22 15:53:14,222 [INFO] WebApp:225 - Starting web application
2026-01-22 15:53:14,223 [INFO] WebApp:593 - Web application path used C:\Users\MSI GF63\STM32CubeIDE_1.14.0\STM32CubeIDE\plugins\com.st.stm32cube.common.mx_6.15.0.202507011659\db\plugins\mcufinder\reactClient1\index.html
2026-01-22 15:53:14,260 [WARN] PackLoader:240 - Cannot read IP mode file for STMicroelectronics.X-CUBE-MEMS1.11.0.0
2026-01-22 15:53:14,325 [INFO] UserAuth:487 - Internet connection configuration mode: 1
2026-01-22 15:53:14,380 [WARN] PackLoader:240 - Cannot read IP mode file for STMicroelectronics.FP-SNS-MOTENV1.5.1.0
2026-01-22 15:53:14,393 [WARN] PackLoader:240 - Cannot read IP mode file for WES.I-CUBE-Cesium.1.4.0
2026-01-22 15:53:14,398 [WARN] PackLoader:240 - Cannot read IP mode file for STMicroelectronics.FP-SNS-FLIGHT1.5.0.2
2026-01-22 15:53:14,427 [WARN] PackLoader:240 - Cannot read IP mode file for Infineon.AIROC-Wi-Fi-Bluetooth-STM32.1.7.0
2026-01-22 15:53:14,450 [WARN] PackLoader:240 - Cannot read IP mode file for Infineon.AIROC-Wi-Fi-Bluetooth-STM32.1.7.1
2026-01-22 15:53:14,474 [WARN] PackLoader:240 - Cannot read IP mode file for STMicroelectronics.X-CUBE-AZRTOS-H7.3.4.0
2026-01-22 15:53:14,482 [WARN] PackLoader:240 - Cannot read IP mode file for STMicroelectronics.X-CUBE-DISPLAY.3.0.0
2026-01-22 15:53:14,489 [WARN] PackLoader:240 - Cannot read IP mode file for STMicroelectronics.X-CUBE-BLE1.7.0.0
2026-01-22 15:53:14,495 [WARN] PackLoader:240 - Cannot read IP mode file for STMicroelectronics.X-CUBE-NFC10.1.0.0
2026-01-22 15:53:14,503 [WARN] PackLoader:240 - Cannot read IP mode file for STMicroelectronics.X-CUBE-BLEMGR.4.0.0
2026-01-22 15:53:14,512 [WARN] PackLoader:240 - Cannot read IP mode file for STMicroelectronics.X-CUBE-ST60.1.1.0
2026-01-22 15:53:14,519 [WARN] PackLoader:240 - Cannot read IP mode file for emotas.I-CUBE-CANOPEN.1.3.0
2026-01-22 15:53:14,523 [WARN] PackLoader:240 - Cannot read IP mode file for STMicroelectronics.X-CUBE-GNSS1.7.1.0
2026-01-22 15:53:14,526 [WARN] PackLoader:240 - Cannot read IP mode file for STMicroelectronics.X-CUBE-TOUCHGFX.4.22.1
2026-01-22 15:53:14,529 [WARN] ConditionMgr:438 - getConditionDescription Invalid condition id : Cortex-A Device cause : null
2026-01-22 15:53:14,543 [WARN] ConditionMgr:1044 - genDependencies : Invalid condition id : Cortex-A Device cause : null
2026-01-22 15:53:14,543 [WARN] ConditionMgr:1044 - genDependencies : Invalid condition id : Cortex-A Device cause : null
2026-01-22 15:53:14,544 [WARN] ConditionMgr:1044 - genDependencies : Invalid condition id : Cortex-A Device cause : null
2026-01-22 15:53:14,549 [WARN] PackLoader:240 - Cannot read IP mode file for STMicroelectronics.FP-SNS-STBOX1.2.1.0
2026-01-22 15:53:14,553 [WARN] PackLoader:240 - Cannot read IP mode file for STMicroelectronics.FP-SNS-SMARTAG2.1.2.0
2026-01-22 15:53:14,556 [WARN] PackLoader:240 - Cannot read IP mode file for STMicroelectronics.FP-SNS-FLIGHT1.5.1.0
2026-01-22 15:53:14,561 [INFO] LogOutputStream:77 - [STDOUT_REDIRECT] 1 : Invalid condition id : UX_CORESTACK_Condition cause : null
2026-01-22 15:53:14,563 [INFO] LogOutputStream:77 - [STDOUT_REDIRECT] 1 : Invalid condition id : UX_CORESTACK_Condition cause : null
2026-01-22 15:53:14,564 [INFO] LogOutputStream:77 - [STDOUT_REDIRECT] 1 : Invalid condition id : UX_CORESTACK_Condition cause : null
2026-01-22 15:53:14,564 [INFO] LogOutputStream:77 - [STDOUT_REDIRECT] 1 : Invalid condition id : UX_CORESTACK_Condition cause : null
2026-01-22 15:53:14,565 [INFO] LogOutputStream:77 - [STDOUT_REDIRECT] 1 : Invalid condition id : UX_CORESTACK_Condition cause : null
2026-01-22 15:53:14,567 [WARN] PackLoader:240 - Cannot read IP mode file for STMicroelectronics.X-CUBE-AZRTOS-WL.2.0.0
2026-01-22 15:53:14,570 [WARN] PackLoader:240 - Cannot read IP mode file for STMicroelectronics.FP-SNS-MOTENV1.5.0.0
2026-01-22 15:53:14,584 [WARN] PackLoader:240 - Cannot read IP mode file for STMicroelectronics.X-CUBE-AZRTOS-H7RS.1.2.0
2026-01-22 15:53:14,591 [WARN] PackLoader:240 - Cannot read IP mode file for wolfSSL.I-CUBE-wolfMQTT.1.19.0
2026-01-22 15:53:14,595 [WARN] PackLoader:240 - Cannot read IP mode file for WES.I-CUBE-Cesium.1.3.0
2026-01-22 15:53:14,600 [WARN] PackLoader:240 - Cannot read IP mode file for STMicroelectronics.X-CUBE-BLE2.3.3.0
2026-01-22 15:53:14,617 [WARN] PackLoader:240 - Cannot read IP mode file for STMicroelectronics.X-CUBE-NFC9.1.0.0
2026-01-22 15:53:14,621 [WARN] PackLoader:240 - Cannot read IP mode file for wolfSSL.I-CUBE-wolfSSL.5.8.0
2026-01-22 15:53:14,626 [WARN] PackLoader:240 - Cannot read IP mode file for wolfSSL.I-CUBE-wolfSSL.5.8.2
2026-01-22 15:53:14,630 [WARN] PackLoader:240 - Cannot read IP mode file for STMicroelectronics.X-CUBE-BLE1.7.1.0
2026-01-22 15:53:14,633 [WARN] PackLoader:240 - Cannot read IP mode file for wolfSSL.I-CUBE-wolfMQTT.1.19.2
2026-01-22 15:53:14,639 [WARN] PackLoader:240 - Cannot read IP mode file for STMicroelectronics.X-CUBE-TCPP.4.1.0
2026-01-22 15:53:14,647 [WARN] PackLoader:240 - Cannot read IP mode file for STMicroelectronics.X-CUBE-FREERTOS.1.4.0
2026-01-22 15:53:14,652 [WARN] PackLoader:240 - Cannot read IP mode file for STMicroelectronics.X-CUBE-EEPRMA1.5.2.0
2026-01-22 15:53:14,659 [WARN] PackLoader:240 - Cannot read IP mode file for STMicroelectronics.X-CUBE-ST67W61.1.1.0
2026-01-22 15:53:14,664 [WARN] PackLoader:240 - Cannot read IP mode file for STMicroelectronics.X-CUBE-AI.10.1.0
2026-01-22 15:53:14,697 [WARN] PackLoader:240 - Cannot read IP mode file for STMicroelectronics.X-CUBE-MEMS1.12.0.0
2026-01-22 15:53:14,766 [WARN] PackLoader:240 - Cannot read IP mode file for STMicroelectronics.X-CUBE-ALGOBUILD.1.3.0
2026-01-22 15:53:14,776 [WARN] PackLoader:240 - Cannot read IP mode file for STMicroelectronics.X-CUBE-AZRTOS-G0.1.1.0
2026-01-22 15:53:14,776 [INFO] WebApp:191 - Connection restablished
2026-01-22 15:53:14,784 [WARN] PackLoader:240 - Cannot read IP mode file for STMicroelectronics.X-CUBE-SAFEA1.1.2.2
2026-01-22 15:53:14,788 [WARN] PackLoader:240 - Cannot read IP mode file for STMicroelectronics.X-CUBE-NFC4.3.0.0
2026-01-22 15:53:14,796 [WARN] PackLoader:240 - Cannot read IP mode file for EmbeddedOffice.I-CUBE-FS-RTOS.1.0.1
2026-01-22 15:53:14,802 [WARN] PackLoader:240 - Cannot read IP mode file for STMicroelectronics.X-CUBE-WB05N.2.0.0
2026-01-22 15:53:14,807 [WARN] PackLoader:240 - Cannot read IP mode file for STMicroelectronics.X-CUBE-BLEMGR.3.0.0
2026-01-22 15:53:14,810 [WARN] PackLoader:240 - Cannot read IP mode file for wolfSSL.I-CUBE-wolfTPM.3.8.0
2026-01-22 15:53:14,815 [WARN] PackLoader:240 - Cannot read IP mode file for STMicroelectronics.X-CUBE-TCPP.4.2.0
2026-01-22 15:53:14,819 [WARN] PackLoader:240 - Cannot read IP mode file for RealThread.X-CUBE-RT-Thread_Nano.4.1.1
2026-01-22 15:53:14,822 [WARN] PackLoader:240 - Cannot read IP mode file for STMicroelectronics.FP-ATR-SIGFOX1.3.2.0
2026-01-22 15:53:14,824 [WARN] ConditionMgr:438 - getConditionDescription Invalid condition id : Cortex-A Device cause : null
2026-01-22 15:53:14,831 [WARN] ConditionMgr:1044 - genDependencies : Invalid condition id : Cortex-A Device cause : null
2026-01-22 15:53:14,831 [WARN] ConditionMgr:1044 - genDependencies : Invalid condition id : Cortex-A Device cause : null
2026-01-22 15:53:14,832 [WARN] ConditionMgr:1044 - genDependencies : Invalid condition id : Cortex-A Device cause : null
2026-01-22 15:53:14,836 [WARN] PackLoader:240 - Cannot read IP mode file for STMicroelectronics.X-CUBE-EEPRMA1.5.1.0
2026-01-22 15:53:14,841 [WARN] PackLoader:240 - Cannot read IP mode file for ITTIA_DB.I-CUBE-ITTIADB.8.9.0
2026-01-22 15:53:14,846 [WARN] PackLoader:240 - Cannot read IP mode file for STMicroelectronics.X-CUBE-NFC6.3.2.0
2026-01-22 15:53:14,852 [WARN] PackLoader:240 - Cannot read IP mode file for STMicroelectronics.X-CUBE-ST67W61.1.0.0
2026-01-22 15:53:14,855 [WARN] PackLoader:240 - Cannot read IP mode file for STMicroelectronics.X-CUBE-AI.10.2.0
2026-01-22 15:53:14,869 [WARN] PackLoader:240 - Cannot read IP mode file for SEGGER.I-CUBE-embOS.1.3.1
2026-01-22 15:53:14,891 [WARN] PackLoader:240 - Cannot read IP mode file for STMicroelectronics.X-CUBE-ALGOBUILD.1.4.0
2026-01-22 15:53:14,915 [WARN] PackLoader:240 - Cannot read IP mode file for STMicroelectronics.X-CUBE-MEMS1.11.3.0
2026-01-22 15:53:15,048 [WARN] PackLoader:240 - Cannot read IP mode file for STMicroelectronics.X-CUBE-AI.9.1.0
2026-01-22 15:53:15,051 [WARN] PackLoader:240 - Cannot read IP mode file for STMicroelectronics.X-CUBE-PM33A1.1.0.0
2026-01-22 15:53:15,054 [WARN] PackLoader:240 - Cannot read IP mode file for STMicroelectronics.X-CUBE-GNSS1.6.0.0
2026-01-22 15:53:15,062 [WARN] PackLoader:240 - Cannot read IP mode file for STMicroelectronics.X-CUBE-AZRTOS-F4.1.1.0
2026-01-22 15:53:15,067 [WARN] PackLoader:240 - Cannot read IP mode file for wolfSSL.I-CUBE-wolfSSL.5.6.4
2026-01-22 15:53:15,070 [WARN] PackLoader:240 - Cannot read IP mode file for Avnet-IotConnect.X-CUBE-IoTC-DA16k-PMOD.1.0.0
2026-01-22 15:53:15,074 [WARN] PackLoader:240 - Cannot read IP mode file for STMicroelectronics.X-CUBE-ISPU.2.1.0
2026-01-22 15:53:15,080 [WARN] PackLoader:240 - Cannot read IP mode file for STMicroelectronics.X-CUBE-IPS.3.2.0
2026-01-22 15:53:15,085 [WARN] PackLoader:240 - Cannot read IP mode file for wolfSSL.I-CUBE-wolfSSL.5.6.6
2026-01-22 15:53:15,089 [WARN] PackLoader:240 - Cannot read IP mode file for STMicroelectronics.X-CUBE-NFC12.1.0.0
2026-01-22 15:53:15,099 [WARN] PackLoader:240 - Cannot read IP mode file for STMicroelectronics.X-CUBE-AZRTOS-L5.2.0.0
2026-01-22 15:53:15,104 [WARN] PackLoader:240 - Cannot read IP mode file for STMicroelectronics.X-CUBE-EEPRMA1.4.2.0
2026-01-22 15:53:15,108 [WARN] PackLoader:240 - Cannot read IP mode file for STMicroelectronics.X-CUBE-NFC6.3.1.0
2026-01-22 15:53:15,112 [WARN] PackLoader:240 - Cannot read IP mode file for ITTIA_DB.I-CUBE-ITTIADB.8.8.0
2026-01-22 15:53:15,115 [WARN] PackLoader:240 - Cannot read IP mode file for STMicroelectronics.X-CUBE-DPower.1.2.0
2026-01-22 15:53:15,119 [WARN] PackLoader:240 - Cannot read IP mode file for STMicroelectronics.X-CUBE-FREERTOS.1.3.1
2026-01-22 15:53:15,123 [WARN] PackLoader:240 - Cannot read IP mode file for STMicroelectronics.X-CUBE-FREERTOS.1.3.0
2026-01-22 15:53:15,127 [WARN] PackLoader:240 - Cannot read IP mode file for STMicroelectronics.X-CUBE-NFC7.1.0.1
2026-01-22 15:53:15,132 [WARN] PackLoader:240 - Cannot read IP mode file for STMicroelectronics.X-CUBE-TOUCHGFX.4.26.0
2026-01-22 15:53:15,136 [WARN] PackLoader:240 - Cannot read IP mode file for STMicroelectronics.X-CUBE-NFC6.3.0.0
2026-01-22 15:53:15,142 [WARN] PackLoader:240 - Cannot read IP mode file for STMicroelectronics.FP-SNS-STAIOTCFT.1.0.0
2026-01-22 15:53:15,145 [WARN] PackLoader:240 - Cannot read IP mode file for STMicroelectronics.X-CUBE-DPower.1.3.0
2026-01-22 15:53:15,148 [WARN] PackLoader:240 - Cannot read IP mode file for STMicroelectronics.X-CUBE-AI.8.1.0
2026-01-22 15:53:15,161 [WARN] ConditionMgr:438 - getConditionDescription Invalid condition id : LAN8742 Phy interface Condition cause : null
2026-01-22 15:53:15,162 [WARN] PackLoader:240 - Cannot read IP mode file for STMicroelectronics.X-CUBE-AZRTOS-L4.2.0.0
2026-01-22 15:53:15,163 [WARN] ConditionMgr:1044 - genDependencies : Invalid condition id : LAN8742 Phy interface Condition cause : null
2026-01-22 15:53:15,163 [WARN] ConditionMgr:1044 - genDependencies : Invalid condition id : LAN8742 Phy interface Condition cause : null
2026-01-22 15:53:15,163 [WARN] ConditionMgr:1044 - genDependencies : Invalid condition id : LAN8742 Phy interface Condition cause : null
2026-01-22 15:53:15,170 [WARN] PackLoader:240 - Cannot read IP mode file for STMicroelectronics.X-CUBE-SFXS2LP1.4.0.0
2026-01-22 15:53:15,175 [WARN] PackLoader:240 - Cannot read IP mode file for STMicroelectronics.X-CUBE-ST67W61.1.2.0
2026-01-22 15:53:15,188 [WARN] PackLoader:240 - Cannot read IP mode file for STMicroelectronics.X-CUBE-AZRTOS-H7.3.3.0
2026-01-22 15:53:15,196 [WARN] PackLoader:240 - Cannot read IP mode file for STMicroelectronics.X-CUBE-BLEMGR.4.1.0
2026-01-22 15:53:15,206 [WARN] PackLoader:240 - Cannot read IP mode file for STMicroelectronics.X-CUBE-IPS.3.0.0
2026-01-22 15:53:15,226 [WARN] ConditionMgr:438 - getConditionDescription Invalid condition id : UX DEVICE CLASS RTOS Condition cause : null
2026-01-22 15:53:15,226 [WARN] ConditionMgr:438 - getConditionDescription Invalid condition id : UX DEVICE CLASS RTOS Condition cause : null
2026-01-22 15:53:15,227 [WARN] PackLoader:240 - Cannot read IP mode file for STMicroelectronics.X-CUBE-AZRTOS-WB.2.0.0
2026-01-22 15:53:15,227 [WARN] ConditionMgr:1044 - genDependencies : Invalid condition id : UX DEVICE CLASS RTOS Condition cause : null
2026-01-22 15:53:15,227 [WARN] ConditionMgr:1044 - genDependencies : Invalid condition id : UX DEVICE CLASS RTOS Condition cause : null
2026-01-22 15:53:15,228 [WARN] ConditionMgr:1044 - genDependencies : Invalid condition id : UX DEVICE CLASS RTOS Condition cause : null
2026-01-22 15:53:15,228 [WARN] ConditionMgr:1044 - genDependencies : Invalid condition id : UX DEVICE CLASS RTOS Condition cause : null
2026-01-22 15:53:15,228 [WARN] ConditionMgr:1044 - genDependencies : Invalid condition id : UX DEVICE CLASS RTOS Condition cause : null
2026-01-22 15:53:15,233 [WARN] PackLoader:240 - Cannot read IP mode file for STMicroelectronics.X-CUBE-GNSS1.7.0.0
2026-01-22 15:53:15,238 [WARN] PackLoader:240 - Cannot read IP mode file for STMicroelectronics.X-CUBE-GNSS1.7.0.1
2026-01-22 15:53:15,242 [WARN] PackLoader:240 - Cannot read IP mode file for STMicroelectronics.X-CUBE-TOUCHGFX.4.25.0
2026-01-22 15:53:15,247 [WARN] PackLoader:240 - Cannot read IP mode file for STMicroelectronics.FP-SNS-STBOX1.2.0.0
2026-01-22 15:53:15,252 [WARN] ConditionMgr:438 - getConditionDescription Invalid condition id : Cortex-A Device cause : null
2026-01-22 15:53:15,260 [WARN] ConditionMgr:1044 - genDependencies : Invalid condition id : Cortex-A Device cause : null
2026-01-22 15:53:15,260 [WARN] ConditionMgr:1044 - genDependencies : Invalid condition id : Cortex-A Device cause : null
2026-01-22 15:53:15,260 [WARN] ConditionMgr:1044 - genDependencies : Invalid condition id : Cortex-A Device cause : null
2026-01-22 15:53:15,264 [WARN] PackLoader:240 - Cannot read IP mode file for STMicroelectronics.X-CUBE-STSE01.2.0.0
2026-01-22 15:53:15,270 [WARN] PackLoader:240 - Cannot read IP mode file for STMicroelectronics.X-CUBE-SUBG2.5.0.0
2026-01-22 15:53:15,282 [WARN] PackLoader:240 - Cannot read IP mode file for STMicroelectronics.X-CUBE-AZRTOS-H7RS.1.1.0
2026-01-22 15:53:15,289 [WARN] PackLoader:240 - Cannot read IP mode file for Cesanta.I-CUBE-Mongoose.7.13.0
2026-01-22 15:53:15,297 [WARN] PackLoader:240 - Cannot read IP mode file for STMicroelectronics.X-CUBE-AZRTOS-G4.2.0.0
2026-01-22 15:53:15,304 [WARN] PackLoader:240 - Cannot read IP mode file for Infineon.AIROC-Wi-Fi-Bluetooth-STM32.1.5.1
2026-01-22 15:53:15,309 [WARN] PackLoader:240 - Cannot read IP mode file for wolfSSL.I-CUBE-wolfSSH.1.4.20
2026-01-22 15:53:15,312 [WARN] PackLoader:240 - Cannot read IP mode file for STMicroelectronics.X-CUBE-NFC7.2.0.0
2026-01-22 15:53:15,315 [WARN] PackLoader:240 - Cannot read IP mode file for STMicroelectronics.FP-SNS-MOTENVWB1.1.3.1
2026-01-22 15:53:15,317 [WARN] PackLoader:240 - Cannot read IP mode file for STMicroelectronics.X-CUBE-ISPU.2.0.0
2026-01-22 15:53:15,324 [WARN] PackLoader:240 - Cannot read IP mode file for STMicroelectronics.X-CUBE-IPS.3.1.0
2026-01-22 15:53:15,333 [WARN] PackLoader:240 - Cannot read IP mode file for STMicroelectronics.X-CUBE-ALS.1.0.2
2026-01-22 15:53:15,360 [WARN] PackLoader:240 - Cannot read IP mode file for STMicroelectronics.X-CUBE-MEMS1.10.0.0
2026-01-22 15:53:15,427 [WARN] PackLoader:240 - Cannot read IP mode file for STMicroelectronics.X-CUBE-FREERTOS.1.1.0
2026-01-22 15:53:15,429 [WARN] PackLoader:240 - Cannot read IP mode file for STMicroelectronics.X-CUBE-TOUCHGFX.4.24.1
2026-01-22 15:53:15,433 [WARN] PackLoader:240 - Cannot read IP mode file for STMicroelectronics.X-CUBE-STSE01.1.0.0
2026-01-22 15:53:15,437 [WARN] PackLoader:240 - Cannot read IP mode file for wolfSSL.I-CUBE-wolfTPM.3.4.0
2026-01-22 15:53:15,441 [WARN] PackLoader:240 - Cannot read IP mode file for portGmbH.I-Cube-SoM-uGOAL.1.1.0
2026-01-22 15:53:15,444 [WARN] PackLoader:240 - Cannot read IP mode file for STMicroelectronics.X-CUBE-ALS.1.0.1
2026-01-22 15:53:15,453 [WARN] PackLoader:240 - Cannot read IP mode file for STMicroelectronics.X-CUBE-AZRTOS-H7RS.1.0.0
2026-01-22 15:53:15,457 [WARN] PackLoader:240 - Cannot read IP mode file for STMicroelectronics.FP-ATR-ASTRA1.2.0.0
2026-01-22 15:53:15,465 [WARN] PackLoader:240 - Cannot read IP mode file for STMicroelectronics.X-CUBE-TOF1.3.4.2
2026-01-22 15:53:15,483 [WARN] PackLoader:240 - Cannot read IP mode file for STMicroelectronics.X-CUBE-TOF1.3.4.3
2026-01-22 15:53:15,494 [WARN] PackLoader:240 - Cannot read IP mode file for STMicroelectronics.X-CUBE-TOF1.3.4.0
2026-01-22 15:53:15,511 [WARN] PackLoader:240 - Cannot read IP mode file for STMicroelectronics.X-CUBE-AZRTOS-H7.3.2.0
2026-01-22 15:53:15,517 [WARN] PackLoader:240 - Cannot read IP mode file for wolfSSL.I-CUBE-wolfSSH.1.4.17
2026-01-22 15:53:15,518 [INFO] ThirdParty:978 - Integrity check success = true
2026-01-22 15:53:15,518 [INFO] IntegrityCheckThread:100 - exiting critical section [integrity check]
2026-01-22 15:53:15,518 [INFO] IntegrityCheckThread:103 - End integrity checks thread
2026-01-22 15:53:28,983 [ERROR] LogOutputStream:75 - [STDERR_REDIRECT] 
2026-01-22 15:53:37,783 [INFO] Activator:176 - 


2026-01-22 15:53:37,785 [INFO] Activator:177 - !SESSION log4j initialized
2026-01-22 15:53:41,958 [INFO] LogOutputStream:77 - [STDOUT_REDIRECT] 
2026-01-22 15:53:42,787 [INFO] ApplicationProperties:184 - Using Application install path: C:\Users\MSI GF63\STM32CubeIDE_1.14.0\STM32CubeIDE\plugins\com.st.stm32cube.common.mx_6.15.0.202507011659
2026-01-22 15:53:42,802 [INFO] DbMcusXml:78 - Set database path to: C:\Users\MSI GF63\STM32CubeIDE_1.14.0\STM32CubeIDE\plugins\com.st.stm32cube.common.mx_6.15.0.202507011659\\db\/mcu/
2026-01-22 15:53:42,802 [INFO] ApiDb:274 - Set plugin database path to: C:\Users\MSI GF63\STM32CubeIDE_1.14.0\STM32CubeIDE\plugins\com.st.stm32cube.common.mx_6.15.0.202507011659\\db\/plugins/boardmanager/
2026-01-22 15:53:42,802 [WARN] ApiDb:259 - Overriding images path with different value:  => C:\Users\MSI GF63\STM32CubeIDE_1.14.0\STM32CubeIDE\plugins\com.st.stm32cube.common.mx_6.15.0.202507011659\\db\/plugins/mcufinder/images/
2026-01-22 15:53:42,808 [INFO] ApiDb:250 - Set database path to: C:\Users\MSI GF63\.stmcufinder\plugins\mcufinder//mcu/
2026-01-22 15:53:42,810 [INFO] DbMcusAds:125 - Set database path to: C:\Users\MSI GF63\.stmcufinder\plugins\mcufinder//mcu/
2026-01-22 15:53:42,812 [INFO] CrossReferenceDbSqlite:203 - Set database path to: C:\Users\MSI GF63\.stmcufinder\plugins\mcufinder//mcu/cs/
2026-01-22 15:53:42,933 [INFO] RulesReader:64 - Compatibility file has been processed (317 Rules)
2026-01-22 15:53:43,007 [INFO] DbMcusXml:78 - Set database path to: C:\Users\MSI GF63\STM32CubeIDE_1.14.0\STM32CubeIDE\plugins\com.st.stm32cube.common.mx_6.15.0.202507011659\\db\/mcu/
2026-01-22 15:53:43,008 [INFO] ApiDb:274 - Set plugin database path to: C:\Users\MSI GF63\STM32CubeIDE_1.14.0\STM32CubeIDE\plugins\com.st.stm32cube.common.mx_6.15.0.202507011659\\db\/plugins/boardmanager/
2026-01-22 15:53:43,008 [INFO] ApiDb:261 - Set plugin images path to: C:\Users\MSI GF63\STM32CubeIDE_1.14.0\STM32CubeIDE\plugins\com.st.stm32cube.common.mx_6.15.0.202507011659\\db\/plugins/mcufinder/images/
2026-01-22 15:53:43,008 [WARN] DbFile:41 - Overriding database path with different value: C:\Users\MSI GF63\.stmcufinder\plugins\mcufinder/ => C:\Users\MSI GF63\.stmcufinder\plugins\mcufinder
2026-01-22 15:53:43,008 [INFO] ApiDb:250 - Set database path to: C:\Users\MSI GF63\.stmcufinder\plugins\mcufinder//mcu/
2026-01-22 15:53:43,008 [WARN] DbFile:41 - Overriding database path with different value: C:\Users\MSI GF63\.stmcufinder\plugins\mcufinder/ => C:\Users\MSI GF63\.stmcufinder\plugins\mcufinder
2026-01-22 15:53:43,008 [INFO] DbMcusAds:125 - Set database path to: C:\Users\MSI GF63\.stmcufinder\plugins\mcufinder//mcu/
2026-01-22 15:53:43,008 [WARN] DbFile:41 - Overriding database path with different value: C:\Users\MSI GF63\.stmcufinder\plugins\mcufinder/ => C:\Users\MSI GF63\.stmcufinder\plugins\mcufinder
2026-01-22 15:53:43,008 [WARN] DbFile:41 - Overriding database path with different value: C:\Users\MSI GF63\.stmcufinder\plugins\mcufinder/ => C:\Users\MSI GF63\.stmcufinder\plugins\mcufinder
2026-01-22 15:53:43,008 [INFO] CrossReferenceDbSqlite:203 - Set database path to: C:\Users\MSI GF63\.stmcufinder\plugins\mcufinder//mcu/cs/
2026-01-22 15:53:43,105 [INFO] MainPanel:274 - HeapMemory: 268435456
2026-01-22 15:53:43,196 [INFO] DbMcusXml:78 - Set database path to: C:\Users\MSI GF63\STM32CubeIDE_1.14.0\STM32CubeIDE\plugins\com.st.stm32cube.common.mx_6.15.0.202507011659\\db\/mcu/
2026-01-22 15:53:43,196 [INFO] ApiDb:274 - Set plugin database path to: C:\Users\MSI GF63\STM32CubeIDE_1.14.0\STM32CubeIDE\plugins\com.st.stm32cube.common.mx_6.15.0.202507011659\\db\/plugins/boardmanager/
2026-01-22 15:53:43,196 [INFO] ApiDb:261 - Set plugin images path to: C:\Users\MSI GF63\STM32CubeIDE_1.14.0\STM32CubeIDE\plugins\com.st.stm32cube.common.mx_6.15.0.202507011659\\db\/plugins/mcufinder/images/
2026-01-22 15:53:43,197 [WARN] DbFile:41 - Overriding database path with different value: C:\Users\MSI GF63\.stmcufinder\plugins\mcufinder/ => C:\Users\MSI GF63\.stmcufinder\plugins\mcufinder
2026-01-22 15:53:43,197 [INFO] ApiDb:250 - Set database path to: C:\Users\MSI GF63\.stmcufinder\plugins\mcufinder//mcu/
2026-01-22 15:53:43,197 [WARN] DbFile:41 - Overriding database path with different value: C:\Users\MSI GF63\.stmcufinder\plugins\mcufinder/ => C:\Users\MSI GF63\.stmcufinder\plugins\mcufinder
2026-01-22 15:53:43,197 [INFO] DbMcusAds:125 - Set database path to: C:\Users\MSI GF63\.stmcufinder\plugins\mcufinder//mcu/
2026-01-22 15:53:43,197 [WARN] DbFile:41 - Overriding database path with different value: C:\Users\MSI GF63\.stmcufinder\plugins\mcufinder/ => C:\Users\MSI GF63\.stmcufinder\plugins\mcufinder
2026-01-22 15:53:43,197 [WARN] DbFile:41 - Overriding database path with different value: C:\Users\MSI GF63\.stmcufinder\plugins\mcufinder/ => C:\Users\MSI GF63\.stmcufinder\plugins\mcufinder
2026-01-22 15:53:43,197 [INFO] CrossReferenceDbSqlite:203 - Set database path to: C:\Users\MSI GF63\.stmcufinder\plugins\mcufinder//mcu/cs/
2026-01-22 15:53:43,215 [INFO] ApplicationProperties:184 - Using Application install path: C:\Users\MSI GF63\STM32CubeIDE_1.14.0\STM32CubeIDE\plugins\com.st.stm32cube.common.mx_6.15.0.202507011659
2026-01-22 15:53:43,217 [INFO] PluginManage:196 - Search for loadable plugins [exclusion list=, ]
2026-01-22 15:53:43,219 [INFO] PluginManage:310 - Check plugin analytics
2026-01-22 15:53:43,400 [INFO] AnalyticsPlugin:253 - Accepted Software Licenses: STM32CubeMX.6.13.0
2026-01-22 15:53:43,400 [INFO] AnalyticsPlugin:255 - Accepted CMSIS Pack Licenses: 
2026-01-22 15:53:43,400 [INFO] AnalyticsPlugin:257 - Accepted Firmware Licenses: FW.F4.1.28.0
2026-01-22 15:53:43,403 [INFO] PluginManage:359 - Loaded plugin analytics (category:tool,tabindex:-1)
2026-01-22 15:53:43,404 [INFO] PluginManage:310 - Check plugin cadmodel
2026-01-22 15:53:43,408 [INFO] CADModel:105 - Init CAD model plugin
2026-01-22 15:53:43,408 [INFO] PluginManage:359 - Loaded plugin cadmodel (category:power,tabindex:5)
2026-01-22 15:53:43,408 [INFO] PluginManage:310 - Check plugin clock
2026-01-22 15:53:43,417 [INFO] PluginManage:359 - Loaded plugin clock (category:base,tabindex:2)
2026-01-22 15:53:43,417 [INFO] PluginManage:310 - Check plugin ddr
2026-01-22 15:53:43,420 [INFO] PluginManage:359 - Loaded plugin ddr (category:tool,tabindex:6)
2026-01-22 15:53:43,420 [INFO] PluginManage:310 - Check plugin filemanager
2026-01-22 15:53:43,562 [INFO] PluginManage:359 - Loaded plugin filemanager (category:base,tabindex:10)
2026-01-22 15:53:43,562 [INFO] PluginManage:310 - Check plugin ipmanager
2026-01-22 15:53:43,570 [INFO] PluginManage:359 - Loaded plugin ipmanager (category:base,tabindex:5)
2026-01-22 15:53:43,570 [INFO] PluginManage:310 - Check plugin lpbam
2026-01-22 15:53:43,578 [INFO] PluginManage:359 - Loaded plugin lpbam (category:base,tabindex:0)
2026-01-22 15:53:43,578 [INFO] PluginManage:310 - Check plugin memorymap
2026-01-22 15:53:43,591 [INFO] PluginManage:359 - Loaded plugin memorymap (category:base,tabindex:4)
2026-01-22 15:53:43,591 [INFO] PluginManage:310 - Check plugin pinoutandconfiguration
2026-01-22 15:53:43,600 [INFO] PluginManage:359 - Loaded plugin pinoutandconfiguration (category:base,tabindex:1)
2026-01-22 15:53:43,601 [INFO] PluginManage:310 - Check plugin pinoutconfig
2026-01-22 15:53:43,701 [WARN] SupportedApi:132 - Cannot load RTOS API schema: s4s-elt-must-match.1: The content of 'definitions' must match (annotation?, (simpleType | complexType)?, (unique | key | keyref)*)). A problem was found starting at: attribute.
2026-01-22 15:53:43,872 [INFO] PluginManage:359 - Loaded plugin pinoutconfig (category:base,tabindex:0)
2026-01-22 15:53:43,872 [INFO] PluginManage:310 - Check plugin power
2026-01-22 15:53:43,880 [INFO] PluginManage:359 - Loaded plugin power (category:power,tabindex:4)
2026-01-22 15:53:43,880 [INFO] PluginManage:310 - Check plugin projectmanager
2026-01-22 15:53:43,894 [INFO] PluginManage:359 - Loaded plugin projectmanager (category:projectmanager,tabindex:4)
2026-01-22 15:53:43,894 [INFO] PluginManage:310 - Check plugin rif
2026-01-22 15:53:43,902 [INFO] PluginManage:359 - Loaded plugin rif (category:base,tabindex:3)
2026-01-22 15:53:43,903 [INFO] PluginManage:310 - Check plugin thirdparty
2026-01-22 15:53:44,045 [WARN] IntegrityCheckThread:84 - waiting for thirdparty lock release [integrity check]
2026-01-22 15:53:44,045 [INFO] IntegrityCheckThread:86 - entering critical section [integrity check]
2026-01-22 15:53:44,045 [INFO] PluginManage:359 - Loaded plugin thirdparty (category:base,tabindex:-1)
2026-01-22 15:53:44,045 [INFO] PluginManage:310 - Check plugin tools
2026-01-22 15:53:44,045 [INFO] ThirdPartyUpdaterWithRetryManager:70 - Updater plugin not ready yet. [1/15]
2026-01-22 15:53:44,049 [INFO] PluginManage:359 - Loaded plugin tools (category:base,tabindex:7)
2026-01-22 15:53:44,049 [INFO] PluginManage:310 - Check plugin tutovideos
2026-01-22 15:53:44,303 [INFO] PluginManage:359 - Loaded plugin tutovideos (category:base,tabindex:-1)
2026-01-22 15:53:44,303 [INFO] PluginManage:310 - Check plugin updater
2026-01-22 15:53:44,323 [INFO] PluginManage:359 - Loaded plugin updater (category:base,tabindex:12)
2026-01-22 15:53:44,323 [INFO] PluginManage:310 - Check plugin userauth
2026-01-22 15:53:44,330 [INFO] UserAuth:118 - Init User Auth plugin
2026-01-22 15:53:44,331 [INFO] PluginManage:359 - Loaded plugin userauth (category:base,tabindex:14)
2026-01-22 15:53:44,332 [INFO] PluginManage:283 - PluginManage : Loaded plugins [18]
2026-01-22 15:53:44,604 [INFO] PinOutPanel:1589 - setPackage(No Configuration,No Configuration)
2026-01-22 15:53:44,690 [INFO] CADModel:165 - CPN selected for project level
2026-01-22 15:53:44,690 [INFO] CADModel:114 - Register for checkConnection events
2026-01-22 15:53:44,707 [INFO] IPUIPlugin:80 - create IPUIPlugin
2026-01-22 15:53:44,707 [INFO] PluginManager:220 - loadIPPluginJar : add adc
2026-01-22 15:53:44,710 [INFO] IPUIPlugin:80 - create IPUIPlugin
2026-01-22 15:53:44,710 [INFO] PluginManager:220 - loadIPPluginJar : add aes
2026-01-22 15:53:44,713 [INFO] IPUIPlugin:80 - create IPUIPlugin
2026-01-22 15:53:44,713 [INFO] PluginManager:220 - loadIPPluginJar : add can
2026-01-22 15:53:44,715 [INFO] IPUIPlugin:80 - create IPUIPlugin
2026-01-22 15:53:44,715 [INFO] PluginManager:220 - loadIPPluginJar : add comp
2026-01-22 15:53:44,717 [INFO] IPUIPlugin:80 - create IPUIPlugin
2026-01-22 15:53:44,717 [INFO] PluginManager:220 - loadIPPluginJar : add cryp
2026-01-22 15:53:44,719 [INFO] IPUIPlugin:80 - create IPUIPlugin
2026-01-22 15:53:44,719 [INFO] PluginManager:220 - loadIPPluginJar : add ddr_ctrl_phy
2026-01-22 15:53:44,723 [INFO] IPUIPlugin:80 - create IPUIPlugin
2026-01-22 15:53:44,723 [INFO] PluginManager:220 - loadIPPluginJar : add dfsdm
2026-01-22 15:53:44,728 [INFO] IPUIPlugin:80 - create IPUIPlugin
2026-01-22 15:53:44,729 [INFO] PluginManager:220 - loadIPPluginJar : add dma
2026-01-22 15:53:44,731 [INFO] IPUIPlugin:80 - create IPUIPlugin
2026-01-22 15:53:44,731 [INFO] PluginManager:220 - loadIPPluginJar : add dma3
2026-01-22 15:53:44,734 [INFO] IPUIPlugin:80 - create IPUIPlugin
2026-01-22 15:53:44,734 [INFO] PluginManager:220 - loadIPPluginJar : add extmemmanager
2026-01-22 15:53:44,736 [INFO] IPUIPlugin:80 - create IPUIPlugin
2026-01-22 15:53:44,736 [INFO] PluginManager:220 - loadIPPluginJar : add fatfs
2026-01-22 15:53:44,741 [INFO] IPUIPlugin:80 - create IPUIPlugin
2026-01-22 15:53:44,741 [INFO] PluginManager:220 - loadIPPluginJar : add fmc
2026-01-22 15:53:44,746 [INFO] IPUIPlugin:80 - create IPUIPlugin
2026-01-22 15:53:44,746 [INFO] PluginManager:220 - loadIPPluginJar : add freertos
2026-01-22 15:53:44,748 [INFO] IPUIPlugin:80 - create IPUIPlugin
2026-01-22 15:53:44,748 [INFO] PluginManager:220 - loadIPPluginJar : add genericplugin
2026-01-22 15:53:44,749 [INFO] IPUIPlugin:80 - create IPUIPlugin
2026-01-22 15:53:44,750 [INFO] PluginManager:220 - loadIPPluginJar : add gfxmmu
2026-01-22 15:53:44,753 [INFO] IPUIPlugin:80 - create IPUIPlugin
2026-01-22 15:53:44,754 [INFO] PluginManager:220 - loadIPPluginJar : add gic
2026-01-22 15:53:44,757 [INFO] IPUIPlugin:80 - create IPUIPlugin
2026-01-22 15:53:44,757 [INFO] PluginManager:220 - loadIPPluginJar : add gpio
2026-01-22 15:53:44,759 [INFO] IPUIPlugin:80 - create IPUIPlugin
2026-01-22 15:53:44,759 [INFO] PluginManager:220 - loadIPPluginJar : add gtzc
2026-01-22 15:53:44,761 [INFO] IPUIPlugin:80 - create IPUIPlugin
2026-01-22 15:53:44,761 [INFO] PluginManager:220 - loadIPPluginJar : add hash
2026-01-22 15:53:44,763 [INFO] IPUIPlugin:80 - create IPUIPlugin
2026-01-22 15:53:44,763 [INFO] PluginManager:220 - loadIPPluginJar : add i2c
2026-01-22 15:53:44,767 [INFO] IPUIPlugin:80 - create IPUIPlugin
2026-01-22 15:53:44,767 [INFO] PluginManager:220 - loadIPPluginJar : add i2s
2026-01-22 15:53:44,770 [INFO] IPUIPlugin:80 - create IPUIPlugin
2026-01-22 15:53:44,771 [INFO] PluginManager:220 - loadIPPluginJar : add i3c
2026-01-22 15:53:44,775 [INFO] IPUIPlugin:80 - create IPUIPlugin
2026-01-22 15:53:44,775 [INFO] PluginManager:220 - loadIPPluginJar : add ipddr
2026-01-22 15:53:44,780 [INFO] IPUIPlugin:80 - create IPUIPlugin
2026-01-22 15:53:44,780 [INFO] PluginManager:220 - loadIPPluginJar : add linkedlist
2026-01-22 15:53:44,783 [INFO] IPUIPlugin:80 - create IPUIPlugin
2026-01-22 15:53:44,783 [INFO] PluginManager:220 - loadIPPluginJar : add lorawan
2026-01-22 15:53:44,785 [INFO] IPUIPlugin:80 - create IPUIPlugin
2026-01-22 15:53:44,785 [INFO] PluginManager:220 - loadIPPluginJar : add ltdc
2026-01-22 15:53:44,796 [INFO] IPUIPlugin:80 - create IPUIPlugin
2026-01-22 15:53:44,796 [INFO] PluginManager:220 - loadIPPluginJar : add mdma
2026-01-22 15:53:44,799 [INFO] IPUIPlugin:80 - create IPUIPlugin
2026-01-22 15:53:44,800 [INFO] PluginManager:220 - loadIPPluginJar : add nvic
2026-01-22 15:53:44,802 [INFO] IPUIPlugin:80 - create IPUIPlugin
2026-01-22 15:53:44,803 [INFO] PluginManager:220 - loadIPPluginJar : add opamp
2026-01-22 15:53:44,805 [INFO] IPUIPlugin:80 - create IPUIPlugin
2026-01-22 15:53:44,806 [INFO] PluginManager:220 - loadIPPluginJar : add openamp
2026-01-22 15:53:44,809 [INFO] IPUIPlugin:80 - create IPUIPlugin
2026-01-22 15:53:44,809 [INFO] PluginManager:220 - loadIPPluginJar : add pdm2pcm
2026-01-22 15:53:44,814 [INFO] IPUIPlugin:80 - create IPUIPlugin
2026-01-22 15:53:44,816 [INFO] PluginManager:220 - loadIPPluginJar : add plateformsettings
2026-01-22 15:53:44,818 [INFO] IPUIPlugin:80 - create IPUIPlugin
2026-01-22 15:53:44,818 [INFO] PluginManager:220 - loadIPPluginJar : add quadspi
2026-01-22 15:53:44,819 [INFO] IPUIPlugin:80 - create IPUIPlugin
2026-01-22 15:53:44,820 [INFO] PluginManager:220 - loadIPPluginJar : add radio
2026-01-22 15:53:44,823 [INFO] IPUIPlugin:80 - create IPUIPlugin
2026-01-22 15:53:44,823 [INFO] PluginManager:220 - loadIPPluginJar : add resmgrutility
2026-01-22 15:53:44,826 [INFO] IPUIPlugin:80 - create IPUIPlugin
2026-01-22 15:53:44,826 [INFO] PluginManager:220 - loadIPPluginJar : add sai
2026-01-22 15:53:44,828 [INFO] IPUIPlugin:80 - create IPUIPlugin
2026-01-22 15:53:44,828 [INFO] PluginManager:220 - loadIPPluginJar : add spi
2026-01-22 15:53:44,833 [INFO] IPUIPlugin:80 - create IPUIPlugin
2026-01-22 15:53:44,833 [INFO] PluginManager:220 - loadIPPluginJar : add stm32_wpan
2026-01-22 15:53:44,835 [INFO] IPUIPlugin:80 - create IPUIPlugin
2026-01-22 15:53:44,835 [INFO] PluginManager:220 - loadIPPluginJar : add tim
2026-01-22 15:53:44,838 [INFO] IPUIPlugin:80 - create IPUIPlugin
2026-01-22 15:53:44,838 [INFO] PluginManager:220 - loadIPPluginJar : add touchsensing
2026-01-22 15:53:44,840 [INFO] IPUIPlugin:80 - create IPUIPlugin
2026-01-22 15:53:44,840 [INFO] PluginManager:220 - loadIPPluginJar : add tracer_emb
2026-01-22 15:53:44,841 [INFO] IPUIPlugin:80 - create IPUIPlugin
2026-01-22 15:53:44,842 [INFO] PluginManager:220 - loadIPPluginJar : add ts
2026-01-22 15:53:44,843 [INFO] IPUIPlugin:80 - create IPUIPlugin
2026-01-22 15:53:44,843 [INFO] PluginManager:220 - loadIPPluginJar : add tsc
2026-01-22 15:53:44,845 [INFO] IPUIPlugin:80 - create IPUIPlugin
2026-01-22 15:53:44,845 [INFO] PluginManager:220 - loadIPPluginJar : add ucpd
2026-01-22 15:53:44,848 [INFO] IPUIPlugin:80 - create IPUIPlugin
2026-01-22 15:53:44,848 [INFO] PluginManager:220 - loadIPPluginJar : add usart
2026-01-22 15:53:44,852 [INFO] IPUIPlugin:80 - create IPUIPlugin
2026-01-22 15:53:44,852 [INFO] PluginManager:220 - loadIPPluginJar : add usbx
2026-01-22 15:53:44,968 [FATAL] Updater:351 - Updater called before beeing initialized
2026-01-22 15:53:44,990 [INFO] RulesReader:64 - Compatibility file has been processed (317 Rules)
2026-01-22 15:53:44,999 [INFO] RulesReader:64 - Compatibility file has been processed (317 Rules)
2026-01-22 15:53:45,005 [INFO] CADModel:165 - CPN selected for project level
2026-01-22 15:53:45,005 [INFO] CADModel:114 - Register for checkConnection events
2026-01-22 15:53:45,005 [FATAL] Updater:351 - Updater called before beeing initialized
2026-01-22 15:53:45,005 [ERROR] CADModel:125 - Updater not yet initialized, retry later 
2026-01-22 15:53:45,140 [FATAL] Updater:351 - Updater called before beeing initialized
2026-01-22 15:53:45,141 [INFO] CADModel:165 - CPN selected for project level
2026-01-22 15:53:45,141 [INFO] CADModel:114 - Register for checkConnection events
2026-01-22 15:53:45,141 [FATAL] Updater:351 - Updater called before beeing initialized
2026-01-22 15:53:45,141 [ERROR] CADModel:125 - Updater not yet initialized, retry later 
2026-01-22 15:53:45,145 [FATAL] Updater:351 - Updater called before beeing initialized
2026-01-22 15:53:45,252 [FATAL] Updater:351 - Updater called before beeing initialized
2026-01-22 15:53:45,258 [INFO] DbMcusAds:53 - JSON generation date=Tue Dec 16 04:41:46 IST 2025 (1765840306612)
2026-01-22 15:53:45,258 [FATAL] Updater:351 - Updater called before beeing initialized
2026-01-22 15:53:45,283 [WARN] DetailPanel:346 - Failed to get advertising image, set to default
2026-01-22 15:53:45,348 [FATAL] Updater:351 - Updater called before beeing initialized
2026-01-22 15:53:45,349 [FATAL] Updater:351 - Updater called before beeing initialized
2026-01-22 15:53:45,349 [FATAL] Updater:351 - Updater called before beeing initialized
2026-01-22 15:53:45,349 [WARN] DetailPanel:346 - Failed to get advertising image, set to default
2026-01-22 15:53:45,350 [FATAL] Updater:351 - Updater called before beeing initialized
2026-01-22 15:53:45,383 [ERROR] Updater:1198 - MainUpdater not yet initialized. External WinMGr cannot be set.
2026-01-22 15:53:45,385 [INFO] Updater:1134 - Updater Version found : 6.15.0
2026-01-22 15:53:45,396 [INFO] ApplicationProperties:184 - Using Application install path: C:\Users\MSI GF63\STM32CubeIDE_1.14.0\STM32CubeIDE\plugins\com.st.stm32cube.common.mx_6.15.0.202507011659
2026-01-22 15:53:45,904 [INFO] MainUpdater:2872 - connection check result : 10
2026-01-22 15:53:45,905 [INFO] MainUpdater:289 - Updater Check For Update Now.
2026-01-22 15:53:45,905 [INFO] MicroXplorer:498 - Change Database Version : DB.6.0.150
2026-01-22 15:53:45,909 [INFO] McuFinderGlobals:63 - Set McuFinder mode to 2 (CubeIDE integrated)
2026-01-22 15:53:45,909 [INFO] UserAuth:487 - Internet connection configuration mode: 1
2026-01-22 15:53:45,925 [INFO] JxBrowserEngine:152 - Initiate JxBrowser Engine with user profile folder
2026-01-22 15:53:46,066 [INFO] CheckServerUpdateThread:120 - End of CheckServer Thread
2026-01-22 15:53:46,536 [INFO] WebApp:169 - Instantiating new browser for Auth
2026-01-22 15:53:47,136 [INFO] WebApp:463 - Apply proxy settings
2026-01-22 15:53:47,136 [INFO] WebApp:548 - Chromium requires no authentication
2026-01-22 15:53:47,145 [INFO] WebApp:491 - Direct internet connection detected
2026-01-22 15:53:47,174 [INFO] WebApp:900 - Register for checkConnection events
2026-01-22 15:53:47,174 [INFO] WebApp:463 - Apply proxy settings
2026-01-22 15:53:47,174 [INFO] WebApp:548 - Chromium requires no authentication
2026-01-22 15:53:47,175 [INFO] WebApp:491 - Direct internet connection detected
2026-01-22 15:53:47,278 [WARN] PackLoader:240 - Cannot read IP mode file for STMicroelectronics.FP-SNS-MOTENVWB1.1.4.0
2026-01-22 15:53:47,286 [WARN] PackLoader:240 - Cannot read IP mode file for STMicroelectronics.FP-ATR-ASTRA1.2.0.2
2026-01-22 15:53:47,289 [WARN] PackLoader:240 - Cannot read IP mode file for STMicroelectronics.FP-ATR-ASTRA1.2.0.1
2026-01-22 15:53:47,298 [WARN] PackLoader:240 - Cannot read IP mode file for STMicroelectronics.X-CUBE-SMBUS.2.1.0
2026-01-22 15:53:47,306 [WARN] PackLoader:240 - Cannot read IP mode file for STMicroelectronics.X-CUBE-WB05N.1.1.0
2026-01-22 15:53:47,310 [WARN] PackLoader:240 - Cannot read IP mode file for STMicroelectronics.X-CUBE-ST60.1.0.0
2026-01-22 15:53:47,315 [WARN] PackLoader:240 - Cannot read IP mode file for STMicroelectronics.X-CUBE-TOUCHGFX.4.23.0
2026-01-22 15:53:47,340 [WARN] PackLoader:240 - Cannot read IP mode file for STMicroelectronics.X-CUBE-AZRTOS-F7.1.1.0
2026-01-22 15:53:47,346 [WARN] PackLoader:240 - Cannot read IP mode file for Cesanta.I-CUBE-Mongoose.7.19.0
2026-01-22 15:53:47,351 [WARN] PackLoader:240 - Cannot read IP mode file for STMicroelectronics.FP-SNS-MOTENV1.4.3.2
2026-01-22 15:53:47,352 [INFO] WebApp:225 - Starting web application
2026-01-22 15:53:47,353 [INFO] WebApp:593 - Web application path used C:\Users\MSI GF63\STM32CubeIDE_1.14.0\STM32CubeIDE\plugins\com.st.stm32cube.common.mx_6.15.0.202507011659\db\plugins\mcufinder\reactClient1\index.html
2026-01-22 15:53:47,396 [WARN] PackLoader:240 - Cannot read IP mode file for STMicroelectronics.X-CUBE-MEMS1.11.0.0
2026-01-22 15:53:47,471 [INFO] UserAuth:487 - Internet connection configuration mode: 1
2026-01-22 15:53:47,500 [WARN] PackLoader:240 - Cannot read IP mode file for STMicroelectronics.FP-SNS-MOTENV1.5.1.0
2026-01-22 15:53:47,508 [WARN] PackLoader:240 - Cannot read IP mode file for WES.I-CUBE-Cesium.1.4.0
2026-01-22 15:53:47,513 [WARN] PackLoader:240 - Cannot read IP mode file for STMicroelectronics.FP-SNS-FLIGHT1.5.0.2
2026-01-22 15:53:47,528 [WARN] PackLoader:240 - Cannot read IP mode file for Infineon.AIROC-Wi-Fi-Bluetooth-STM32.1.7.0
2026-01-22 15:53:47,541 [WARN] PackLoader:240 - Cannot read IP mode file for Infineon.AIROC-Wi-Fi-Bluetooth-STM32.1.7.1
2026-01-22 15:53:47,568 [WARN] PackLoader:240 - Cannot read IP mode file for STMicroelectronics.X-CUBE-AZRTOS-H7.3.4.0
2026-01-22 15:53:47,580 [WARN] PackLoader:240 - Cannot read IP mode file for STMicroelectronics.X-CUBE-DISPLAY.3.0.0
2026-01-22 15:53:47,588 [WARN] PackLoader:240 - Cannot read IP mode file for STMicroelectronics.X-CUBE-BLE1.7.0.0
2026-01-22 15:53:47,595 [WARN] PackLoader:240 - Cannot read IP mode file for STMicroelectronics.X-CUBE-NFC10.1.0.0
2026-01-22 15:53:47,605 [WARN] PackLoader:240 - Cannot read IP mode file for STMicroelectronics.X-CUBE-BLEMGR.4.0.0
2026-01-22 15:53:47,635 [WARN] PackLoader:240 - Cannot read IP mode file for STMicroelectronics.X-CUBE-ST60.1.1.0
2026-01-22 15:53:47,643 [WARN] PackLoader:240 - Cannot read IP mode file for emotas.I-CUBE-CANOPEN.1.3.0
2026-01-22 15:53:47,649 [WARN] PackLoader:240 - Cannot read IP mode file for STMicroelectronics.X-CUBE-GNSS1.7.1.0
2026-01-22 15:53:47,654 [WARN] PackLoader:240 - Cannot read IP mode file for STMicroelectronics.X-CUBE-TOUCHGFX.4.22.1
2026-01-22 15:53:47,660 [WARN] ConditionMgr:438 - getConditionDescription Invalid condition id : Cortex-A Device cause : null
2026-01-22 15:53:47,672 [INFO] WebApp:191 - Connection restablished
2026-01-22 15:53:47,678 [WARN] ConditionMgr:1044 - genDependencies : Invalid condition id : Cortex-A Device cause : null
2026-01-22 15:53:47,678 [WARN] ConditionMgr:1044 - genDependencies : Invalid condition id : Cortex-A Device cause : null
2026-01-22 15:53:47,678 [WARN] ConditionMgr:1044 - genDependencies : Invalid condition id : Cortex-A Device cause : null
2026-01-22 15:53:47,683 [WARN] PackLoader:240 - Cannot read IP mode file for STMicroelectronics.FP-SNS-STBOX1.2.1.0
2026-01-22 15:53:47,689 [WARN] PackLoader:240 - Cannot read IP mode file for STMicroelectronics.FP-SNS-SMARTAG2.1.2.0
2026-01-22 15:53:47,691 [WARN] PackLoader:240 - Cannot read IP mode file for STMicroelectronics.FP-SNS-FLIGHT1.5.1.0
2026-01-22 15:53:47,698 [INFO] LogOutputStream:77 - [STDOUT_REDIRECT] 1 : Invalid condition id : UX_CORESTACK_Condition cause : null
2026-01-22 15:53:47,699 [INFO] LogOutputStream:77 - [STDOUT_REDIRECT] 1 : Invalid condition id : UX_CORESTACK_Condition cause : null
2026-01-22 15:53:47,700 [INFO] LogOutputStream:77 - [STDOUT_REDIRECT] 1 : Invalid condition id : UX_CORESTACK_Condition cause : null
2026-01-22 15:53:47,700 [INFO] LogOutputStream:77 - [STDOUT_REDIRECT] 1 : Invalid condition id : UX_CORESTACK_Condition cause : null
2026-01-22 15:53:47,701 [INFO] LogOutputStream:77 - [STDOUT_REDIRECT] 1 : Invalid condition id : UX_CORESTACK_Condition cause : null
2026-01-22 15:53:47,702 [WARN] PackLoader:240 - Cannot read IP mode file for STMicroelectronics.X-CUBE-AZRTOS-WL.2.0.0
2026-01-22 15:53:47,706 [WARN] PackLoader:240 - Cannot read IP mode file for STMicroelectronics.FP-SNS-MOTENV1.5.0.0
2026-01-22 15:53:47,717 [WARN] PackLoader:240 - Cannot read IP mode file for STMicroelectronics.X-CUBE-AZRTOS-H7RS.1.2.0
2026-01-22 15:53:47,722 [WARN] PackLoader:240 - Cannot read IP mode file for wolfSSL.I-CUBE-wolfMQTT.1.19.0
2026-01-22 15:53:47,726 [WARN] PackLoader:240 - Cannot read IP mode file for WES.I-CUBE-Cesium.1.3.0
2026-01-22 15:53:47,729 [WARN] PackLoader:240 - Cannot read IP mode file for STMicroelectronics.X-CUBE-BLE2.3.3.0
2026-01-22 15:53:47,742 [WARN] PackLoader:240 - Cannot read IP mode file for STMicroelectronics.X-CUBE-NFC9.1.0.0
2026-01-22 15:53:47,748 [WARN] PackLoader:240 - Cannot read IP mode file for wolfSSL.I-CUBE-wolfSSL.5.8.0
2026-01-22 15:53:47,752 [WARN] PackLoader:240 - Cannot read IP mode file for wolfSSL.I-CUBE-wolfSSL.5.8.2
2026-01-22 15:53:47,755 [WARN] PackLoader:240 - Cannot read IP mode file for STMicroelectronics.X-CUBE-BLE1.7.1.0
2026-01-22 15:53:47,757 [WARN] PackLoader:240 - Cannot read IP mode file for wolfSSL.I-CUBE-wolfMQTT.1.19.2
2026-01-22 15:53:47,761 [WARN] PackLoader:240 - Cannot read IP mode file for STMicroelectronics.X-CUBE-TCPP.4.1.0
2026-01-22 15:53:47,768 [WARN] PackLoader:240 - Cannot read IP mode file for STMicroelectronics.X-CUBE-FREERTOS.1.4.0
2026-01-22 15:53:47,773 [WARN] PackLoader:240 - Cannot read IP mode file for STMicroelectronics.X-CUBE-EEPRMA1.5.2.0
2026-01-22 15:53:47,779 [WARN] PackLoader:240 - Cannot read IP mode file for STMicroelectronics.X-CUBE-ST67W61.1.1.0
2026-01-22 15:53:47,783 [WARN] PackLoader:240 - Cannot read IP mode file for STMicroelectronics.X-CUBE-AI.10.1.0
2026-01-22 15:53:47,813 [WARN] PackLoader:240 - Cannot read IP mode file for STMicroelectronics.X-CUBE-MEMS1.12.0.0
2026-01-22 15:53:47,857 [WARN] PackLoader:240 - Cannot read IP mode file for STMicroelectronics.X-CUBE-ALGOBUILD.1.3.0
2026-01-22 15:53:47,868 [WARN] PackLoader:240 - Cannot read IP mode file for STMicroelectronics.X-CUBE-AZRTOS-G0.1.1.0
2026-01-22 15:53:47,874 [WARN] PackLoader:240 - Cannot read IP mode file for STMicroelectronics.X-CUBE-SAFEA1.1.2.2
2026-01-22 15:53:47,878 [WARN] PackLoader:240 - Cannot read IP mode file for STMicroelectronics.X-CUBE-NFC4.3.0.0
2026-01-22 15:53:47,883 [WARN] PackLoader:240 - Cannot read IP mode file for EmbeddedOffice.I-CUBE-FS-RTOS.1.0.1
2026-01-22 15:53:47,887 [WARN] PackLoader:240 - Cannot read IP mode file for STMicroelectronics.X-CUBE-WB05N.2.0.0
2026-01-22 15:53:47,892 [WARN] PackLoader:240 - Cannot read IP mode file for STMicroelectronics.X-CUBE-BLEMGR.3.0.0
2026-01-22 15:53:47,896 [WARN] PackLoader:240 - Cannot read IP mode file for wolfSSL.I-CUBE-wolfTPM.3.8.0
2026-01-22 15:53:47,900 [WARN] PackLoader:240 - Cannot read IP mode file for STMicroelectronics.X-CUBE-TCPP.4.2.0
2026-01-22 15:53:47,904 [WARN] PackLoader:240 - Cannot read IP mode file for RealThread.X-CUBE-RT-Thread_Nano.4.1.1
2026-01-22 15:53:47,908 [WARN] PackLoader:240 - Cannot read IP mode file for STMicroelectronics.FP-ATR-SIGFOX1.3.2.0
2026-01-22 15:53:47,910 [WARN] ConditionMgr:438 - getConditionDescription Invalid condition id : Cortex-A Device cause : null
2026-01-22 15:53:47,917 [WARN] ConditionMgr:1044 - genDependencies : Invalid condition id : Cortex-A Device cause : null
2026-01-22 15:53:47,917 [WARN] ConditionMgr:1044 - genDependencies : Invalid condition id : Cortex-A Device cause : null
2026-01-22 15:53:47,917 [WARN] ConditionMgr:1044 - genDependencies : Invalid condition id : Cortex-A Device cause : null
2026-01-22 15:53:47,922 [WARN] PackLoader:240 - Cannot read IP mode file for STMicroelectronics.X-CUBE-EEPRMA1.5.1.0
2026-01-22 15:53:47,927 [WARN] PackLoader:240 - Cannot read IP mode file for ITTIA_DB.I-CUBE-ITTIADB.8.9.0
2026-01-22 15:53:47,934 [WARN] PackLoader:240 - Cannot read IP mode file for STMicroelectronics.X-CUBE-NFC6.3.2.0
2026-01-22 15:53:47,941 [WARN] PackLoader:240 - Cannot read IP mode file for STMicroelectronics.X-CUBE-ST67W61.1.0.0
2026-01-22 15:53:47,945 [WARN] PackLoader:240 - Cannot read IP mode file for STMicroelectronics.X-CUBE-AI.10.2.0
2026-01-22 15:53:47,964 [WARN] PackLoader:240 - Cannot read IP mode file for SEGGER.I-CUBE-embOS.1.3.1
2026-01-22 15:53:47,987 [WARN] PackLoader:240 - Cannot read IP mode file for STMicroelectronics.X-CUBE-ALGOBUILD.1.4.0
2026-01-22 15:53:48,008 [WARN] PackLoader:240 - Cannot read IP mode file for STMicroelectronics.X-CUBE-MEMS1.11.3.0
2026-01-22 15:53:48,105 [WARN] PackLoader:240 - Cannot read IP mode file for STMicroelectronics.X-CUBE-AI.9.1.0
2026-01-22 15:53:48,108 [WARN] PackLoader:240 - Cannot read IP mode file for STMicroelectronics.X-CUBE-PM33A1.1.0.0
2026-01-22 15:53:48,114 [WARN] PackLoader:240 - Cannot read IP mode file for STMicroelectronics.X-CUBE-GNSS1.6.0.0
2026-01-22 15:53:48,139 [WARN] PackLoader:240 - Cannot read IP mode file for STMicroelectronics.X-CUBE-AZRTOS-F4.1.1.0
2026-01-22 15:53:48,147 [WARN] PackLoader:240 - Cannot read IP mode file for wolfSSL.I-CUBE-wolfSSL.5.6.4
2026-01-22 15:53:48,153 [WARN] PackLoader:240 - Cannot read IP mode file for Avnet-IotConnect.X-CUBE-IoTC-DA16k-PMOD.1.0.0
2026-01-22 15:53:48,159 [WARN] PackLoader:240 - Cannot read IP mode file for STMicroelectronics.X-CUBE-ISPU.2.1.0
2026-01-22 15:53:48,169 [WARN] PackLoader:240 - Cannot read IP mode file for STMicroelectronics.X-CUBE-IPS.3.2.0
2026-01-22 15:53:48,176 [WARN] PackLoader:240 - Cannot read IP mode file for wolfSSL.I-CUBE-wolfSSL.5.6.6
2026-01-22 15:53:48,182 [WARN] PackLoader:240 - Cannot read IP mode file for STMicroelectronics.X-CUBE-NFC12.1.0.0
2026-01-22 15:53:48,193 [WARN] PackLoader:240 - Cannot read IP mode file for STMicroelectronics.X-CUBE-AZRTOS-L5.2.0.0
2026-01-22 15:53:48,199 [WARN] PackLoader:240 - Cannot read IP mode file for STMicroelectronics.X-CUBE-EEPRMA1.4.2.0
2026-01-22 15:53:48,204 [WARN] PackLoader:240 - Cannot read IP mode file for STMicroelectronics.X-CUBE-NFC6.3.1.0
2026-01-22 15:53:48,209 [WARN] PackLoader:240 - Cannot read IP mode file for ITTIA_DB.I-CUBE-ITTIADB.8.8.0
2026-01-22 15:53:48,212 [WARN] PackLoader:240 - Cannot read IP mode file for STMicroelectronics.X-CUBE-DPower.1.2.0
2026-01-22 15:53:48,217 [WARN] PackLoader:240 - Cannot read IP mode file for STMicroelectronics.X-CUBE-FREERTOS.1.3.1
2026-01-22 15:53:48,219 [WARN] PackLoader:240 - Cannot read IP mode file for STMicroelectronics.X-CUBE-FREERTOS.1.3.0
2026-01-22 15:53:48,224 [WARN] PackLoader:240 - Cannot read IP mode file for STMicroelectronics.X-CUBE-NFC7.1.0.1
2026-01-22 15:53:48,227 [WARN] PackLoader:240 - Cannot read IP mode file for STMicroelectronics.X-CUBE-TOUCHGFX.4.26.0
2026-01-22 15:53:48,231 [WARN] PackLoader:240 - Cannot read IP mode file for STMicroelectronics.X-CUBE-NFC6.3.0.0
2026-01-22 15:53:48,238 [WARN] PackLoader:240 - Cannot read IP mode file for STMicroelectronics.FP-SNS-STAIOTCFT.1.0.0
2026-01-22 15:53:48,243 [WARN] PackLoader:240 - Cannot read IP mode file for STMicroelectronics.X-CUBE-DPower.1.3.0
2026-01-22 15:53:48,247 [WARN] PackLoader:240 - Cannot read IP mode file for STMicroelectronics.X-CUBE-AI.8.1.0
2026-01-22 15:53:48,265 [WARN] ConditionMgr:438 - getConditionDescription Invalid condition id : LAN8742 Phy interface Condition cause : null
2026-01-22 15:53:48,266 [WARN] PackLoader:240 - Cannot read IP mode file for STMicroelectronics.X-CUBE-AZRTOS-L4.2.0.0
2026-01-22 15:53:48,267 [WARN] ConditionMgr:1044 - genDependencies : Invalid condition id : LAN8742 Phy interface Condition cause : null
2026-01-22 15:53:48,267 [WARN] ConditionMgr:1044 - genDependencies : Invalid condition id : LAN8742 Phy interface Condition cause : null
2026-01-22 15:53:48,268 [WARN] ConditionMgr:1044 - genDependencies : Invalid condition id : LAN8742 Phy interface Condition cause : null
2026-01-22 15:53:48,275 [WARN] PackLoader:240 - Cannot read IP mode file for STMicroelectronics.X-CUBE-SFXS2LP1.4.0.0
2026-01-22 15:53:48,280 [WARN] PackLoader:240 - Cannot read IP mode file for STMicroelectronics.X-CUBE-ST67W61.1.2.0
2026-01-22 15:53:48,293 [WARN] PackLoader:240 - Cannot read IP mode file for STMicroelectronics.X-CUBE-AZRTOS-H7.3.3.0
2026-01-22 15:53:48,301 [WARN] PackLoader:240 - Cannot read IP mode file for STMicroelectronics.X-CUBE-BLEMGR.4.1.0
2026-01-22 15:53:48,309 [WARN] PackLoader:240 - Cannot read IP mode file for STMicroelectronics.X-CUBE-IPS.3.0.0
2026-01-22 15:53:48,320 [WARN] ConditionMgr:438 - getConditionDescription Invalid condition id : UX DEVICE CLASS RTOS Condition cause : null
2026-01-22 15:53:48,321 [WARN] ConditionMgr:438 - getConditionDescription Invalid condition id : UX DEVICE CLASS RTOS Condition cause : null
2026-01-22 15:53:48,323 [WARN] PackLoader:240 - Cannot read IP mode file for STMicroelectronics.X-CUBE-AZRTOS-WB.2.0.0
2026-01-22 15:53:48,323 [WARN] ConditionMgr:1044 - genDependencies : Invalid condition id : UX DEVICE CLASS RTOS Condition cause : null
2026-01-22 15:53:48,323 [WARN] ConditionMgr:1044 - genDependencies : Invalid condition id : UX DEVICE CLASS RTOS Condition cause : null
2026-01-22 15:53:48,324 [WARN] ConditionMgr:1044 - genDependencies : Invalid condition id : UX DEVICE CLASS RTOS Condition cause : null
2026-01-22 15:53:48,324 [WARN] ConditionMgr:1044 - genDependencies : Invalid condition id : UX DEVICE CLASS RTOS Condition cause : null
2026-01-22 15:53:48,324 [WARN] ConditionMgr:1044 - genDependencies : Invalid condition id : UX DEVICE CLASS RTOS Condition cause : null
2026-01-22 15:53:48,328 [WARN] PackLoader:240 - Cannot read IP mode file for STMicroelectronics.X-CUBE-GNSS1.7.0.0
2026-01-22 15:53:48,331 [WARN] PackLoader:240 - Cannot read IP mode file for STMicroelectronics.X-CUBE-GNSS1.7.0.1
2026-01-22 15:53:48,335 [WARN] PackLoader:240 - Cannot read IP mode file for STMicroelectronics.X-CUBE-TOUCHGFX.4.25.0
2026-01-22 15:53:48,340 [WARN] PackLoader:240 - Cannot read IP mode file for STMicroelectronics.FP-SNS-STBOX1.2.0.0
2026-01-22 15:53:48,346 [WARN] ConditionMgr:438 - getConditionDescription Invalid condition id : Cortex-A Device cause : null
2026-01-22 15:53:48,356 [WARN] ConditionMgr:1044 - genDependencies : Invalid condition id : Cortex-A Device cause : null
2026-01-22 15:53:48,357 [WARN] ConditionMgr:1044 - genDependencies : Invalid condition id : Cortex-A Device cause : null
2026-01-22 15:53:48,357 [WARN] ConditionMgr:1044 - genDependencies : Invalid condition id : Cortex-A Device cause : null
2026-01-22 15:53:48,361 [WARN] PackLoader:240 - Cannot read IP mode file for STMicroelectronics.X-CUBE-STSE01.2.0.0
2026-01-22 15:53:48,368 [WARN] PackLoader:240 - Cannot read IP mode file for STMicroelectronics.X-CUBE-SUBG2.5.0.0
2026-01-22 15:53:48,383 [WARN] PackLoader:240 - Cannot read IP mode file for STMicroelectronics.X-CUBE-AZRTOS-H7RS.1.1.0
2026-01-22 15:53:48,387 [WARN] PackLoader:240 - Cannot read IP mode file for Cesanta.I-CUBE-Mongoose.7.13.0
2026-01-22 15:53:48,396 [WARN] PackLoader:240 - Cannot read IP mode file for STMicroelectronics.X-CUBE-AZRTOS-G4.2.0.0
2026-01-22 15:53:48,405 [WARN] PackLoader:240 - Cannot read IP mode file for Infineon.AIROC-Wi-Fi-Bluetooth-STM32.1.5.1
2026-01-22 15:53:48,411 [WARN] PackLoader:240 - Cannot read IP mode file for wolfSSL.I-CUBE-wolfSSH.1.4.20
2026-01-22 15:53:48,414 [WARN] PackLoader:240 - Cannot read IP mode file for STMicroelectronics.X-CUBE-NFC7.2.0.0
2026-01-22 15:53:48,418 [WARN] PackLoader:240 - Cannot read IP mode file for STMicroelectronics.FP-SNS-MOTENVWB1.1.3.1
2026-01-22 15:53:48,422 [WARN] PackLoader:240 - Cannot read IP mode file for STMicroelectronics.X-CUBE-ISPU.2.0.0
2026-01-22 15:53:48,431 [WARN] PackLoader:240 - Cannot read IP mode file for STMicroelectronics.X-CUBE-IPS.3.1.0
2026-01-22 15:53:48,439 [WARN] PackLoader:240 - Cannot read IP mode file for STMicroelectronics.X-CUBE-ALS.1.0.2
2026-01-22 15:53:48,460 [WARN] PackLoader:240 - Cannot read IP mode file for STMicroelectronics.X-CUBE-MEMS1.10.0.0
2026-01-22 15:53:48,523 [WARN] PackLoader:240 - Cannot read IP mode file for STMicroelectronics.X-CUBE-FREERTOS.1.1.0
2026-01-22 15:53:48,525 [WARN] PackLoader:240 - Cannot read IP mode file for STMicroelectronics.X-CUBE-TOUCHGFX.4.24.1
2026-01-22 15:53:48,529 [WARN] PackLoader:240 - Cannot read IP mode file for STMicroelectronics.X-CUBE-STSE01.1.0.0
2026-01-22 15:53:48,532 [WARN] PackLoader:240 - Cannot read IP mode file for wolfSSL.I-CUBE-wolfTPM.3.4.0
2026-01-22 15:53:48,536 [WARN] PackLoader:240 - Cannot read IP mode file for portGmbH.I-Cube-SoM-uGOAL.1.1.0
2026-01-22 15:53:48,538 [WARN] PackLoader:240 - Cannot read IP mode file for STMicroelectronics.X-CUBE-ALS.1.0.1
2026-01-22 15:53:48,548 [WARN] PackLoader:240 - Cannot read IP mode file for STMicroelectronics.X-CUBE-AZRTOS-H7RS.1.0.0
2026-01-22 15:53:48,553 [WARN] PackLoader:240 - Cannot read IP mode file for STMicroelectronics.FP-ATR-ASTRA1.2.0.0
2026-01-22 15:53:48,560 [WARN] PackLoader:240 - Cannot read IP mode file for STMicroelectronics.X-CUBE-TOF1.3.4.2
2026-01-22 15:53:48,569 [WARN] PackLoader:240 - Cannot read IP mode file for STMicroelectronics.X-CUBE-TOF1.3.4.3
2026-01-22 15:53:48,579 [WARN] PackLoader:240 - Cannot read IP mode file for STMicroelectronics.X-CUBE-TOF1.3.4.0
2026-01-22 15:53:48,592 [WARN] PackLoader:240 - Cannot read IP mode file for STMicroelectronics.X-CUBE-AZRTOS-H7.3.2.0
2026-01-22 15:53:48,595 [WARN] PackLoader:240 - Cannot read IP mode file for wolfSSL.I-CUBE-wolfSSH.1.4.17
2026-01-22 15:53:48,595 [INFO] ThirdParty:978 - Integrity check success = true
2026-01-22 15:53:48,596 [INFO] IntegrityCheckThread:100 - exiting critical section [integrity check]
2026-01-22 15:53:48,596 [INFO] IntegrityCheckThread:103 - End integrity checks thread
2026-01-22 15:54:01,332 [ERROR] LogOutputStream:75 - [STDERR_REDIRECT] 
2026-01-22 15:54:35,337 [INFO] Activator:176 - 


2026-01-22 15:54:35,339 [INFO] Activator:177 - !SESSION log4j initialized
2026-01-22 15:54:39,571 [INFO] LogOutputStream:77 - [STDOUT_REDIRECT] 
2026-01-22 15:54:40,198 [INFO] ApplicationProperties:184 - Using Application install path: C:\Users\MSI GF63\STM32CubeIDE_1.14.0\STM32CubeIDE\plugins\com.st.stm32cube.common.mx_6.15.0.202507011659
2026-01-22 15:54:40,214 [INFO] DbMcusXml:78 - Set database path to: C:\Users\MSI GF63\STM32CubeIDE_1.14.0\STM32CubeIDE\plugins\com.st.stm32cube.common.mx_6.15.0.202507011659\\db\/mcu/
2026-01-22 15:54:40,214 [INFO] ApiDb:274 - Set plugin database path to: C:\Users\MSI GF63\STM32CubeIDE_1.14.0\STM32CubeIDE\plugins\com.st.stm32cube.common.mx_6.15.0.202507011659\\db\/plugins/boardmanager/
2026-01-22 15:54:40,214 [WARN] ApiDb:259 - Overriding images path with different value:  => C:\Users\MSI GF63\STM32CubeIDE_1.14.0\STM32CubeIDE\plugins\com.st.stm32cube.common.mx_6.15.0.202507011659\\db\/plugins/mcufinder/images/
2026-01-22 15:54:40,219 [INFO] ApiDb:250 - Set database path to: C:\Users\MSI GF63\.stmcufinder\plugins\mcufinder//mcu/
2026-01-22 15:54:40,220 [INFO] DbMcusAds:125 - Set database path to: C:\Users\MSI GF63\.stmcufinder\plugins\mcufinder//mcu/
2026-01-22 15:54:40,222 [INFO] CrossReferenceDbSqlite:203 - Set database path to: C:\Users\MSI GF63\.stmcufinder\plugins\mcufinder//mcu/cs/
2026-01-22 15:54:40,340 [INFO] RulesReader:64 - Compatibility file has been processed (317 Rules)
2026-01-22 15:54:40,427 [INFO] DbMcusXml:78 - Set database path to: C:\Users\MSI GF63\STM32CubeIDE_1.14.0\STM32CubeIDE\plugins\com.st.stm32cube.common.mx_6.15.0.202507011659\\db\/mcu/
2026-01-22 15:54:40,427 [INFO] ApiDb:274 - Set plugin database path to: C:\Users\MSI GF63\STM32CubeIDE_1.14.0\STM32CubeIDE\plugins\com.st.stm32cube.common.mx_6.15.0.202507011659\\db\/plugins/boardmanager/
2026-01-22 15:54:40,427 [INFO] ApiDb:261 - Set plugin images path to: C:\Users\MSI GF63\STM32CubeIDE_1.14.0\STM32CubeIDE\plugins\com.st.stm32cube.common.mx_6.15.0.202507011659\\db\/plugins/mcufinder/images/
2026-01-22 15:54:40,427 [WARN] DbFile:41 - Overriding database path with different value: C:\Users\MSI GF63\.stmcufinder\plugins\mcufinder/ => C:\Users\MSI GF63\.stmcufinder\plugins\mcufinder
2026-01-22 15:54:40,427 [INFO] ApiDb:250 - Set database path to: C:\Users\MSI GF63\.stmcufinder\plugins\mcufinder//mcu/
2026-01-22 15:54:40,427 [WARN] DbFile:41 - Overriding database path with different value: C:\Users\MSI GF63\.stmcufinder\plugins\mcufinder/ => C:\Users\MSI GF63\.stmcufinder\plugins\mcufinder
2026-01-22 15:54:40,427 [INFO] DbMcusAds:125 - Set database path to: C:\Users\MSI GF63\.stmcufinder\plugins\mcufinder//mcu/
2026-01-22 15:54:40,427 [WARN] DbFile:41 - Overriding database path with different value: C:\Users\MSI GF63\.stmcufinder\plugins\mcufinder/ => C:\Users\MSI GF63\.stmcufinder\plugins\mcufinder
2026-01-22 15:54:40,427 [WARN] DbFile:41 - Overriding database path with different value: C:\Users\MSI GF63\.stmcufinder\plugins\mcufinder/ => C:\Users\MSI GF63\.stmcufinder\plugins\mcufinder
2026-01-22 15:54:40,428 [INFO] CrossReferenceDbSqlite:203 - Set database path to: C:\Users\MSI GF63\.stmcufinder\plugins\mcufinder//mcu/cs/
2026-01-22 15:54:40,495 [INFO] MainPanel:274 - HeapMemory: 268435456
2026-01-22 15:54:40,573 [INFO] DbMcusXml:78 - Set database path to: C:\Users\MSI GF63\STM32CubeIDE_1.14.0\STM32CubeIDE\plugins\com.st.stm32cube.common.mx_6.15.0.202507011659\\db\/mcu/
2026-01-22 15:54:40,573 [INFO] ApiDb:274 - Set plugin database path to: C:\Users\MSI GF63\STM32CubeIDE_1.14.0\STM32CubeIDE\plugins\com.st.stm32cube.common.mx_6.15.0.202507011659\\db\/plugins/boardmanager/
2026-01-22 15:54:40,573 [INFO] ApiDb:261 - Set plugin images path to: C:\Users\MSI GF63\STM32CubeIDE_1.14.0\STM32CubeIDE\plugins\com.st.stm32cube.common.mx_6.15.0.202507011659\\db\/plugins/mcufinder/images/
2026-01-22 15:54:40,574 [WARN] DbFile:41 - Overriding database path with different value: C:\Users\MSI GF63\.stmcufinder\plugins\mcufinder/ => C:\Users\MSI GF63\.stmcufinder\plugins\mcufinder
2026-01-22 15:54:40,574 [INFO] ApiDb:250 - Set database path to: C:\Users\MSI GF63\.stmcufinder\plugins\mcufinder//mcu/
2026-01-22 15:54:40,574 [WARN] DbFile:41 - Overriding database path with different value: C:\Users\MSI GF63\.stmcufinder\plugins\mcufinder/ => C:\Users\MSI GF63\.stmcufinder\plugins\mcufinder
2026-01-22 15:54:40,574 [INFO] DbMcusAds:125 - Set database path to: C:\Users\MSI GF63\.stmcufinder\plugins\mcufinder//mcu/
2026-01-22 15:54:40,574 [WARN] DbFile:41 - Overriding database path with different value: C:\Users\MSI GF63\.stmcufinder\plugins\mcufinder/ => C:\Users\MSI GF63\.stmcufinder\plugins\mcufinder
2026-01-22 15:54:40,574 [WARN] DbFile:41 - Overriding database path with different value: C:\Users\MSI GF63\.stmcufinder\plugins\mcufinder/ => C:\Users\MSI GF63\.stmcufinder\plugins\mcufinder
2026-01-22 15:54:40,574 [INFO] CrossReferenceDbSqlite:203 - Set database path to: C:\Users\MSI GF63\.stmcufinder\plugins\mcufinder//mcu/cs/
2026-01-22 15:54:40,590 [INFO] ApplicationProperties:184 - Using Application install path: C:\Users\MSI GF63\STM32CubeIDE_1.14.0\STM32CubeIDE\plugins\com.st.stm32cube.common.mx_6.15.0.202507011659
2026-01-22 15:54:40,600 [INFO] PluginManage:196 - Search for loadable plugins [exclusion list=, ]
2026-01-22 15:54:40,602 [INFO] PluginManage:310 - Check plugin analytics
2026-01-22 15:54:40,763 [INFO] AnalyticsPlugin:253 - Accepted Software Licenses: STM32CubeMX.6.13.0
2026-01-22 15:54:40,764 [INFO] AnalyticsPlugin:255 - Accepted CMSIS Pack Licenses: 
2026-01-22 15:54:40,764 [INFO] AnalyticsPlugin:257 - Accepted Firmware Licenses: FW.F4.1.28.0
2026-01-22 15:54:40,767 [INFO] PluginManage:359 - Loaded plugin analytics (category:tool,tabindex:-1)
2026-01-22 15:54:40,767 [INFO] PluginManage:310 - Check plugin cadmodel
2026-01-22 15:54:40,770 [INFO] CADModel:105 - Init CAD model plugin
2026-01-22 15:54:40,770 [INFO] PluginManage:359 - Loaded plugin cadmodel (category:power,tabindex:5)
2026-01-22 15:54:40,770 [INFO] PluginManage:310 - Check plugin clock
2026-01-22 15:54:40,778 [INFO] PluginManage:359 - Loaded plugin clock (category:base,tabindex:2)
2026-01-22 15:54:40,778 [INFO] PluginManage:310 - Check plugin ddr
2026-01-22 15:54:40,780 [INFO] PluginManage:359 - Loaded plugin ddr (category:tool,tabindex:6)
2026-01-22 15:54:40,780 [INFO] PluginManage:310 - Check plugin filemanager
2026-01-22 15:54:40,909 [INFO] PluginManage:359 - Loaded plugin filemanager (category:base,tabindex:10)
2026-01-22 15:54:40,910 [INFO] PluginManage:310 - Check plugin ipmanager
2026-01-22 15:54:40,917 [INFO] PluginManage:359 - Loaded plugin ipmanager (category:base,tabindex:5)
2026-01-22 15:54:40,917 [INFO] PluginManage:310 - Check plugin lpbam
2026-01-22 15:54:40,926 [INFO] PluginManage:359 - Loaded plugin lpbam (category:base,tabindex:0)
2026-01-22 15:54:40,926 [INFO] PluginManage:310 - Check plugin memorymap
2026-01-22 15:54:40,938 [INFO] PluginManage:359 - Loaded plugin memorymap (category:base,tabindex:4)
2026-01-22 15:54:40,938 [INFO] PluginManage:310 - Check plugin pinoutandconfiguration
2026-01-22 15:54:40,945 [INFO] PluginManage:359 - Loaded plugin pinoutandconfiguration (category:base,tabindex:1)
2026-01-22 15:54:40,945 [INFO] PluginManage:310 - Check plugin pinoutconfig
2026-01-22 15:54:41,028 [WARN] SupportedApi:132 - Cannot load RTOS API schema: s4s-elt-must-match.1: The content of 'definitions' must match (annotation?, (simpleType | complexType)?, (unique | key | keyref)*)). A problem was found starting at: attribute.
2026-01-22 15:54:41,181 [INFO] PluginManage:359 - Loaded plugin pinoutconfig (category:base,tabindex:0)
2026-01-22 15:54:41,181 [INFO] PluginManage:310 - Check plugin power
2026-01-22 15:54:41,192 [INFO] PluginManage:359 - Loaded plugin power (category:power,tabindex:4)
2026-01-22 15:54:41,192 [INFO] PluginManage:310 - Check plugin projectmanager
2026-01-22 15:54:41,209 [INFO] PluginManage:359 - Loaded plugin projectmanager (category:projectmanager,tabindex:4)
2026-01-22 15:54:41,209 [INFO] PluginManage:310 - Check plugin rif
2026-01-22 15:54:41,217 [INFO] PluginManage:359 - Loaded plugin rif (category:base,tabindex:3)
2026-01-22 15:54:41,217 [INFO] PluginManage:310 - Check plugin thirdparty
2026-01-22 15:54:41,332 [INFO] PluginManage:359 - Loaded plugin thirdparty (category:base,tabindex:-1)
2026-01-22 15:54:41,332 [WARN] IntegrityCheckThread:84 - waiting for thirdparty lock release [integrity check]
2026-01-22 15:54:41,332 [INFO] PluginManage:310 - Check plugin tools
2026-01-22 15:54:41,332 [INFO] IntegrityCheckThread:86 - entering critical section [integrity check]
2026-01-22 15:54:41,333 [INFO] ThirdPartyUpdaterWithRetryManager:70 - Updater plugin not ready yet. [1/15]
2026-01-22 15:54:41,336 [INFO] PluginManage:359 - Loaded plugin tools (category:base,tabindex:7)
2026-01-22 15:54:41,336 [INFO] PluginManage:310 - Check plugin tutovideos
2026-01-22 15:54:41,522 [INFO] PluginManage:359 - Loaded plugin tutovideos (category:base,tabindex:-1)
2026-01-22 15:54:41,522 [INFO] PluginManage:310 - Check plugin updater
2026-01-22 15:54:41,540 [INFO] PluginManage:359 - Loaded plugin updater (category:base,tabindex:12)
2026-01-22 15:54:41,540 [INFO] PluginManage:310 - Check plugin userauth
2026-01-22 15:54:41,544 [INFO] UserAuth:118 - Init User Auth plugin
2026-01-22 15:54:41,545 [INFO] PluginManage:359 - Loaded plugin userauth (category:base,tabindex:14)
2026-01-22 15:54:41,546 [INFO] PluginManage:283 - PluginManage : Loaded plugins [18]
2026-01-22 15:54:41,736 [INFO] PinOutPanel:1589 - setPackage(No Configuration,No Configuration)
2026-01-22 15:54:41,812 [INFO] CADModel:165 - CPN selected for project level
2026-01-22 15:54:41,812 [INFO] CADModel:114 - Register for checkConnection events
2026-01-22 15:54:41,841 [INFO] IPUIPlugin:80 - create IPUIPlugin
2026-01-22 15:54:41,842 [INFO] PluginManager:220 - loadIPPluginJar : add adc
2026-01-22 15:54:41,845 [INFO] IPUIPlugin:80 - create IPUIPlugin
2026-01-22 15:54:41,846 [INFO] PluginManager:220 - loadIPPluginJar : add aes
2026-01-22 15:54:41,849 [INFO] IPUIPlugin:80 - create IPUIPlugin
2026-01-22 15:54:41,849 [INFO] PluginManager:220 - loadIPPluginJar : add can
2026-01-22 15:54:41,851 [INFO] IPUIPlugin:80 - create IPUIPlugin
2026-01-22 15:54:41,851 [INFO] PluginManager:220 - loadIPPluginJar : add comp
2026-01-22 15:54:41,854 [INFO] IPUIPlugin:80 - create IPUIPlugin
2026-01-22 15:54:41,854 [INFO] PluginManager:220 - loadIPPluginJar : add cryp
2026-01-22 15:54:41,856 [INFO] IPUIPlugin:80 - create IPUIPlugin
2026-01-22 15:54:41,857 [INFO] PluginManager:220 - loadIPPluginJar : add ddr_ctrl_phy
2026-01-22 15:54:41,859 [INFO] IPUIPlugin:80 - create IPUIPlugin
2026-01-22 15:54:41,860 [INFO] PluginManager:220 - loadIPPluginJar : add dfsdm
2026-01-22 15:54:41,867 [INFO] IPUIPlugin:80 - create IPUIPlugin
2026-01-22 15:54:41,867 [INFO] PluginManager:220 - loadIPPluginJar : add dma
2026-01-22 15:54:41,870 [INFO] IPUIPlugin:80 - create IPUIPlugin
2026-01-22 15:54:41,870 [INFO] PluginManager:220 - loadIPPluginJar : add dma3
2026-01-22 15:54:41,873 [INFO] IPUIPlugin:80 - create IPUIPlugin
2026-01-22 15:54:41,873 [INFO] PluginManager:220 - loadIPPluginJar : add extmemmanager
2026-01-22 15:54:41,875 [INFO] IPUIPlugin:80 - create IPUIPlugin
2026-01-22 15:54:41,875 [INFO] PluginManager:220 - loadIPPluginJar : add fatfs
2026-01-22 15:54:41,880 [INFO] IPUIPlugin:80 - create IPUIPlugin
2026-01-22 15:54:41,881 [INFO] PluginManager:220 - loadIPPluginJar : add fmc
2026-01-22 15:54:41,886 [INFO] IPUIPlugin:80 - create IPUIPlugin
2026-01-22 15:54:41,886 [INFO] PluginManager:220 - loadIPPluginJar : add freertos
2026-01-22 15:54:41,887 [INFO] IPUIPlugin:80 - create IPUIPlugin
2026-01-22 15:54:41,887 [INFO] PluginManager:220 - loadIPPluginJar : add genericplugin
2026-01-22 15:54:41,889 [INFO] IPUIPlugin:80 - create IPUIPlugin
2026-01-22 15:54:41,889 [INFO] PluginManager:220 - loadIPPluginJar : add gfxmmu
2026-01-22 15:54:41,893 [INFO] IPUIPlugin:80 - create IPUIPlugin
2026-01-22 15:54:41,893 [INFO] PluginManager:220 - loadIPPluginJar : add gic
2026-01-22 15:54:41,896 [INFO] IPUIPlugin:80 - create IPUIPlugin
2026-01-22 15:54:41,896 [INFO] PluginManager:220 - loadIPPluginJar : add gpio
2026-01-22 15:54:41,899 [INFO] IPUIPlugin:80 - create IPUIPlugin
2026-01-22 15:54:41,900 [INFO] PluginManager:220 - loadIPPluginJar : add gtzc
2026-01-22 15:54:41,902 [INFO] IPUIPlugin:80 - create IPUIPlugin
2026-01-22 15:54:41,902 [INFO] PluginManager:220 - loadIPPluginJar : add hash
2026-01-22 15:54:41,904 [INFO] IPUIPlugin:80 - create IPUIPlugin
2026-01-22 15:54:41,904 [INFO] PluginManager:220 - loadIPPluginJar : add i2c
2026-01-22 15:54:41,906 [INFO] IPUIPlugin:80 - create IPUIPlugin
2026-01-22 15:54:41,906 [INFO] PluginManager:220 - loadIPPluginJar : add i2s
2026-01-22 15:54:41,908 [INFO] IPUIPlugin:80 - create IPUIPlugin
2026-01-22 15:54:41,909 [INFO] PluginManager:220 - loadIPPluginJar : add i3c
2026-01-22 15:54:41,911 [INFO] IPUIPlugin:80 - create IPUIPlugin
2026-01-22 15:54:41,911 [INFO] PluginManager:220 - loadIPPluginJar : add ipddr
2026-01-22 15:54:41,916 [INFO] IPUIPlugin:80 - create IPUIPlugin
2026-01-22 15:54:41,916 [INFO] PluginManager:220 - loadIPPluginJar : add linkedlist
2026-01-22 15:54:41,919 [INFO] IPUIPlugin:80 - create IPUIPlugin
2026-01-22 15:54:41,919 [INFO] PluginManager:220 - loadIPPluginJar : add lorawan
2026-01-22 15:54:41,920 [INFO] IPUIPlugin:80 - create IPUIPlugin
2026-01-22 15:54:41,920 [INFO] PluginManager:220 - loadIPPluginJar : add ltdc
2026-01-22 15:54:41,926 [INFO] IPUIPlugin:80 - create IPUIPlugin
2026-01-22 15:54:41,926 [INFO] PluginManager:220 - loadIPPluginJar : add mdma
2026-01-22 15:54:41,928 [INFO] IPUIPlugin:80 - create IPUIPlugin
2026-01-22 15:54:41,929 [INFO] PluginManager:220 - loadIPPluginJar : add nvic
2026-01-22 15:54:41,931 [INFO] IPUIPlugin:80 - create IPUIPlugin
2026-01-22 15:54:41,931 [INFO] PluginManager:220 - loadIPPluginJar : add opamp
2026-01-22 15:54:41,933 [INFO] IPUIPlugin:80 - create IPUIPlugin
2026-01-22 15:54:41,933 [INFO] PluginManager:220 - loadIPPluginJar : add openamp
2026-01-22 15:54:41,936 [INFO] IPUIPlugin:80 - create IPUIPlugin
2026-01-22 15:54:41,936 [INFO] PluginManager:220 - loadIPPluginJar : add pdm2pcm
2026-01-22 15:54:41,942 [INFO] IPUIPlugin:80 - create IPUIPlugin
2026-01-22 15:54:41,945 [INFO] PluginManager:220 - loadIPPluginJar : add plateformsettings
2026-01-22 15:54:41,947 [INFO] IPUIPlugin:80 - create IPUIPlugin
2026-01-22 15:54:41,947 [INFO] PluginManager:220 - loadIPPluginJar : add quadspi
2026-01-22 15:54:41,949 [INFO] IPUIPlugin:80 - create IPUIPlugin
2026-01-22 15:54:41,950 [INFO] PluginManager:220 - loadIPPluginJar : add radio
2026-01-22 15:54:41,953 [INFO] IPUIPlugin:80 - create IPUIPlugin
2026-01-22 15:54:41,953 [INFO] PluginManager:220 - loadIPPluginJar : add resmgrutility
2026-01-22 15:54:41,955 [INFO] IPUIPlugin:80 - create IPUIPlugin
2026-01-22 15:54:41,955 [INFO] PluginManager:220 - loadIPPluginJar : add sai
2026-01-22 15:54:41,958 [INFO] IPUIPlugin:80 - create IPUIPlugin
2026-01-22 15:54:41,958 [INFO] PluginManager:220 - loadIPPluginJar : add spi
2026-01-22 15:54:41,962 [INFO] IPUIPlugin:80 - create IPUIPlugin
2026-01-22 15:54:41,963 [INFO] PluginManager:220 - loadIPPluginJar : add stm32_wpan
2026-01-22 15:54:41,964 [INFO] IPUIPlugin:80 - create IPUIPlugin
2026-01-22 15:54:41,964 [INFO] PluginManager:220 - loadIPPluginJar : add tim
2026-01-22 15:54:41,967 [INFO] IPUIPlugin:80 - create IPUIPlugin
2026-01-22 15:54:41,967 [INFO] PluginManager:220 - loadIPPluginJar : add touchsensing
2026-01-22 15:54:41,968 [INFO] IPUIPlugin:80 - create IPUIPlugin
2026-01-22 15:54:41,969 [INFO] PluginManager:220 - loadIPPluginJar : add tracer_emb
2026-01-22 15:54:41,970 [INFO] IPUIPlugin:80 - create IPUIPlugin
2026-01-22 15:54:41,970 [INFO] PluginManager:220 - loadIPPluginJar : add ts
2026-01-22 15:54:41,971 [INFO] IPUIPlugin:80 - create IPUIPlugin
2026-01-22 15:54:41,971 [INFO] PluginManager:220 - loadIPPluginJar : add tsc
2026-01-22 15:54:41,974 [INFO] IPUIPlugin:80 - create IPUIPlugin
2026-01-22 15:54:41,974 [INFO] PluginManager:220 - loadIPPluginJar : add ucpd
2026-01-22 15:54:41,977 [INFO] IPUIPlugin:80 - create IPUIPlugin
2026-01-22 15:54:41,977 [INFO] PluginManager:220 - loadIPPluginJar : add usart
2026-01-22 15:54:41,980 [INFO] IPUIPlugin:80 - create IPUIPlugin
2026-01-22 15:54:41,980 [INFO] PluginManager:220 - loadIPPluginJar : add usbx
2026-01-22 15:54:42,096 [FATAL] Updater:351 - Updater called before beeing initialized
2026-01-22 15:54:42,120 [INFO] RulesReader:64 - Compatibility file has been processed (317 Rules)
2026-01-22 15:54:42,130 [INFO] RulesReader:64 - Compatibility file has been processed (317 Rules)
2026-01-22 15:54:42,139 [INFO] CADModel:165 - CPN selected for project level
2026-01-22 15:54:42,139 [INFO] CADModel:114 - Register for checkConnection events
2026-01-22 15:54:42,139 [FATAL] Updater:351 - Updater called before beeing initialized
2026-01-22 15:54:42,139 [ERROR] CADModel:125 - Updater not yet initialized, retry later 
2026-01-22 15:54:42,274 [FATAL] Updater:351 - Updater called before beeing initialized
2026-01-22 15:54:42,276 [INFO] CADModel:165 - CPN selected for project level
2026-01-22 15:54:42,276 [INFO] CADModel:114 - Register for checkConnection events
2026-01-22 15:54:42,276 [FATAL] Updater:351 - Updater called before beeing initialized
2026-01-22 15:54:42,276 [ERROR] CADModel:125 - Updater not yet initialized, retry later 
2026-01-22 15:54:42,280 [FATAL] Updater:351 - Updater called before beeing initialized
2026-01-22 15:54:42,380 [FATAL] Updater:351 - Updater called before beeing initialized
2026-01-22 15:54:42,384 [INFO] DbMcusAds:53 - JSON generation date=Tue Dec 16 04:41:46 IST 2025 (1765840306612)
2026-01-22 15:54:42,385 [FATAL] Updater:351 - Updater called before beeing initialized
2026-01-22 15:54:42,411 [WARN] DetailPanel:346 - Failed to get advertising image, set to default
2026-01-22 15:54:42,485 [FATAL] Updater:351 - Updater called before beeing initialized
2026-01-22 15:54:42,487 [FATAL] Updater:351 - Updater called before beeing initialized
2026-01-22 15:54:42,487 [FATAL] Updater:351 - Updater called before beeing initialized
2026-01-22 15:54:42,487 [WARN] DetailPanel:346 - Failed to get advertising image, set to default
2026-01-22 15:54:42,488 [FATAL] Updater:351 - Updater called before beeing initialized
2026-01-22 15:54:42,538 [ERROR] Updater:1198 - MainUpdater not yet initialized. External WinMGr cannot be set.
2026-01-22 15:54:42,540 [INFO] Updater:1134 - Updater Version found : 6.15.0
2026-01-22 15:54:42,554 [INFO] ApplicationProperties:184 - Using Application install path: C:\Users\MSI GF63\STM32CubeIDE_1.14.0\STM32CubeIDE\plugins\com.st.stm32cube.common.mx_6.15.0.202507011659
2026-01-22 15:54:43,029 [INFO] MainUpdater:2872 - connection check result : 10
2026-01-22 15:54:43,030 [INFO] MainUpdater:289 - Updater Check For Update Now.
2026-01-22 15:54:43,030 [INFO] MicroXplorer:498 - Change Database Version : DB.6.0.150
2026-01-22 15:54:43,035 [INFO] McuFinderGlobals:63 - Set McuFinder mode to 2 (CubeIDE integrated)
2026-01-22 15:54:43,036 [INFO] UserAuth:487 - Internet connection configuration mode: 1
2026-01-22 15:54:43,059 [INFO] JxBrowserEngine:152 - Initiate JxBrowser Engine with user profile folder
2026-01-22 15:54:43,223 [INFO] CheckServerUpdateThread:120 - End of CheckServer Thread
2026-01-22 15:54:43,715 [INFO] WebApp:169 - Instantiating new browser for Auth
2026-01-22 15:54:44,200 [INFO] WebApp:463 - Apply proxy settings
2026-01-22 15:54:44,201 [INFO] WebApp:548 - Chromium requires no authentication
2026-01-22 15:54:44,207 [INFO] WebApp:491 - Direct internet connection detected
2026-01-22 15:54:44,231 [INFO] WebApp:900 - Register for checkConnection events
2026-01-22 15:54:44,231 [INFO] WebApp:463 - Apply proxy settings
2026-01-22 15:54:44,231 [INFO] WebApp:548 - Chromium requires no authentication
2026-01-22 15:54:44,232 [INFO] WebApp:491 - Direct internet connection detected
2026-01-22 15:54:44,380 [INFO] WebApp:225 - Starting web application
2026-01-22 15:54:44,380 [INFO] WebApp:593 - Web application path used C:\Users\MSI GF63\STM32CubeIDE_1.14.0\STM32CubeIDE\plugins\com.st.stm32cube.common.mx_6.15.0.202507011659\db\plugins\mcufinder\reactClient1\index.html
2026-01-22 15:54:44,476 [INFO] UserAuth:487 - Internet connection configuration mode: 1
2026-01-22 15:54:44,544 [WARN] PackLoader:240 - Cannot read IP mode file for STMicroelectronics.FP-SNS-MOTENVWB1.1.4.0
2026-01-22 15:54:44,552 [WARN] PackLoader:240 - Cannot read IP mode file for STMicroelectronics.FP-ATR-ASTRA1.2.0.2
2026-01-22 15:54:44,555 [WARN] PackLoader:240 - Cannot read IP mode file for STMicroelectronics.FP-ATR-ASTRA1.2.0.1
2026-01-22 15:54:44,563 [WARN] PackLoader:240 - Cannot read IP mode file for STMicroelectronics.X-CUBE-SMBUS.2.1.0
2026-01-22 15:54:44,570 [WARN] PackLoader:240 - Cannot read IP mode file for STMicroelectronics.X-CUBE-WB05N.1.1.0
2026-01-22 15:54:44,576 [WARN] PackLoader:240 - Cannot read IP mode file for STMicroelectronics.X-CUBE-ST60.1.0.0
2026-01-22 15:54:44,581 [WARN] PackLoader:240 - Cannot read IP mode file for STMicroelectronics.X-CUBE-TOUCHGFX.4.23.0
2026-01-22 15:54:44,606 [WARN] PackLoader:240 - Cannot read IP mode file for STMicroelectronics.X-CUBE-AZRTOS-F7.1.1.0
2026-01-22 15:54:44,612 [WARN] PackLoader:240 - Cannot read IP mode file for Cesanta.I-CUBE-Mongoose.7.19.0
2026-01-22 15:54:44,617 [WARN] PackLoader:240 - Cannot read IP mode file for STMicroelectronics.FP-SNS-MOTENV1.4.3.2
2026-01-22 15:54:44,665 [WARN] PackLoader:240 - Cannot read IP mode file for STMicroelectronics.X-CUBE-MEMS1.11.0.0
2026-01-22 15:54:44,719 [INFO] WebApp:191 - Connection restablished
2026-01-22 15:54:44,790 [WARN] PackLoader:240 - Cannot read IP mode file for STMicroelectronics.FP-SNS-MOTENV1.5.1.0
2026-01-22 15:54:44,798 [WARN] PackLoader:240 - Cannot read IP mode file for WES.I-CUBE-Cesium.1.4.0
2026-01-22 15:54:44,802 [WARN] PackLoader:240 - Cannot read IP mode file for STMicroelectronics.FP-SNS-FLIGHT1.5.0.2
2026-01-22 15:54:44,817 [WARN] PackLoader:240 - Cannot read IP mode file for Infineon.AIROC-Wi-Fi-Bluetooth-STM32.1.7.0
2026-01-22 15:54:44,832 [WARN] PackLoader:240 - Cannot read IP mode file for Infineon.AIROC-Wi-Fi-Bluetooth-STM32.1.7.1
2026-01-22 15:54:44,852 [WARN] PackLoader:240 - Cannot read IP mode file for STMicroelectronics.X-CUBE-AZRTOS-H7.3.4.0
2026-01-22 15:54:44,859 [WARN] PackLoader:240 - Cannot read IP mode file for STMicroelectronics.X-CUBE-DISPLAY.3.0.0
2026-01-22 15:54:44,865 [WARN] PackLoader:240 - Cannot read IP mode file for STMicroelectronics.X-CUBE-BLE1.7.0.0
2026-01-22 15:54:44,872 [WARN] PackLoader:240 - Cannot read IP mode file for STMicroelectronics.X-CUBE-NFC10.1.0.0
2026-01-22 15:54:44,881 [WARN] PackLoader:240 - Cannot read IP mode file for STMicroelectronics.X-CUBE-BLEMGR.4.0.0
2026-01-22 15:54:44,887 [WARN] PackLoader:240 - Cannot read IP mode file for STMicroelectronics.X-CUBE-ST60.1.1.0
2026-01-22 15:54:44,893 [WARN] PackLoader:240 - Cannot read IP mode file for emotas.I-CUBE-CANOPEN.1.3.0
2026-01-22 15:54:44,897 [WARN] PackLoader:240 - Cannot read IP mode file for STMicroelectronics.X-CUBE-GNSS1.7.1.0
2026-01-22 15:54:44,900 [WARN] PackLoader:240 - Cannot read IP mode file for STMicroelectronics.X-CUBE-TOUCHGFX.4.22.1
2026-01-22 15:54:44,903 [WARN] ConditionMgr:438 - getConditionDescription Invalid condition id : Cortex-A Device cause : null
2026-01-22 15:54:44,915 [WARN] ConditionMgr:1044 - genDependencies : Invalid condition id : Cortex-A Device cause : null
2026-01-22 15:54:44,915 [WARN] ConditionMgr:1044 - genDependencies : Invalid condition id : Cortex-A Device cause : null
2026-01-22 15:54:44,915 [WARN] ConditionMgr:1044 - genDependencies : Invalid condition id : Cortex-A Device cause : null
2026-01-22 15:54:44,925 [WARN] PackLoader:240 - Cannot read IP mode file for STMicroelectronics.FP-SNS-STBOX1.2.1.0
2026-01-22 15:54:44,934 [WARN] PackLoader:240 - Cannot read IP mode file for STMicroelectronics.FP-SNS-SMARTAG2.1.2.0
2026-01-22 15:54:44,938 [WARN] PackLoader:240 - Cannot read IP mode file for STMicroelectronics.FP-SNS-FLIGHT1.5.1.0
2026-01-22 15:54:44,950 [INFO] LogOutputStream:77 - [STDOUT_REDIRECT] 1 : Invalid condition id : UX_CORESTACK_Condition cause : null
2026-01-22 15:54:44,951 [INFO] LogOutputStream:77 - [STDOUT_REDIRECT] 1 : Invalid condition id : UX_CORESTACK_Condition cause : null
2026-01-22 15:54:44,951 [INFO] LogOutputStream:77 - [STDOUT_REDIRECT] 1 : Invalid condition id : UX_CORESTACK_Condition cause : null
2026-01-22 15:54:44,952 [INFO] LogOutputStream:77 - [STDOUT_REDIRECT] 1 : Invalid condition id : UX_CORESTACK_Condition cause : null
2026-01-22 15:54:44,953 [INFO] LogOutputStream:77 - [STDOUT_REDIRECT] 1 : Invalid condition id : UX_CORESTACK_Condition cause : null
2026-01-22 15:54:44,956 [WARN] PackLoader:240 - Cannot read IP mode file for STMicroelectronics.X-CUBE-AZRTOS-WL.2.0.0
2026-01-22 15:54:44,962 [WARN] PackLoader:240 - Cannot read IP mode file for STMicroelectronics.FP-SNS-MOTENV1.5.0.0
2026-01-22 15:54:44,991 [WARN] PackLoader:240 - Cannot read IP mode file for STMicroelectronics.X-CUBE-AZRTOS-H7RS.1.2.0
2026-01-22 15:54:45,000 [WARN] PackLoader:240 - Cannot read IP mode file for wolfSSL.I-CUBE-wolfMQTT.1.19.0
2026-01-22 15:54:45,005 [WARN] PackLoader:240 - Cannot read IP mode file for WES.I-CUBE-Cesium.1.3.0
2026-01-22 15:54:45,009 [WARN] PackLoader:240 - Cannot read IP mode file for STMicroelectronics.X-CUBE-BLE2.3.3.0
2026-01-22 15:54:45,025 [WARN] PackLoader:240 - Cannot read IP mode file for STMicroelectronics.X-CUBE-NFC9.1.0.0
2026-01-22 15:54:45,029 [WARN] PackLoader:240 - Cannot read IP mode file for wolfSSL.I-CUBE-wolfSSL.5.8.0
2026-01-22 15:54:45,032 [WARN] PackLoader:240 - Cannot read IP mode file for wolfSSL.I-CUBE-wolfSSL.5.8.2
2026-01-22 15:54:45,034 [WARN] PackLoader:240 - Cannot read IP mode file for STMicroelectronics.X-CUBE-BLE1.7.1.0
2026-01-22 15:54:45,037 [WARN] PackLoader:240 - Cannot read IP mode file for wolfSSL.I-CUBE-wolfMQTT.1.19.2
2026-01-22 15:54:45,042 [WARN] PackLoader:240 - Cannot read IP mode file for STMicroelectronics.X-CUBE-TCPP.4.1.0
2026-01-22 15:54:45,046 [WARN] PackLoader:240 - Cannot read IP mode file for STMicroelectronics.X-CUBE-FREERTOS.1.4.0
2026-01-22 15:54:45,051 [WARN] PackLoader:240 - Cannot read IP mode file for STMicroelectronics.X-CUBE-EEPRMA1.5.2.0
2026-01-22 15:54:45,058 [WARN] PackLoader:240 - Cannot read IP mode file for STMicroelectronics.X-CUBE-ST67W61.1.1.0
2026-01-22 15:54:45,065 [WARN] PackLoader:240 - Cannot read IP mode file for STMicroelectronics.X-CUBE-AI.10.1.0
2026-01-22 15:54:45,096 [WARN] PackLoader:240 - Cannot read IP mode file for STMicroelectronics.X-CUBE-MEMS1.12.0.0
2026-01-22 15:54:45,152 [WARN] PackLoader:240 - Cannot read IP mode file for STMicroelectronics.X-CUBE-ALGOBUILD.1.3.0
2026-01-22 15:54:45,161 [WARN] PackLoader:240 - Cannot read IP mode file for STMicroelectronics.X-CUBE-AZRTOS-G0.1.1.0
2026-01-22 15:54:45,169 [WARN] PackLoader:240 - Cannot read IP mode file for STMicroelectronics.X-CUBE-SAFEA1.1.2.2
2026-01-22 15:54:45,173 [WARN] PackLoader:240 - Cannot read IP mode file for STMicroelectronics.X-CUBE-NFC4.3.0.0
2026-01-22 15:54:45,180 [WARN] PackLoader:240 - Cannot read IP mode file for EmbeddedOffice.I-CUBE-FS-RTOS.1.0.1
2026-01-22 15:54:45,187 [WARN] PackLoader:240 - Cannot read IP mode file for STMicroelectronics.X-CUBE-WB05N.2.0.0
2026-01-22 15:54:45,195 [WARN] PackLoader:240 - Cannot read IP mode file for STMicroelectronics.X-CUBE-BLEMGR.3.0.0
2026-01-22 15:54:45,201 [WARN] PackLoader:240 - Cannot read IP mode file for wolfSSL.I-CUBE-wolfTPM.3.8.0
2026-01-22 15:54:45,206 [WARN] PackLoader:240 - Cannot read IP mode file for STMicroelectronics.X-CUBE-TCPP.4.2.0
2026-01-22 15:54:45,212 [WARN] PackLoader:240 - Cannot read IP mode file for RealThread.X-CUBE-RT-Thread_Nano.4.1.1
2026-01-22 15:54:45,216 [WARN] PackLoader:240 - Cannot read IP mode file for STMicroelectronics.FP-ATR-SIGFOX1.3.2.0
2026-01-22 15:54:45,220 [WARN] ConditionMgr:438 - getConditionDescription Invalid condition id : Cortex-A Device cause : null
2026-01-22 15:54:45,227 [WARN] ConditionMgr:1044 - genDependencies : Invalid condition id : Cortex-A Device cause : null
2026-01-22 15:54:45,227 [WARN] ConditionMgr:1044 - genDependencies : Invalid condition id : Cortex-A Device cause : null
2026-01-22 15:54:45,227 [WARN] ConditionMgr:1044 - genDependencies : Invalid condition id : Cortex-A Device cause : null
2026-01-22 15:54:45,233 [WARN] PackLoader:240 - Cannot read IP mode file for STMicroelectronics.X-CUBE-EEPRMA1.5.1.0
2026-01-22 15:54:45,240 [WARN] PackLoader:240 - Cannot read IP mode file for ITTIA_DB.I-CUBE-ITTIADB.8.9.0
2026-01-22 15:54:45,246 [WARN] PackLoader:240 - Cannot read IP mode file for STMicroelectronics.X-CUBE-NFC6.3.2.0
2026-01-22 15:54:45,253 [WARN] PackLoader:240 - Cannot read IP mode file for STMicroelectronics.X-CUBE-ST67W61.1.0.0
2026-01-22 15:54:45,256 [WARN] PackLoader:240 - Cannot read IP mode file for STMicroelectronics.X-CUBE-AI.10.2.0
2026-01-22 15:54:45,275 [WARN] PackLoader:240 - Cannot read IP mode file for SEGGER.I-CUBE-embOS.1.3.1
2026-01-22 15:54:45,311 [WARN] PackLoader:240 - Cannot read IP mode file for STMicroelectronics.X-CUBE-ALGOBUILD.1.4.0
2026-01-22 15:54:45,345 [WARN] PackLoader:240 - Cannot read IP mode file for STMicroelectronics.X-CUBE-MEMS1.11.3.0
2026-01-22 15:54:45,430 [WARN] PackLoader:240 - Cannot read IP mode file for STMicroelectronics.X-CUBE-AI.9.1.0
2026-01-22 15:54:45,436 [WARN] PackLoader:240 - Cannot read IP mode file for STMicroelectronics.X-CUBE-PM33A1.1.0.0
2026-01-22 15:54:45,442 [WARN] PackLoader:240 - Cannot read IP mode file for STMicroelectronics.X-CUBE-GNSS1.6.0.0
2026-01-22 15:54:45,455 [WARN] PackLoader:240 - Cannot read IP mode file for STMicroelectronics.X-CUBE-AZRTOS-F4.1.1.0
2026-01-22 15:54:45,461 [WARN] PackLoader:240 - Cannot read IP mode file for wolfSSL.I-CUBE-wolfSSL.5.6.4
2026-01-22 15:54:45,465 [WARN] PackLoader:240 - Cannot read IP mode file for Avnet-IotConnect.X-CUBE-IoTC-DA16k-PMOD.1.0.0
2026-01-22 15:54:45,470 [WARN] PackLoader:240 - Cannot read IP mode file for STMicroelectronics.X-CUBE-ISPU.2.1.0
2026-01-22 15:54:45,493 [WARN] PackLoader:240 - Cannot read IP mode file for STMicroelectronics.X-CUBE-IPS.3.2.0
2026-01-22 15:54:45,503 [WARN] PackLoader:240 - Cannot read IP mode file for wolfSSL.I-CUBE-wolfSSL.5.6.6
2026-01-22 15:54:45,509 [WARN] PackLoader:240 - Cannot read IP mode file for STMicroelectronics.X-CUBE-NFC12.1.0.0
2026-01-22 15:54:45,526 [WARN] PackLoader:240 - Cannot read IP mode file for STMicroelectronics.X-CUBE-AZRTOS-L5.2.0.0
2026-01-22 15:54:45,532 [WARN] PackLoader:240 - Cannot read IP mode file for STMicroelectronics.X-CUBE-EEPRMA1.4.2.0
2026-01-22 15:54:45,538 [WARN] PackLoader:240 - Cannot read IP mode file for STMicroelectronics.X-CUBE-NFC6.3.1.0
2026-01-22 15:54:45,543 [WARN] PackLoader:240 - Cannot read IP mode file for ITTIA_DB.I-CUBE-ITTIADB.8.8.0
2026-01-22 15:54:45,548 [WARN] PackLoader:240 - Cannot read IP mode file for STMicroelectronics.X-CUBE-DPower.1.2.0
2026-01-22 15:54:45,551 [WARN] PackLoader:240 - Cannot read IP mode file for STMicroelectronics.X-CUBE-FREERTOS.1.3.1
2026-01-22 15:54:45,554 [WARN] PackLoader:240 - Cannot read IP mode file for STMicroelectronics.X-CUBE-FREERTOS.1.3.0
2026-01-22 15:54:45,558 [WARN] PackLoader:240 - Cannot read IP mode file for STMicroelectronics.X-CUBE-NFC7.1.0.1
2026-01-22 15:54:45,561 [WARN] PackLoader:240 - Cannot read IP mode file for STMicroelectronics.X-CUBE-TOUCHGFX.4.26.0
2026-01-22 15:54:45,565 [WARN] PackLoader:240 - Cannot read IP mode file for STMicroelectronics.X-CUBE-NFC6.3.0.0
2026-01-22 15:54:45,570 [WARN] PackLoader:240 - Cannot read IP mode file for STMicroelectronics.FP-SNS-STAIOTCFT.1.0.0
2026-01-22 15:54:45,574 [WARN] PackLoader:240 - Cannot read IP mode file for STMicroelectronics.X-CUBE-DPower.1.3.0
2026-01-22 15:54:45,577 [WARN] PackLoader:240 - Cannot read IP mode file for STMicroelectronics.X-CUBE-AI.8.1.0
2026-01-22 15:54:45,588 [WARN] ConditionMgr:438 - getConditionDescription Invalid condition id : LAN8742 Phy interface Condition cause : null
2026-01-22 15:54:45,589 [WARN] PackLoader:240 - Cannot read IP mode file for STMicroelectronics.X-CUBE-AZRTOS-L4.2.0.0
2026-01-22 15:54:45,590 [WARN] ConditionMgr:1044 - genDependencies : Invalid condition id : LAN8742 Phy interface Condition cause : null
2026-01-22 15:54:45,590 [WARN] ConditionMgr:1044 - genDependencies : Invalid condition id : LAN8742 Phy interface Condition cause : null
2026-01-22 15:54:45,590 [WARN] ConditionMgr:1044 - genDependencies : Invalid condition id : LAN8742 Phy interface Condition cause : null
2026-01-22 15:54:45,597 [WARN] PackLoader:240 - Cannot read IP mode file for STMicroelectronics.X-CUBE-SFXS2LP1.4.0.0
2026-01-22 15:54:45,603 [WARN] PackLoader:240 - Cannot read IP mode file for STMicroelectronics.X-CUBE-ST67W61.1.2.0
2026-01-22 15:54:45,621 [WARN] PackLoader:240 - Cannot read IP mode file for STMicroelectronics.X-CUBE-AZRTOS-H7.3.3.0
2026-01-22 15:54:45,630 [WARN] PackLoader:240 - Cannot read IP mode file for STMicroelectronics.X-CUBE-BLEMGR.4.1.0
2026-01-22 15:54:45,637 [WARN] PackLoader:240 - Cannot read IP mode file for STMicroelectronics.X-CUBE-IPS.3.0.0
2026-01-22 15:54:45,645 [WARN] ConditionMgr:438 - getConditionDescription Invalid condition id : UX DEVICE CLASS RTOS Condition cause : null
2026-01-22 15:54:45,646 [WARN] ConditionMgr:438 - getConditionDescription Invalid condition id : UX DEVICE CLASS RTOS Condition cause : null
2026-01-22 15:54:45,647 [WARN] PackLoader:240 - Cannot read IP mode file for STMicroelectronics.X-CUBE-AZRTOS-WB.2.0.0
2026-01-22 15:54:45,647 [WARN] ConditionMgr:1044 - genDependencies : Invalid condition id : UX DEVICE CLASS RTOS Condition cause : null
2026-01-22 15:54:45,647 [WARN] ConditionMgr:1044 - genDependencies : Invalid condition id : UX DEVICE CLASS RTOS Condition cause : null
2026-01-22 15:54:45,647 [WARN] ConditionMgr:1044 - genDependencies : Invalid condition id : UX DEVICE CLASS RTOS Condition cause : null
2026-01-22 15:54:45,648 [WARN] ConditionMgr:1044 - genDependencies : Invalid condition id : UX DEVICE CLASS RTOS Condition cause : null
2026-01-22 15:54:45,648 [WARN] ConditionMgr:1044 - genDependencies : Invalid condition id : UX DEVICE CLASS RTOS Condition cause : null
2026-01-22 15:54:45,652 [WARN] PackLoader:240 - Cannot read IP mode file for STMicroelectronics.X-CUBE-GNSS1.7.0.0
2026-01-22 15:54:45,655 [WARN] PackLoader:240 - Cannot read IP mode file for STMicroelectronics.X-CUBE-GNSS1.7.0.1
2026-01-22 15:54:45,658 [WARN] PackLoader:240 - Cannot read IP mode file for STMicroelectronics.X-CUBE-TOUCHGFX.4.25.0
2026-01-22 15:54:45,661 [WARN] PackLoader:240 - Cannot read IP mode file for STMicroelectronics.FP-SNS-STBOX1.2.0.0
2026-01-22 15:54:45,665 [WARN] ConditionMgr:438 - getConditionDescription Invalid condition id : Cortex-A Device cause : null
2026-01-22 15:54:45,672 [WARN] ConditionMgr:1044 - genDependencies : Invalid condition id : Cortex-A Device cause : null
2026-01-22 15:54:45,672 [WARN] ConditionMgr:1044 - genDependencies : Invalid condition id : Cortex-A Device cause : null
2026-01-22 15:54:45,672 [WARN] ConditionMgr:1044 - genDependencies : Invalid condition id : Cortex-A Device cause : null
2026-01-22 15:54:45,677 [WARN] PackLoader:240 - Cannot read IP mode file for STMicroelectronics.X-CUBE-STSE01.2.0.0
2026-01-22 15:54:45,684 [WARN] PackLoader:240 - Cannot read IP mode file for STMicroelectronics.X-CUBE-SUBG2.5.0.0
2026-01-22 15:54:45,695 [WARN] PackLoader:240 - Cannot read IP mode file for STMicroelectronics.X-CUBE-AZRTOS-H7RS.1.1.0
2026-01-22 15:54:45,698 [WARN] PackLoader:240 - Cannot read IP mode file for Cesanta.I-CUBE-Mongoose.7.13.0
2026-01-22 15:54:45,707 [WARN] PackLoader:240 - Cannot read IP mode file for STMicroelectronics.X-CUBE-AZRTOS-G4.2.0.0
2026-01-22 15:54:45,715 [WARN] PackLoader:240 - Cannot read IP mode file for Infineon.AIROC-Wi-Fi-Bluetooth-STM32.1.5.1
2026-01-22 15:54:45,721 [WARN] PackLoader:240 - Cannot read IP mode file for wolfSSL.I-CUBE-wolfSSH.1.4.20
2026-01-22 15:54:45,726 [WARN] PackLoader:240 - Cannot read IP mode file for STMicroelectronics.X-CUBE-NFC7.2.0.0
2026-01-22 15:54:45,730 [WARN] PackLoader:240 - Cannot read IP mode file for STMicroelectronics.FP-SNS-MOTENVWB1.1.3.1
2026-01-22 15:54:45,735 [WARN] PackLoader:240 - Cannot read IP mode file for STMicroelectronics.X-CUBE-ISPU.2.0.0
2026-01-22 15:54:45,744 [WARN] PackLoader:240 - Cannot read IP mode file for STMicroelectronics.X-CUBE-IPS.3.1.0
2026-01-22 15:54:45,754 [WARN] PackLoader:240 - Cannot read IP mode file for STMicroelectronics.X-CUBE-ALS.1.0.2
2026-01-22 15:54:45,780 [WARN] PackLoader:240 - Cannot read IP mode file for STMicroelectronics.X-CUBE-MEMS1.10.0.0
2026-01-22 15:54:45,843 [WARN] PackLoader:240 - Cannot read IP mode file for STMicroelectronics.X-CUBE-FREERTOS.1.1.0
2026-01-22 15:54:45,845 [WARN] PackLoader:240 - Cannot read IP mode file for STMicroelectronics.X-CUBE-TOUCHGFX.4.24.1
2026-01-22 15:54:45,848 [WARN] PackLoader:240 - Cannot read IP mode file for STMicroelectronics.X-CUBE-STSE01.1.0.0
2026-01-22 15:54:45,852 [WARN] PackLoader:240 - Cannot read IP mode file for wolfSSL.I-CUBE-wolfTPM.3.4.0
2026-01-22 15:54:45,856 [WARN] PackLoader:240 - Cannot read IP mode file for portGmbH.I-Cube-SoM-uGOAL.1.1.0
2026-01-22 15:54:45,859 [WARN] PackLoader:240 - Cannot read IP mode file for STMicroelectronics.X-CUBE-ALS.1.0.1
2026-01-22 15:54:45,867 [WARN] PackLoader:240 - Cannot read IP mode file for STMicroelectronics.X-CUBE-AZRTOS-H7RS.1.0.0
2026-01-22 15:54:45,872 [WARN] PackLoader:240 - Cannot read IP mode file for STMicroelectronics.FP-ATR-ASTRA1.2.0.0
2026-01-22 15:54:45,882 [WARN] PackLoader:240 - Cannot read IP mode file for STMicroelectronics.X-CUBE-TOF1.3.4.2
2026-01-22 15:54:45,892 [WARN] PackLoader:240 - Cannot read IP mode file for STMicroelectronics.X-CUBE-TOF1.3.4.3
2026-01-22 15:54:45,903 [WARN] PackLoader:240 - Cannot read IP mode file for STMicroelectronics.X-CUBE-TOF1.3.4.0
2026-01-22 15:54:45,917 [WARN] PackLoader:240 - Cannot read IP mode file for STMicroelectronics.X-CUBE-AZRTOS-H7.3.2.0
2026-01-22 15:54:45,921 [WARN] PackLoader:240 - Cannot read IP mode file for wolfSSL.I-CUBE-wolfSSH.1.4.17
2026-01-22 15:54:45,922 [INFO] ThirdParty:978 - Integrity check success = true
2026-01-22 15:54:45,922 [INFO] IntegrityCheckThread:100 - exiting critical section [integrity check]
2026-01-22 15:54:45,922 [INFO] IntegrityCheckThread:103 - End integrity checks thread
2026-01-22 15:55:49,220 [ERROR] LogOutputStream:75 - [STDERR_REDIRECT] 
2026-01-22 15:56:19,270 [INFO] Activator:176 - 


2026-01-22 15:56:19,272 [INFO] Activator:177 - !SESSION log4j initialized
2026-01-22 15:56:22,805 [INFO] LogOutputStream:77 - [STDOUT_REDIRECT] 
2026-01-22 15:56:26,100 [INFO] ApplicationProperties:184 - Using Application install path: C:\Users\MSI GF63\STM32CubeIDE_1.14.0\STM32CubeIDE\plugins\com.st.stm32cube.common.mx_6.15.0.202507011659
2026-01-22 15:56:26,118 [INFO] DbMcusXml:78 - Set database path to: C:\Users\MSI GF63\STM32CubeIDE_1.14.0\STM32CubeIDE\plugins\com.st.stm32cube.common.mx_6.15.0.202507011659\\db\/mcu/
2026-01-22 15:56:26,118 [INFO] ApiDb:274 - Set plugin database path to: C:\Users\MSI GF63\STM32CubeIDE_1.14.0\STM32CubeIDE\plugins\com.st.stm32cube.common.mx_6.15.0.202507011659\\db\/plugins/boardmanager/
2026-01-22 15:56:26,119 [WARN] ApiDb:259 - Overriding images path with different value:  => C:\Users\MSI GF63\STM32CubeIDE_1.14.0\STM32CubeIDE\plugins\com.st.stm32cube.common.mx_6.15.0.202507011659\\db\/plugins/mcufinder/images/
2026-01-22 15:56:26,126 [INFO] ApiDb:250 - Set database path to: C:\Users\MSI GF63\.stmcufinder\plugins\mcufinder//mcu/
2026-01-22 15:56:26,128 [INFO] DbMcusAds:125 - Set database path to: C:\Users\MSI GF63\.stmcufinder\plugins\mcufinder//mcu/
2026-01-22 15:56:26,130 [INFO] CrossReferenceDbSqlite:203 - Set database path to: C:\Users\MSI GF63\.stmcufinder\plugins\mcufinder//mcu/cs/
2026-01-22 15:56:26,264 [INFO] RulesReader:64 - Compatibility file has been processed (317 Rules)
2026-01-22 15:56:26,353 [INFO] DbMcusXml:78 - Set database path to: C:\Users\MSI GF63\STM32CubeIDE_1.14.0\STM32CubeIDE\plugins\com.st.stm32cube.common.mx_6.15.0.202507011659\\db\/mcu/
2026-01-22 15:56:26,353 [INFO] ApiDb:274 - Set plugin database path to: C:\Users\MSI GF63\STM32CubeIDE_1.14.0\STM32CubeIDE\plugins\com.st.stm32cube.common.mx_6.15.0.202507011659\\db\/plugins/boardmanager/
2026-01-22 15:56:26,354 [INFO] ApiDb:261 - Set plugin images path to: C:\Users\MSI GF63\STM32CubeIDE_1.14.0\STM32CubeIDE\plugins\com.st.stm32cube.common.mx_6.15.0.202507011659\\db\/plugins/mcufinder/images/
2026-01-22 15:56:26,354 [WARN] DbFile:41 - Overriding database path with different value: C:\Users\MSI GF63\.stmcufinder\plugins\mcufinder/ => C:\Users\MSI GF63\.stmcufinder\plugins\mcufinder
2026-01-22 15:56:26,354 [INFO] ApiDb:250 - Set database path to: C:\Users\MSI GF63\.stmcufinder\plugins\mcufinder//mcu/
2026-01-22 15:56:26,354 [WARN] DbFile:41 - Overriding database path with different value: C:\Users\MSI GF63\.stmcufinder\plugins\mcufinder/ => C:\Users\MSI GF63\.stmcufinder\plugins\mcufinder
2026-01-22 15:56:26,354 [INFO] DbMcusAds:125 - Set database path to: C:\Users\MSI GF63\.stmcufinder\plugins\mcufinder//mcu/
2026-01-22 15:56:26,354 [WARN] DbFile:41 - Overriding database path with different value: C:\Users\MSI GF63\.stmcufinder\plugins\mcufinder/ => C:\Users\MSI GF63\.stmcufinder\plugins\mcufinder
2026-01-22 15:56:26,354 [WARN] DbFile:41 - Overriding database path with different value: C:\Users\MSI GF63\.stmcufinder\plugins\mcufinder/ => C:\Users\MSI GF63\.stmcufinder\plugins\mcufinder
2026-01-22 15:56:26,355 [INFO] CrossReferenceDbSqlite:203 - Set database path to: C:\Users\MSI GF63\.stmcufinder\plugins\mcufinder//mcu/cs/
2026-01-22 15:56:26,435 [INFO] MainPanel:274 - HeapMemory: 268435456
2026-01-22 15:56:26,526 [INFO] DbMcusXml:78 - Set database path to: C:\Users\MSI GF63\STM32CubeIDE_1.14.0\STM32CubeIDE\plugins\com.st.stm32cube.common.mx_6.15.0.202507011659\\db\/mcu/
2026-01-22 15:56:26,526 [INFO] ApiDb:274 - Set plugin database path to: C:\Users\MSI GF63\STM32CubeIDE_1.14.0\STM32CubeIDE\plugins\com.st.stm32cube.common.mx_6.15.0.202507011659\\db\/plugins/boardmanager/
2026-01-22 15:56:26,526 [INFO] ApiDb:261 - Set plugin images path to: C:\Users\MSI GF63\STM32CubeIDE_1.14.0\STM32CubeIDE\plugins\com.st.stm32cube.common.mx_6.15.0.202507011659\\db\/plugins/mcufinder/images/
2026-01-22 15:56:26,526 [WARN] DbFile:41 - Overriding database path with different value: C:\Users\MSI GF63\.stmcufinder\plugins\mcufinder/ => C:\Users\MSI GF63\.stmcufinder\plugins\mcufinder
2026-01-22 15:56:26,526 [INFO] ApiDb:250 - Set database path to: C:\Users\MSI GF63\.stmcufinder\plugins\mcufinder//mcu/
2026-01-22 15:56:26,526 [WARN] DbFile:41 - Overriding database path with different value: C:\Users\MSI GF63\.stmcufinder\plugins\mcufinder/ => C:\Users\MSI GF63\.stmcufinder\plugins\mcufinder
2026-01-22 15:56:26,526 [INFO] DbMcusAds:125 - Set database path to: C:\Users\MSI GF63\.stmcufinder\plugins\mcufinder//mcu/
2026-01-22 15:56:26,526 [WARN] DbFile:41 - Overriding database path with different value: C:\Users\MSI GF63\.stmcufinder\plugins\mcufinder/ => C:\Users\MSI GF63\.stmcufinder\plugins\mcufinder
2026-01-22 15:56:26,526 [WARN] DbFile:41 - Overriding database path with different value: C:\Users\MSI GF63\.stmcufinder\plugins\mcufinder/ => C:\Users\MSI GF63\.stmcufinder\plugins\mcufinder
2026-01-22 15:56:26,527 [INFO] CrossReferenceDbSqlite:203 - Set database path to: C:\Users\MSI GF63\.stmcufinder\plugins\mcufinder//mcu/cs/
2026-01-22 15:56:26,546 [INFO] ApplicationProperties:184 - Using Application install path: C:\Users\MSI GF63\STM32CubeIDE_1.14.0\STM32CubeIDE\plugins\com.st.stm32cube.common.mx_6.15.0.202507011659
2026-01-22 15:56:26,547 [INFO] PluginManage:196 - Search for loadable plugins [exclusion list=, ]
2026-01-22 15:56:26,548 [INFO] PluginManage:310 - Check plugin analytics
2026-01-22 15:56:26,758 [INFO] AnalyticsPlugin:253 - Accepted Software Licenses: STM32CubeMX.6.13.0
2026-01-22 15:56:26,758 [INFO] AnalyticsPlugin:255 - Accepted CMSIS Pack Licenses: 
2026-01-22 15:56:26,759 [INFO] AnalyticsPlugin:257 - Accepted Firmware Licenses: FW.F4.1.28.0
2026-01-22 15:56:26,762 [INFO] PluginManage:359 - Loaded plugin analytics (category:tool,tabindex:-1)
2026-01-22 15:56:26,762 [INFO] PluginManage:310 - Check plugin cadmodel
2026-01-22 15:56:26,769 [INFO] CADModel:105 - Init CAD model plugin
2026-01-22 15:56:26,769 [INFO] PluginManage:359 - Loaded plugin cadmodel (category:power,tabindex:5)
2026-01-22 15:56:26,770 [INFO] PluginManage:310 - Check plugin clock
2026-01-22 15:56:26,781 [INFO] PluginManage:359 - Loaded plugin clock (category:base,tabindex:2)
2026-01-22 15:56:26,781 [INFO] PluginManage:310 - Check plugin ddr
2026-01-22 15:56:26,784 [INFO] PluginManage:359 - Loaded plugin ddr (category:tool,tabindex:6)
2026-01-22 15:56:26,785 [INFO] PluginManage:310 - Check plugin filemanager
2026-01-22 15:56:26,948 [INFO] PluginManage:359 - Loaded plugin filemanager (category:base,tabindex:10)
2026-01-22 15:56:26,949 [INFO] PluginManage:310 - Check plugin ipmanager
2026-01-22 15:56:26,956 [INFO] PluginManage:359 - Loaded plugin ipmanager (category:base,tabindex:5)
2026-01-22 15:56:26,957 [INFO] PluginManage:310 - Check plugin lpbam
2026-01-22 15:56:26,964 [INFO] PluginManage:359 - Loaded plugin lpbam (category:base,tabindex:0)
2026-01-22 15:56:26,965 [INFO] PluginManage:310 - Check plugin memorymap
2026-01-22 15:56:26,975 [INFO] PluginManage:359 - Loaded plugin memorymap (category:base,tabindex:4)
2026-01-22 15:56:26,975 [INFO] PluginManage:310 - Check plugin pinoutandconfiguration
2026-01-22 15:56:26,982 [INFO] PluginManage:359 - Loaded plugin pinoutandconfiguration (category:base,tabindex:1)
2026-01-22 15:56:26,982 [INFO] PluginManage:310 - Check plugin pinoutconfig
2026-01-22 15:56:27,069 [WARN] SupportedApi:132 - Cannot load RTOS API schema: s4s-elt-must-match.1: The content of 'definitions' must match (annotation?, (simpleType | complexType)?, (unique | key | keyref)*)). A problem was found starting at: attribute.
2026-01-22 15:56:27,219 [INFO] PluginManage:359 - Loaded plugin pinoutconfig (category:base,tabindex:0)
2026-01-22 15:56:27,220 [INFO] PluginManage:310 - Check plugin power
2026-01-22 15:56:27,227 [INFO] PluginManage:359 - Loaded plugin power (category:power,tabindex:4)
2026-01-22 15:56:27,227 [INFO] PluginManage:310 - Check plugin projectmanager
2026-01-22 15:56:27,246 [INFO] PluginManage:359 - Loaded plugin projectmanager (category:projectmanager,tabindex:4)
2026-01-22 15:56:27,246 [INFO] PluginManage:310 - Check plugin rif
2026-01-22 15:56:27,261 [INFO] PluginManage:359 - Loaded plugin rif (category:base,tabindex:3)
2026-01-22 15:56:27,261 [INFO] PluginManage:310 - Check plugin thirdparty
2026-01-22 15:56:27,421 [INFO] PluginManage:359 - Loaded plugin thirdparty (category:base,tabindex:-1)
2026-01-22 15:56:27,421 [INFO] PluginManage:310 - Check plugin tools
2026-01-22 15:56:27,421 [WARN] IntegrityCheckThread:84 - waiting for thirdparty lock release [integrity check]
2026-01-22 15:56:27,421 [INFO] IntegrityCheckThread:86 - entering critical section [integrity check]
2026-01-22 15:56:27,422 [INFO] ThirdPartyUpdaterWithRetryManager:70 - Updater plugin not ready yet. [1/15]
2026-01-22 15:56:27,423 [INFO] PluginManage:359 - Loaded plugin tools (category:base,tabindex:7)
2026-01-22 15:56:27,423 [INFO] PluginManage:310 - Check plugin tutovideos
2026-01-22 15:56:27,670 [INFO] PluginManage:359 - Loaded plugin tutovideos (category:base,tabindex:-1)
2026-01-22 15:56:27,670 [INFO] PluginManage:310 - Check plugin updater
2026-01-22 15:56:27,692 [INFO] PluginManage:359 - Loaded plugin updater (category:base,tabindex:12)
2026-01-22 15:56:27,693 [INFO] PluginManage:310 - Check plugin userauth
2026-01-22 15:56:27,697 [INFO] UserAuth:118 - Init User Auth plugin
2026-01-22 15:56:27,698 [INFO] PluginManage:359 - Loaded plugin userauth (category:base,tabindex:14)
2026-01-22 15:56:27,699 [INFO] PluginManage:283 - PluginManage : Loaded plugins [18]
2026-01-22 15:56:27,901 [INFO] PinOutPanel:1589 - setPackage(No Configuration,No Configuration)
2026-01-22 15:56:27,965 [INFO] CADModel:165 - CPN selected for project level
2026-01-22 15:56:27,966 [INFO] CADModel:114 - Register for checkConnection events
2026-01-22 15:56:27,977 [INFO] IPUIPlugin:80 - create IPUIPlugin
2026-01-22 15:56:27,977 [INFO] PluginManager:220 - loadIPPluginJar : add adc
2026-01-22 15:56:27,980 [INFO] IPUIPlugin:80 - create IPUIPlugin
2026-01-22 15:56:27,980 [INFO] PluginManager:220 - loadIPPluginJar : add aes
2026-01-22 15:56:27,982 [INFO] IPUIPlugin:80 - create IPUIPlugin
2026-01-22 15:56:27,982 [INFO] PluginManager:220 - loadIPPluginJar : add can
2026-01-22 15:56:27,983 [INFO] IPUIPlugin:80 - create IPUIPlugin
2026-01-22 15:56:27,983 [INFO] PluginManager:220 - loadIPPluginJar : add comp
2026-01-22 15:56:27,985 [INFO] IPUIPlugin:80 - create IPUIPlugin
2026-01-22 15:56:27,985 [INFO] PluginManager:220 - loadIPPluginJar : add cryp
2026-01-22 15:56:27,986 [INFO] IPUIPlugin:80 - create IPUIPlugin
2026-01-22 15:56:27,986 [INFO] PluginManager:220 - loadIPPluginJar : add ddr_ctrl_phy
2026-01-22 15:56:27,988 [INFO] IPUIPlugin:80 - create IPUIPlugin
2026-01-22 15:56:27,988 [INFO] PluginManager:220 - loadIPPluginJar : add dfsdm
2026-01-22 15:56:27,992 [INFO] IPUIPlugin:80 - create IPUIPlugin
2026-01-22 15:56:27,993 [INFO] PluginManager:220 - loadIPPluginJar : add dma
2026-01-22 15:56:27,995 [INFO] IPUIPlugin:80 - create IPUIPlugin
2026-01-22 15:56:27,995 [INFO] PluginManager:220 - loadIPPluginJar : add dma3
2026-01-22 15:56:27,997 [INFO] IPUIPlugin:80 - create IPUIPlugin
2026-01-22 15:56:27,997 [INFO] PluginManager:220 - loadIPPluginJar : add extmemmanager
2026-01-22 15:56:27,998 [INFO] IPUIPlugin:80 - create IPUIPlugin
2026-01-22 15:56:27,998 [INFO] PluginManager:220 - loadIPPluginJar : add fatfs
2026-01-22 15:56:28,001 [INFO] IPUIPlugin:80 - create IPUIPlugin
2026-01-22 15:56:28,001 [INFO] PluginManager:220 - loadIPPluginJar : add fmc
2026-01-22 15:56:28,004 [INFO] IPUIPlugin:80 - create IPUIPlugin
2026-01-22 15:56:28,005 [INFO] PluginManager:220 - loadIPPluginJar : add freertos
2026-01-22 15:56:28,006 [INFO] IPUIPlugin:80 - create IPUIPlugin
2026-01-22 15:56:28,006 [INFO] PluginManager:220 - loadIPPluginJar : add genericplugin
2026-01-22 15:56:28,007 [INFO] IPUIPlugin:80 - create IPUIPlugin
2026-01-22 15:56:28,007 [INFO] PluginManager:220 - loadIPPluginJar : add gfxmmu
2026-01-22 15:56:28,010 [INFO] IPUIPlugin:80 - create IPUIPlugin
2026-01-22 15:56:28,010 [INFO] PluginManager:220 - loadIPPluginJar : add gic
2026-01-22 15:56:28,013 [INFO] IPUIPlugin:80 - create IPUIPlugin
2026-01-22 15:56:28,013 [INFO] PluginManager:220 - loadIPPluginJar : add gpio
2026-01-22 15:56:28,015 [INFO] IPUIPlugin:80 - create IPUIPlugin
2026-01-22 15:56:28,015 [INFO] PluginManager:220 - loadIPPluginJar : add gtzc
2026-01-22 15:56:28,017 [INFO] IPUIPlugin:80 - create IPUIPlugin
2026-01-22 15:56:28,017 [INFO] PluginManager:220 - loadIPPluginJar : add hash
2026-01-22 15:56:28,019 [INFO] IPUIPlugin:80 - create IPUIPlugin
2026-01-22 15:56:28,019 [INFO] PluginManager:220 - loadIPPluginJar : add i2c
2026-01-22 15:56:28,021 [INFO] IPUIPlugin:80 - create IPUIPlugin
2026-01-22 15:56:28,021 [INFO] PluginManager:220 - loadIPPluginJar : add i2s
2026-01-22 15:56:28,024 [INFO] IPUIPlugin:80 - create IPUIPlugin
2026-01-22 15:56:28,024 [INFO] PluginManager:220 - loadIPPluginJar : add i3c
2026-01-22 15:56:28,026 [INFO] IPUIPlugin:80 - create IPUIPlugin
2026-01-22 15:56:28,027 [INFO] PluginManager:220 - loadIPPluginJar : add ipddr
2026-01-22 15:56:28,031 [INFO] IPUIPlugin:80 - create IPUIPlugin
2026-01-22 15:56:28,032 [INFO] PluginManager:220 - loadIPPluginJar : add linkedlist
2026-01-22 15:56:28,034 [INFO] IPUIPlugin:80 - create IPUIPlugin
2026-01-22 15:56:28,034 [INFO] PluginManager:220 - loadIPPluginJar : add lorawan
2026-01-22 15:56:28,035 [INFO] IPUIPlugin:80 - create IPUIPlugin
2026-01-22 15:56:28,035 [INFO] PluginManager:220 - loadIPPluginJar : add ltdc
2026-01-22 15:56:28,039 [INFO] IPUIPlugin:80 - create IPUIPlugin
2026-01-22 15:56:28,039 [INFO] PluginManager:220 - loadIPPluginJar : add mdma
2026-01-22 15:56:28,041 [INFO] IPUIPlugin:80 - create IPUIPlugin
2026-01-22 15:56:28,041 [INFO] PluginManager:220 - loadIPPluginJar : add nvic
2026-01-22 15:56:28,044 [INFO] IPUIPlugin:80 - create IPUIPlugin
2026-01-22 15:56:28,044 [INFO] PluginManager:220 - loadIPPluginJar : add opamp
2026-01-22 15:56:28,046 [INFO] IPUIPlugin:80 - create IPUIPlugin
2026-01-22 15:56:28,046 [INFO] PluginManager:220 - loadIPPluginJar : add openamp
2026-01-22 15:56:28,048 [INFO] IPUIPlugin:80 - create IPUIPlugin
2026-01-22 15:56:28,048 [INFO] PluginManager:220 - loadIPPluginJar : add pdm2pcm
2026-01-22 15:56:28,052 [INFO] IPUIPlugin:80 - create IPUIPlugin
2026-01-22 15:56:28,054 [INFO] PluginManager:220 - loadIPPluginJar : add plateformsettings
2026-01-22 15:56:28,055 [INFO] IPUIPlugin:80 - create IPUIPlugin
2026-01-22 15:56:28,055 [INFO] PluginManager:220 - loadIPPluginJar : add quadspi
2026-01-22 15:56:28,056 [INFO] IPUIPlugin:80 - create IPUIPlugin
2026-01-22 15:56:28,056 [INFO] PluginManager:220 - loadIPPluginJar : add radio
2026-01-22 15:56:28,059 [INFO] IPUIPlugin:80 - create IPUIPlugin
2026-01-22 15:56:28,059 [INFO] PluginManager:220 - loadIPPluginJar : add resmgrutility
2026-01-22 15:56:28,061 [INFO] IPUIPlugin:80 - create IPUIPlugin
2026-01-22 15:56:28,061 [INFO] PluginManager:220 - loadIPPluginJar : add sai
2026-01-22 15:56:28,062 [INFO] IPUIPlugin:80 - create IPUIPlugin
2026-01-22 15:56:28,062 [INFO] PluginManager:220 - loadIPPluginJar : add spi
2026-01-22 15:56:28,066 [INFO] IPUIPlugin:80 - create IPUIPlugin
2026-01-22 15:56:28,066 [INFO] PluginManager:220 - loadIPPluginJar : add stm32_wpan
2026-01-22 15:56:28,067 [INFO] IPUIPlugin:80 - create IPUIPlugin
2026-01-22 15:56:28,067 [INFO] PluginManager:220 - loadIPPluginJar : add tim
2026-01-22 15:56:28,070 [INFO] IPUIPlugin:80 - create IPUIPlugin
2026-01-22 15:56:28,070 [INFO] PluginManager:220 - loadIPPluginJar : add touchsensing
2026-01-22 15:56:28,071 [INFO] IPUIPlugin:80 - create IPUIPlugin
2026-01-22 15:56:28,072 [INFO] PluginManager:220 - loadIPPluginJar : add tracer_emb
2026-01-22 15:56:28,073 [INFO] IPUIPlugin:80 - create IPUIPlugin
2026-01-22 15:56:28,073 [INFO] PluginManager:220 - loadIPPluginJar : add ts
2026-01-22 15:56:28,076 [INFO] IPUIPlugin:80 - create IPUIPlugin
2026-01-22 15:56:28,076 [INFO] PluginManager:220 - loadIPPluginJar : add tsc
2026-01-22 15:56:28,077 [INFO] IPUIPlugin:80 - create IPUIPlugin
2026-01-22 15:56:28,077 [INFO] PluginManager:220 - loadIPPluginJar : add ucpd
2026-01-22 15:56:28,079 [INFO] IPUIPlugin:80 - create IPUIPlugin
2026-01-22 15:56:28,080 [INFO] PluginManager:220 - loadIPPluginJar : add usart
2026-01-22 15:56:28,082 [INFO] IPUIPlugin:80 - create IPUIPlugin
2026-01-22 15:56:28,082 [INFO] PluginManager:220 - loadIPPluginJar : add usbx
2026-01-22 15:56:28,194 [FATAL] Updater:351 - Updater called before beeing initialized
2026-01-22 15:56:28,224 [INFO] RulesReader:64 - Compatibility file has been processed (317 Rules)
2026-01-22 15:56:28,234 [INFO] RulesReader:64 - Compatibility file has been processed (317 Rules)
2026-01-22 15:56:28,241 [INFO] CADModel:165 - CPN selected for project level
2026-01-22 15:56:28,241 [INFO] CADModel:114 - Register for checkConnection events
2026-01-22 15:56:28,241 [FATAL] Updater:351 - Updater called before beeing initialized
2026-01-22 15:56:28,241 [ERROR] CADModel:125 - Updater not yet initialized, retry later 
2026-01-22 15:56:28,345 [FATAL] Updater:351 - Updater called before beeing initialized
2026-01-22 15:56:28,346 [INFO] CADModel:165 - CPN selected for project level
2026-01-22 15:56:28,346 [INFO] CADModel:114 - Register for checkConnection events
2026-01-22 15:56:28,346 [FATAL] Updater:351 - Updater called before beeing initialized
2026-01-22 15:56:28,346 [ERROR] CADModel:125 - Updater not yet initialized, retry later 
2026-01-22 15:56:28,348 [FATAL] Updater:351 - Updater called before beeing initialized
2026-01-22 15:56:28,425 [FATAL] Updater:351 - Updater called before beeing initialized
2026-01-22 15:56:28,429 [INFO] DbMcusAds:53 - JSON generation date=Tue Dec 16 04:41:46 IST 2025 (1765840306612)
2026-01-22 15:56:28,429 [FATAL] Updater:351 - Updater called before beeing initialized
2026-01-22 15:56:28,454 [WARN] DetailPanel:346 - Failed to get advertising image, set to default
2026-01-22 15:56:28,517 [FATAL] Updater:351 - Updater called before beeing initialized
2026-01-22 15:56:28,518 [FATAL] Updater:351 - Updater called before beeing initialized
2026-01-22 15:56:28,518 [FATAL] Updater:351 - Updater called before beeing initialized
2026-01-22 15:56:28,518 [WARN] DetailPanel:346 - Failed to get advertising image, set to default
2026-01-22 15:56:28,519 [FATAL] Updater:351 - Updater called before beeing initialized
2026-01-22 15:56:28,552 [ERROR] Updater:1198 - MainUpdater not yet initialized. External WinMGr cannot be set.
2026-01-22 15:56:28,555 [INFO] Updater:1134 - Updater Version found : 6.15.0
2026-01-22 15:56:28,568 [INFO] ApplicationProperties:184 - Using Application install path: C:\Users\MSI GF63\STM32CubeIDE_1.14.0\STM32CubeIDE\plugins\com.st.stm32cube.common.mx_6.15.0.202507011659
2026-01-22 15:56:29,004 [INFO] MainUpdater:2872 - connection check result : 10
2026-01-22 15:56:29,006 [INFO] MainUpdater:289 - Updater Check For Update Now.
2026-01-22 15:56:29,006 [INFO] MicroXplorer:498 - Change Database Version : DB.6.0.150
2026-01-22 15:56:29,011 [INFO] McuFinderGlobals:63 - Set McuFinder mode to 2 (CubeIDE integrated)
2026-01-22 15:56:29,011 [INFO] UserAuth:487 - Internet connection configuration mode: 1
2026-01-22 15:56:29,028 [INFO] JxBrowserEngine:152 - Initiate JxBrowser Engine with user profile folder
2026-01-22 15:56:29,170 [INFO] CheckServerUpdateThread:120 - End of CheckServer Thread
2026-01-22 15:56:29,582 [INFO] WebApp:169 - Instantiating new browser for Auth
2026-01-22 15:56:30,071 [INFO] WebApp:463 - Apply proxy settings
2026-01-22 15:56:30,072 [INFO] WebApp:548 - Chromium requires no authentication
2026-01-22 15:56:30,079 [INFO] WebApp:491 - Direct internet connection detected
2026-01-22 15:56:30,114 [INFO] WebApp:900 - Register for checkConnection events
2026-01-22 15:56:30,114 [INFO] WebApp:463 - Apply proxy settings
2026-01-22 15:56:30,114 [INFO] WebApp:548 - Chromium requires no authentication
2026-01-22 15:56:30,114 [INFO] WebApp:491 - Direct internet connection detected
2026-01-22 15:56:30,229 [INFO] WebApp:225 - Starting web application
2026-01-22 15:56:30,229 [INFO] WebApp:593 - Web application path used C:\Users\MSI GF63\STM32CubeIDE_1.14.0\STM32CubeIDE\plugins\com.st.stm32cube.common.mx_6.15.0.202507011659\db\plugins\mcufinder\reactClient1\index.html
2026-01-22 15:56:30,294 [INFO] UserAuth:487 - Internet connection configuration mode: 1
2026-01-22 15:56:30,563 [INFO] WebApp:191 - Connection restablished
2026-01-22 15:56:30,623 [WARN] PackLoader:240 - Cannot read IP mode file for STMicroelectronics.FP-SNS-MOTENVWB1.1.4.0
2026-01-22 15:56:30,632 [WARN] PackLoader:240 - Cannot read IP mode file for STMicroelectronics.FP-ATR-ASTRA1.2.0.2
2026-01-22 15:56:30,636 [WARN] PackLoader:240 - Cannot read IP mode file for STMicroelectronics.FP-ATR-ASTRA1.2.0.1
2026-01-22 15:56:30,643 [WARN] PackLoader:240 - Cannot read IP mode file for STMicroelectronics.X-CUBE-SMBUS.2.1.0
2026-01-22 15:56:30,650 [WARN] PackLoader:240 - Cannot read IP mode file for STMicroelectronics.X-CUBE-WB05N.1.1.0
2026-01-22 15:56:30,655 [WARN] PackLoader:240 - Cannot read IP mode file for STMicroelectronics.X-CUBE-ST60.1.0.0
2026-01-22 15:56:30,660 [WARN] PackLoader:240 - Cannot read IP mode file for STMicroelectronics.X-CUBE-TOUCHGFX.4.23.0
2026-01-22 15:56:30,683 [WARN] PackLoader:240 - Cannot read IP mode file for STMicroelectronics.X-CUBE-AZRTOS-F7.1.1.0
2026-01-22 15:56:30,690 [WARN] PackLoader:240 - Cannot read IP mode file for Cesanta.I-CUBE-Mongoose.7.19.0
2026-01-22 15:56:30,695 [WARN] PackLoader:240 - Cannot read IP mode file for STMicroelectronics.FP-SNS-MOTENV1.4.3.2
2026-01-22 15:56:30,739 [WARN] PackLoader:240 - Cannot read IP mode file for STMicroelectronics.X-CUBE-MEMS1.11.0.0
2026-01-22 15:56:30,864 [WARN] PackLoader:240 - Cannot read IP mode file for STMicroelectronics.FP-SNS-MOTENV1.5.1.0
2026-01-22 15:56:30,880 [WARN] PackLoader:240 - Cannot read IP mode file for WES.I-CUBE-Cesium.1.4.0
2026-01-22 15:56:30,885 [WARN] PackLoader:240 - Cannot read IP mode file for STMicroelectronics.FP-SNS-FLIGHT1.5.0.2
2026-01-22 15:56:30,932 [WARN] PackLoader:240 - Cannot read IP mode file for Infineon.AIROC-Wi-Fi-Bluetooth-STM32.1.7.0
2026-01-22 15:56:30,955 [WARN] PackLoader:240 - Cannot read IP mode file for Infineon.AIROC-Wi-Fi-Bluetooth-STM32.1.7.1
2026-01-22 15:56:30,976 [WARN] PackLoader:240 - Cannot read IP mode file for STMicroelectronics.X-CUBE-AZRTOS-H7.3.4.0
2026-01-22 15:56:30,985 [WARN] PackLoader:240 - Cannot read IP mode file for STMicroelectronics.X-CUBE-DISPLAY.3.0.0
2026-01-22 15:56:30,992 [WARN] PackLoader:240 - Cannot read IP mode file for STMicroelectronics.X-CUBE-BLE1.7.0.0
2026-01-22 15:56:30,997 [WARN] PackLoader:240 - Cannot read IP mode file for STMicroelectronics.X-CUBE-NFC10.1.0.0
2026-01-22 15:56:31,004 [WARN] PackLoader:240 - Cannot read IP mode file for STMicroelectronics.X-CUBE-BLEMGR.4.0.0
2026-01-22 15:56:31,009 [WARN] PackLoader:240 - Cannot read IP mode file for STMicroelectronics.X-CUBE-ST60.1.1.0
2026-01-22 15:56:31,013 [WARN] PackLoader:240 - Cannot read IP mode file for emotas.I-CUBE-CANOPEN.1.3.0
2026-01-22 15:56:31,017 [WARN] PackLoader:240 - Cannot read IP mode file for STMicroelectronics.X-CUBE-GNSS1.7.1.0
2026-01-22 15:56:31,021 [WARN] PackLoader:240 - Cannot read IP mode file for STMicroelectronics.X-CUBE-TOUCHGFX.4.22.1
2026-01-22 15:56:31,026 [WARN] ConditionMgr:438 - getConditionDescription Invalid condition id : Cortex-A Device cause : null
2026-01-22 15:56:31,039 [WARN] ConditionMgr:1044 - genDependencies : Invalid condition id : Cortex-A Device cause : null
2026-01-22 15:56:31,040 [WARN] ConditionMgr:1044 - genDependencies : Invalid condition id : Cortex-A Device cause : null
2026-01-22 15:56:31,040 [WARN] ConditionMgr:1044 - genDependencies : Invalid condition id : Cortex-A Device cause : null
2026-01-22 15:56:31,046 [WARN] PackLoader:240 - Cannot read IP mode file for STMicroelectronics.FP-SNS-STBOX1.2.1.0
2026-01-22 15:56:31,052 [WARN] PackLoader:240 - Cannot read IP mode file for STMicroelectronics.FP-SNS-SMARTAG2.1.2.0
2026-01-22 15:56:31,056 [WARN] PackLoader:240 - Cannot read IP mode file for STMicroelectronics.FP-SNS-FLIGHT1.5.1.0
2026-01-22 15:56:31,065 [INFO] LogOutputStream:77 - [STDOUT_REDIRECT] 1 : Invalid condition id : UX_CORESTACK_Condition cause : null
2026-01-22 15:56:31,065 [INFO] LogOutputStream:77 - [STDOUT_REDIRECT] 1 : Invalid condition id : UX_CORESTACK_Condition cause : null
2026-01-22 15:56:31,067 [INFO] LogOutputStream:77 - [STDOUT_REDIRECT] 1 : Invalid condition id : UX_CORESTACK_Condition cause : null
2026-01-22 15:56:31,068 [INFO] LogOutputStream:77 - [STDOUT_REDIRECT] 1 : Invalid condition id : UX_CORESTACK_Condition cause : null
2026-01-22 15:56:31,070 [INFO] LogOutputStream:77 - [STDOUT_REDIRECT] 1 : Invalid condition id : UX_CORESTACK_Condition cause : null
2026-01-22 15:56:31,072 [WARN] PackLoader:240 - Cannot read IP mode file for STMicroelectronics.X-CUBE-AZRTOS-WL.2.0.0
2026-01-22 15:56:31,077 [WARN] PackLoader:240 - Cannot read IP mode file for STMicroelectronics.FP-SNS-MOTENV1.5.0.0
2026-01-22 15:56:31,096 [WARN] PackLoader:240 - Cannot read IP mode file for STMicroelectronics.X-CUBE-AZRTOS-H7RS.1.2.0
2026-01-22 15:56:31,101 [WARN] PackLoader:240 - Cannot read IP mode file for wolfSSL.I-CUBE-wolfMQTT.1.19.0
2026-01-22 15:56:31,105 [WARN] PackLoader:240 - Cannot read IP mode file for WES.I-CUBE-Cesium.1.3.0
2026-01-22 15:56:31,108 [WARN] PackLoader:240 - Cannot read IP mode file for STMicroelectronics.X-CUBE-BLE2.3.3.0
2026-01-22 15:56:31,122 [WARN] PackLoader:240 - Cannot read IP mode file for STMicroelectronics.X-CUBE-NFC9.1.0.0
2026-01-22 15:56:31,127 [WARN] PackLoader:240 - Cannot read IP mode file for wolfSSL.I-CUBE-wolfSSL.5.8.0
2026-01-22 15:56:31,129 [WARN] PackLoader:240 - Cannot read IP mode file for wolfSSL.I-CUBE-wolfSSL.5.8.2
2026-01-22 15:56:31,133 [WARN] PackLoader:240 - Cannot read IP mode file for STMicroelectronics.X-CUBE-BLE1.7.1.0
2026-01-22 15:56:31,135 [WARN] PackLoader:240 - Cannot read IP mode file for wolfSSL.I-CUBE-wolfMQTT.1.19.2
2026-01-22 15:56:31,139 [WARN] PackLoader:240 - Cannot read IP mode file for STMicroelectronics.X-CUBE-TCPP.4.1.0
2026-01-22 15:56:31,143 [WARN] PackLoader:240 - Cannot read IP mode file for STMicroelectronics.X-CUBE-FREERTOS.1.4.0
2026-01-22 15:56:31,148 [WARN] PackLoader:240 - Cannot read IP mode file for STMicroelectronics.X-CUBE-EEPRMA1.5.2.0
2026-01-22 15:56:31,153 [WARN] PackLoader:240 - Cannot read IP mode file for STMicroelectronics.X-CUBE-ST67W61.1.1.0
2026-01-22 15:56:31,157 [WARN] PackLoader:240 - Cannot read IP mode file for STMicroelectronics.X-CUBE-AI.10.1.0
2026-01-22 15:56:31,182 [WARN] PackLoader:240 - Cannot read IP mode file for STMicroelectronics.X-CUBE-MEMS1.12.0.0
2026-01-22 15:56:31,222 [WARN] PackLoader:240 - Cannot read IP mode file for STMicroelectronics.X-CUBE-ALGOBUILD.1.3.0
2026-01-22 15:56:31,230 [WARN] PackLoader:240 - Cannot read IP mode file for STMicroelectronics.X-CUBE-AZRTOS-G0.1.1.0
2026-01-22 15:56:31,235 [WARN] PackLoader:240 - Cannot read IP mode file for STMicroelectronics.X-CUBE-SAFEA1.1.2.2
2026-01-22 15:56:31,239 [WARN] PackLoader:240 - Cannot read IP mode file for STMicroelectronics.X-CUBE-NFC4.3.0.0
2026-01-22 15:56:31,251 [WARN] PackLoader:240 - Cannot read IP mode file for EmbeddedOffice.I-CUBE-FS-RTOS.1.0.1
2026-01-22 15:56:31,255 [WARN] PackLoader:240 - Cannot read IP mode file for STMicroelectronics.X-CUBE-WB05N.2.0.0
2026-01-22 15:56:31,260 [WARN] PackLoader:240 - Cannot read IP mode file for STMicroelectronics.X-CUBE-BLEMGR.3.0.0
2026-01-22 15:56:31,264 [WARN] PackLoader:240 - Cannot read IP mode file for wolfSSL.I-CUBE-wolfTPM.3.8.0
2026-01-22 15:56:31,267 [WARN] PackLoader:240 - Cannot read IP mode file for STMicroelectronics.X-CUBE-TCPP.4.2.0
2026-01-22 15:56:31,272 [WARN] PackLoader:240 - Cannot read IP mode file for RealThread.X-CUBE-RT-Thread_Nano.4.1.1
2026-01-22 15:56:31,276 [WARN] PackLoader:240 - Cannot read IP mode file for STMicroelectronics.FP-ATR-SIGFOX1.3.2.0
2026-01-22 15:56:31,279 [WARN] ConditionMgr:438 - getConditionDescription Invalid condition id : Cortex-A Device cause : null
2026-01-22 15:56:31,287 [WARN] ConditionMgr:1044 - genDependencies : Invalid condition id : Cortex-A Device cause : null
2026-01-22 15:56:31,287 [WARN] ConditionMgr:1044 - genDependencies : Invalid condition id : Cortex-A Device cause : null
2026-01-22 15:56:31,287 [WARN] ConditionMgr:1044 - genDependencies : Invalid condition id : Cortex-A Device cause : null
2026-01-22 15:56:31,291 [WARN] PackLoader:240 - Cannot read IP mode file for STMicroelectronics.X-CUBE-EEPRMA1.5.1.0
2026-01-22 15:56:31,296 [WARN] PackLoader:240 - Cannot read IP mode file for ITTIA_DB.I-CUBE-ITTIADB.8.9.0
2026-01-22 15:56:31,301 [WARN] PackLoader:240 - Cannot read IP mode file for STMicroelectronics.X-CUBE-NFC6.3.2.0
2026-01-22 15:56:31,308 [WARN] PackLoader:240 - Cannot read IP mode file for STMicroelectronics.X-CUBE-ST67W61.1.0.0
2026-01-22 15:56:31,310 [WARN] PackLoader:240 - Cannot read IP mode file for STMicroelectronics.X-CUBE-AI.10.2.0
2026-01-22 15:56:31,328 [WARN] PackLoader:240 - Cannot read IP mode file for SEGGER.I-CUBE-embOS.1.3.1
2026-01-22 15:56:31,357 [WARN] PackLoader:240 - Cannot read IP mode file for STMicroelectronics.X-CUBE-ALGOBUILD.1.4.0
2026-01-22 15:56:31,384 [WARN] PackLoader:240 - Cannot read IP mode file for STMicroelectronics.X-CUBE-MEMS1.11.3.0
2026-01-22 15:56:31,490 [WARN] PackLoader:240 - Cannot read IP mode file for STMicroelectronics.X-CUBE-AI.9.1.0
2026-01-22 15:56:31,496 [WARN] PackLoader:240 - Cannot read IP mode file for STMicroelectronics.X-CUBE-PM33A1.1.0.0
2026-01-22 15:56:31,501 [WARN] PackLoader:240 - Cannot read IP mode file for STMicroelectronics.X-CUBE-GNSS1.6.0.0
2026-01-22 15:56:31,516 [WARN] PackLoader:240 - Cannot read IP mode file for STMicroelectronics.X-CUBE-AZRTOS-F4.1.1.0
2026-01-22 15:56:31,542 [WARN] PackLoader:240 - Cannot read IP mode file for wolfSSL.I-CUBE-wolfSSL.5.6.4
2026-01-22 15:56:31,545 [WARN] PackLoader:240 - Cannot read IP mode file for Avnet-IotConnect.X-CUBE-IoTC-DA16k-PMOD.1.0.0
2026-01-22 15:56:31,551 [WARN] PackLoader:240 - Cannot read IP mode file for STMicroelectronics.X-CUBE-ISPU.2.1.0
2026-01-22 15:56:31,563 [WARN] PackLoader:240 - Cannot read IP mode file for STMicroelectronics.X-CUBE-IPS.3.2.0
2026-01-22 15:56:31,573 [WARN] PackLoader:240 - Cannot read IP mode file for wolfSSL.I-CUBE-wolfSSL.5.6.6
2026-01-22 15:56:31,581 [WARN] PackLoader:240 - Cannot read IP mode file for STMicroelectronics.X-CUBE-NFC12.1.0.0
2026-01-22 15:56:31,592 [WARN] PackLoader:240 - Cannot read IP mode file for STMicroelectronics.X-CUBE-AZRTOS-L5.2.0.0
2026-01-22 15:56:31,598 [WARN] PackLoader:240 - Cannot read IP mode file for STMicroelectronics.X-CUBE-EEPRMA1.4.2.0
2026-01-22 15:56:31,602 [WARN] PackLoader:240 - Cannot read IP mode file for STMicroelectronics.X-CUBE-NFC6.3.1.0
2026-01-22 15:56:31,607 [WARN] PackLoader:240 - Cannot read IP mode file for ITTIA_DB.I-CUBE-ITTIADB.8.8.0
2026-01-22 15:56:31,611 [WARN] PackLoader:240 - Cannot read IP mode file for STMicroelectronics.X-CUBE-DPower.1.2.0
2026-01-22 15:56:31,615 [WARN] PackLoader:240 - Cannot read IP mode file for STMicroelectronics.X-CUBE-FREERTOS.1.3.1
2026-01-22 15:56:31,619 [WARN] PackLoader:240 - Cannot read IP mode file for STMicroelectronics.X-CUBE-FREERTOS.1.3.0
2026-01-22 15:56:31,623 [WARN] PackLoader:240 - Cannot read IP mode file for STMicroelectronics.X-CUBE-NFC7.1.0.1
2026-01-22 15:56:31,626 [WARN] PackLoader:240 - Cannot read IP mode file for STMicroelectronics.X-CUBE-TOUCHGFX.4.26.0
2026-01-22 15:56:31,629 [WARN] PackLoader:240 - Cannot read IP mode file for STMicroelectronics.X-CUBE-NFC6.3.0.0
2026-01-22 15:56:31,635 [WARN] PackLoader:240 - Cannot read IP mode file for STMicroelectronics.FP-SNS-STAIOTCFT.1.0.0
2026-01-22 15:56:31,638 [WARN] PackLoader:240 - Cannot read IP mode file for STMicroelectronics.X-CUBE-DPower.1.3.0
2026-01-22 15:56:31,641 [WARN] PackLoader:240 - Cannot read IP mode file for STMicroelectronics.X-CUBE-AI.8.1.0
2026-01-22 15:56:31,650 [WARN] ConditionMgr:438 - getConditionDescription Invalid condition id : LAN8742 Phy interface Condition cause : null
2026-01-22 15:56:31,651 [WARN] PackLoader:240 - Cannot read IP mode file for STMicroelectronics.X-CUBE-AZRTOS-L4.2.0.0
2026-01-22 15:56:31,652 [WARN] ConditionMgr:1044 - genDependencies : Invalid condition id : LAN8742 Phy interface Condition cause : null
2026-01-22 15:56:31,652 [WARN] ConditionMgr:1044 - genDependencies : Invalid condition id : LAN8742 Phy interface Condition cause : null
2026-01-22 15:56:31,652 [WARN] ConditionMgr:1044 - genDependencies : Invalid condition id : LAN8742 Phy interface Condition cause : null
2026-01-22 15:56:31,658 [WARN] PackLoader:240 - Cannot read IP mode file for STMicroelectronics.X-CUBE-SFXS2LP1.4.0.0
2026-01-22 15:56:31,662 [WARN] PackLoader:240 - Cannot read IP mode file for STMicroelectronics.X-CUBE-ST67W61.1.2.0
2026-01-22 15:56:31,677 [WARN] PackLoader:240 - Cannot read IP mode file for STMicroelectronics.X-CUBE-AZRTOS-H7.3.3.0
2026-01-22 15:56:31,684 [WARN] PackLoader:240 - Cannot read IP mode file for STMicroelectronics.X-CUBE-BLEMGR.4.1.0
2026-01-22 15:56:31,690 [WARN] PackLoader:240 - Cannot read IP mode file for STMicroelectronics.X-CUBE-IPS.3.0.0
2026-01-22 15:56:31,698 [WARN] ConditionMgr:438 - getConditionDescription Invalid condition id : UX DEVICE CLASS RTOS Condition cause : null
2026-01-22 15:56:31,699 [WARN] ConditionMgr:438 - getConditionDescription Invalid condition id : UX DEVICE CLASS RTOS Condition cause : null
2026-01-22 15:56:31,700 [WARN] PackLoader:240 - Cannot read IP mode file for STMicroelectronics.X-CUBE-AZRTOS-WB.2.0.0
2026-01-22 15:56:31,700 [WARN] ConditionMgr:1044 - genDependencies : Invalid condition id : UX DEVICE CLASS RTOS Condition cause : null
2026-01-22 15:56:31,700 [WARN] ConditionMgr:1044 - genDependencies : Invalid condition id : UX DEVICE CLASS RTOS Condition cause : null
2026-01-22 15:56:31,701 [WARN] ConditionMgr:1044 - genDependencies : Invalid condition id : UX DEVICE CLASS RTOS Condition cause : null
2026-01-22 15:56:31,701 [WARN] ConditionMgr:1044 - genDependencies : Invalid condition id : UX DEVICE CLASS RTOS Condition cause : null
2026-01-22 15:56:31,701 [WARN] ConditionMgr:1044 - genDependencies : Invalid condition id : UX DEVICE CLASS RTOS Condition cause : null
2026-01-22 15:56:31,704 [WARN] PackLoader:240 - Cannot read IP mode file for STMicroelectronics.X-CUBE-GNSS1.7.0.0
2026-01-22 15:56:31,708 [WARN] PackLoader:240 - Cannot read IP mode file for STMicroelectronics.X-CUBE-GNSS1.7.0.1
2026-01-22 15:56:31,710 [WARN] PackLoader:240 - Cannot read IP mode file for STMicroelectronics.X-CUBE-TOUCHGFX.4.25.0
2026-01-22 15:56:31,713 [WARN] PackLoader:240 - Cannot read IP mode file for STMicroelectronics.FP-SNS-STBOX1.2.0.0
2026-01-22 15:56:31,717 [WARN] ConditionMgr:438 - getConditionDescription Invalid condition id : Cortex-A Device cause : null
2026-01-22 15:56:31,723 [WARN] ConditionMgr:1044 - genDependencies : Invalid condition id : Cortex-A Device cause : null
2026-01-22 15:56:31,723 [WARN] ConditionMgr:1044 - genDependencies : Invalid condition id : Cortex-A Device cause : null
2026-01-22 15:56:31,723 [WARN] ConditionMgr:1044 - genDependencies : Invalid condition id : Cortex-A Device cause : null
2026-01-22 15:56:31,728 [WARN] PackLoader:240 - Cannot read IP mode file for STMicroelectronics.X-CUBE-STSE01.2.0.0
2026-01-22 15:56:31,737 [WARN] PackLoader:240 - Cannot read IP mode file for STMicroelectronics.X-CUBE-SUBG2.5.0.0
2026-01-22 15:56:31,751 [WARN] PackLoader:240 - Cannot read IP mode file for STMicroelectronics.X-CUBE-AZRTOS-H7RS.1.1.0
2026-01-22 15:56:31,756 [WARN] PackLoader:240 - Cannot read IP mode file for Cesanta.I-CUBE-Mongoose.7.13.0
2026-01-22 15:56:31,764 [WARN] PackLoader:240 - Cannot read IP mode file for STMicroelectronics.X-CUBE-AZRTOS-G4.2.0.0
2026-01-22 15:56:31,772 [WARN] PackLoader:240 - Cannot read IP mode file for Infineon.AIROC-Wi-Fi-Bluetooth-STM32.1.5.1
2026-01-22 15:56:31,777 [WARN] PackLoader:240 - Cannot read IP mode file for wolfSSL.I-CUBE-wolfSSH.1.4.20
2026-01-22 15:56:31,780 [WARN] PackLoader:240 - Cannot read IP mode file for STMicroelectronics.X-CUBE-NFC7.2.0.0
2026-01-22 15:56:31,783 [WARN] PackLoader:240 - Cannot read IP mode file for STMicroelectronics.FP-SNS-MOTENVWB1.1.3.1
2026-01-22 15:56:31,785 [WARN] PackLoader:240 - Cannot read IP mode file for STMicroelectronics.X-CUBE-ISPU.2.0.0
2026-01-22 15:56:31,791 [WARN] PackLoader:240 - Cannot read IP mode file for STMicroelectronics.X-CUBE-IPS.3.1.0
2026-01-22 15:56:31,798 [WARN] PackLoader:240 - Cannot read IP mode file for STMicroelectronics.X-CUBE-ALS.1.0.2
2026-01-22 15:56:31,816 [WARN] PackLoader:240 - Cannot read IP mode file for STMicroelectronics.X-CUBE-MEMS1.10.0.0
2026-01-22 15:56:31,882 [WARN] PackLoader:240 - Cannot read IP mode file for STMicroelectronics.X-CUBE-FREERTOS.1.1.0
2026-01-22 15:56:31,884 [WARN] PackLoader:240 - Cannot read IP mode file for STMicroelectronics.X-CUBE-TOUCHGFX.4.24.1
2026-01-22 15:56:31,887 [WARN] PackLoader:240 - Cannot read IP mode file for STMicroelectronics.X-CUBE-STSE01.1.0.0
2026-01-22 15:56:31,890 [WARN] PackLoader:240 - Cannot read IP mode file for wolfSSL.I-CUBE-wolfTPM.3.4.0
2026-01-22 15:56:31,893 [WARN] PackLoader:240 - Cannot read IP mode file for portGmbH.I-Cube-SoM-uGOAL.1.1.0
2026-01-22 15:56:31,896 [WARN] PackLoader:240 - Cannot read IP mode file for STMicroelectronics.X-CUBE-ALS.1.0.1
2026-01-22 15:56:31,906 [WARN] PackLoader:240 - Cannot read IP mode file for STMicroelectronics.X-CUBE-AZRTOS-H7RS.1.0.0
2026-01-22 15:56:31,911 [WARN] PackLoader:240 - Cannot read IP mode file for STMicroelectronics.FP-ATR-ASTRA1.2.0.0
2026-01-22 15:56:31,916 [WARN] PackLoader:240 - Cannot read IP mode file for STMicroelectronics.X-CUBE-TOF1.3.4.2
2026-01-22 15:56:31,925 [WARN] PackLoader:240 - Cannot read IP mode file for STMicroelectronics.X-CUBE-TOF1.3.4.3
2026-01-22 15:56:31,935 [WARN] PackLoader:240 - Cannot read IP mode file for STMicroelectronics.X-CUBE-TOF1.3.4.0
2026-01-22 15:56:31,951 [WARN] PackLoader:240 - Cannot read IP mode file for STMicroelectronics.X-CUBE-AZRTOS-H7.3.2.0
2026-01-22 15:56:31,954 [WARN] PackLoader:240 - Cannot read IP mode file for wolfSSL.I-CUBE-wolfSSH.1.4.17
2026-01-22 15:56:31,955 [INFO] ThirdParty:978 - Integrity check success = true
2026-01-22 15:56:31,955 [INFO] IntegrityCheckThread:100 - exiting critical section [integrity check]
2026-01-22 15:56:31,955 [INFO] IntegrityCheckThread:103 - End integrity checks thread
2026-01-22 15:57:18,555 [ERROR] LogOutputStream:75 - [STDERR_REDIRECT] 
