2026-02-02 10:52:32,107 [INFO] Activator:176 - 


2026-02-02 10:52:32,128 [INFO] Activator:177 - !SESSION log4j initialized
2026-02-02 10:52:38,066 [INFO] LogOutputStream:77 - [STDOUT_REDIRECT] 
2026-02-02 10:52:57,460 [INFO] ApplicationProperties:184 - Using Application install path: C:\Users\MSI GF63\STM32CubeIDE_1.14.0\STM32CubeIDE\plugins\com.st.stm32cube.common.mx_6.15.0.202507011659
2026-02-02 10:52:57,479 [INFO] DbMcusXml:78 - Set database path to: C:\Users\MSI GF63\STM32CubeIDE_1.14.0\STM32CubeIDE\plugins\com.st.stm32cube.common.mx_6.15.0.202507011659\\db\/mcu/
2026-02-02 10:52:57,479 [INFO] ApiDb:274 - Set plugin database path to: C:\Users\MSI GF63\STM32CubeIDE_1.14.0\STM32CubeIDE\plugins\com.st.stm32cube.common.mx_6.15.0.202507011659\\db\/plugins/boardmanager/
2026-02-02 10:52:57,483 [WARN] ApiDb:259 - Overriding images path with different value:  => C:\Users\MSI GF63\STM32CubeIDE_1.14.0\STM32CubeIDE\plugins\com.st.stm32cube.common.mx_6.15.0.202507011659\\db\/plugins/mcufinder/images/
2026-02-02 10:52:57,495 [INFO] ApiDb:250 - Set database path to: C:\Users\MSI GF63\.stmcufinder\plugins\mcufinder//mcu/
2026-02-02 10:52:57,496 [INFO] DbMcusAds:125 - Set database path to: C:\Users\MSI GF63\.stmcufinder\plugins\mcufinder//mcu/
2026-02-02 10:52:57,515 [INFO] CrossReferenceDbSqlite:203 - Set database path to: C:\Users\MSI GF63\.stmcufinder\plugins\mcufinder//mcu/cs/
2026-02-02 10:52:57,621 [INFO] RulesReader:64 - Compatibility file has been processed (317 Rules)
2026-02-02 10:52:57,693 [INFO] DbMcusXml:78 - Set database path to: C:\Users\MSI GF63\STM32CubeIDE_1.14.0\STM32CubeIDE\plugins\com.st.stm32cube.common.mx_6.15.0.202507011659\\db\/mcu/
2026-02-02 10:52:57,693 [INFO] ApiDb:274 - Set plugin database path to: C:\Users\MSI GF63\STM32CubeIDE_1.14.0\STM32CubeIDE\plugins\com.st.stm32cube.common.mx_6.15.0.202507011659\\db\/plugins/boardmanager/
2026-02-02 10:52:57,693 [INFO] ApiDb:261 - Set plugin images path to: C:\Users\MSI GF63\STM32CubeIDE_1.14.0\STM32CubeIDE\plugins\com.st.stm32cube.common.mx_6.15.0.202507011659\\db\/plugins/mcufinder/images/
2026-02-02 10:52:57,693 [WARN] DbFile:41 - Overriding database path with different value: C:\Users\MSI GF63\.stmcufinder\plugins\mcufinder/ => C:\Users\MSI GF63\.stmcufinder\plugins\mcufinder
2026-02-02 10:52:57,693 [INFO] ApiDb:250 - Set database path to: C:\Users\MSI GF63\.stmcufinder\plugins\mcufinder//mcu/
2026-02-02 10:52:57,693 [WARN] DbFile:41 - Overriding database path with different value: C:\Users\MSI GF63\.stmcufinder\plugins\mcufinder/ => C:\Users\MSI GF63\.stmcufinder\plugins\mcufinder
2026-02-02 10:52:57,693 [INFO] DbMcusAds:125 - Set database path to: C:\Users\MSI GF63\.stmcufinder\plugins\mcufinder//mcu/
2026-02-02 10:52:57,693 [WARN] DbFile:41 - Overriding database path with different value: C:\Users\MSI GF63\.stmcufinder\plugins\mcufinder/ => C:\Users\MSI GF63\.stmcufinder\plugins\mcufinder
2026-02-02 10:52:57,693 [WARN] DbFile:41 - Overriding database path with different value: C:\Users\MSI GF63\.stmcufinder\plugins\mcufinder/ => C:\Users\MSI GF63\.stmcufinder\plugins\mcufinder
2026-02-02 10:52:57,694 [INFO] CrossReferenceDbSqlite:203 - Set database path to: C:\Users\MSI GF63\.stmcufinder\plugins\mcufinder//mcu/cs/
2026-02-02 10:52:57,778 [INFO] MainPanel:274 - HeapMemory: 268435456
2026-02-02 10:52:57,930 [INFO] DbMcusXml:78 - Set database path to: C:\Users\MSI GF63\STM32CubeIDE_1.14.0\STM32CubeIDE\plugins\com.st.stm32cube.common.mx_6.15.0.202507011659\\db\/mcu/
2026-02-02 10:52:57,930 [INFO] ApiDb:274 - Set plugin database path to: C:\Users\MSI GF63\STM32CubeIDE_1.14.0\STM32CubeIDE\plugins\com.st.stm32cube.common.mx_6.15.0.202507011659\\db\/plugins/boardmanager/
2026-02-02 10:52:57,930 [INFO] ApiDb:261 - Set plugin images path to: C:\Users\MSI GF63\STM32CubeIDE_1.14.0\STM32CubeIDE\plugins\com.st.stm32cube.common.mx_6.15.0.202507011659\\db\/plugins/mcufinder/images/
2026-02-02 10:52:57,930 [WARN] DbFile:41 - Overriding database path with different value: C:\Users\MSI GF63\.stmcufinder\plugins\mcufinder/ => C:\Users\MSI GF63\.stmcufinder\plugins\mcufinder
2026-02-02 10:52:57,931 [INFO] ApiDb:250 - Set database path to: C:\Users\MSI GF63\.stmcufinder\plugins\mcufinder//mcu/
2026-02-02 10:52:57,931 [WARN] DbFile:41 - Overriding database path with different value: C:\Users\MSI GF63\.stmcufinder\plugins\mcufinder/ => C:\Users\MSI GF63\.stmcufinder\plugins\mcufinder
2026-02-02 10:52:57,931 [INFO] DbMcusAds:125 - Set database path to: C:\Users\MSI GF63\.stmcufinder\plugins\mcufinder//mcu/
2026-02-02 10:52:57,931 [WARN] DbFile:41 - Overriding database path with different value: C:\Users\MSI GF63\.stmcufinder\plugins\mcufinder/ => C:\Users\MSI GF63\.stmcufinder\plugins\mcufinder
2026-02-02 10:52:57,931 [WARN] DbFile:41 - Overriding database path with different value: C:\Users\MSI GF63\.stmcufinder\plugins\mcufinder/ => C:\Users\MSI GF63\.stmcufinder\plugins\mcufinder
2026-02-02 10:52:57,931 [INFO] CrossReferenceDbSqlite:203 - Set database path to: C:\Users\MSI GF63\.stmcufinder\plugins\mcufinder//mcu/cs/
2026-02-02 10:52:57,951 [INFO] ApplicationProperties:184 - Using Application install path: C:\Users\MSI GF63\STM32CubeIDE_1.14.0\STM32CubeIDE\plugins\com.st.stm32cube.common.mx_6.15.0.202507011659
2026-02-02 10:52:57,952 [INFO] PluginManage:196 - Search for loadable plugins [exclusion list=, ]
2026-02-02 10:52:57,954 [INFO] PluginManage:310 - Check plugin analytics
2026-02-02 10:52:58,130 [INFO] AnalyticsPlugin:253 - Accepted Software Licenses: STM32CubeMX.6.13.0
2026-02-02 10:52:58,130 [INFO] AnalyticsPlugin:255 - Accepted CMSIS Pack Licenses: 
2026-02-02 10:52:58,130 [INFO] AnalyticsPlugin:257 - Accepted Firmware Licenses: FW.F4.1.28.0
2026-02-02 10:52:58,131 [INFO] PluginManage:359 - Loaded plugin analytics (category:tool,tabindex:-1)
2026-02-02 10:52:58,131 [INFO] PluginManage:310 - Check plugin cadmodel
2026-02-02 10:52:58,137 [INFO] CADModel:105 - Init CAD model plugin
2026-02-02 10:52:58,137 [INFO] PluginManage:359 - Loaded plugin cadmodel (category:power,tabindex:5)
2026-02-02 10:52:58,137 [INFO] PluginManage:310 - Check plugin clock
2026-02-02 10:52:58,147 [INFO] PluginManage:359 - Loaded plugin clock (category:base,tabindex:2)
2026-02-02 10:52:58,147 [INFO] PluginManage:310 - Check plugin ddr
2026-02-02 10:52:58,150 [INFO] PluginManage:359 - Loaded plugin ddr (category:tool,tabindex:6)
2026-02-02 10:52:58,150 [INFO] PluginManage:310 - Check plugin filemanager
2026-02-02 10:52:58,289 [INFO] PluginManage:359 - Loaded plugin filemanager (category:base,tabindex:10)
2026-02-02 10:52:58,289 [INFO] PluginManage:310 - Check plugin ipmanager
2026-02-02 10:52:58,295 [INFO] PluginManage:359 - Loaded plugin ipmanager (category:base,tabindex:5)
2026-02-02 10:52:58,295 [INFO] PluginManage:310 - Check plugin lpbam
2026-02-02 10:52:58,303 [INFO] PluginManage:359 - Loaded plugin lpbam (category:base,tabindex:0)
2026-02-02 10:52:58,303 [INFO] PluginManage:310 - Check plugin memorymap
2026-02-02 10:52:58,316 [INFO] PluginManage:359 - Loaded plugin memorymap (category:base,tabindex:4)
2026-02-02 10:52:58,316 [INFO] PluginManage:310 - Check plugin pinoutandconfiguration
2026-02-02 10:52:58,325 [INFO] PluginManage:359 - Loaded plugin pinoutandconfiguration (category:base,tabindex:1)
2026-02-02 10:52:58,325 [INFO] PluginManage:310 - Check plugin pinoutconfig
2026-02-02 10:52:58,399 [WARN] SupportedApi:132 - Cannot load RTOS API schema: s4s-elt-must-match.1: The content of 'definitions' must match (annotation?, (simpleType | complexType)?, (unique | key | keyref)*)). A problem was found starting at: attribute.
2026-02-02 10:52:58,540 [INFO] PluginManage:359 - Loaded plugin pinoutconfig (category:base,tabindex:0)
2026-02-02 10:52:58,540 [INFO] PluginManage:310 - Check plugin power
2026-02-02 10:52:58,551 [INFO] PluginManage:359 - Loaded plugin power (category:power,tabindex:4)
2026-02-02 10:52:58,551 [INFO] PluginManage:310 - Check plugin projectmanager
2026-02-02 10:52:58,567 [INFO] PluginManage:359 - Loaded plugin projectmanager (category:projectmanager,tabindex:4)
2026-02-02 10:52:58,567 [INFO] PluginManage:310 - Check plugin rif
2026-02-02 10:52:58,593 [INFO] PluginManage:359 - Loaded plugin rif (category:base,tabindex:3)
2026-02-02 10:52:58,594 [INFO] PluginManage:310 - Check plugin thirdparty
2026-02-02 10:52:58,721 [INFO] PluginManage:359 - Loaded plugin thirdparty (category:base,tabindex:-1)
2026-02-02 10:52:58,721 [INFO] PluginManage:310 - Check plugin tools
2026-02-02 10:52:58,721 [WARN] IntegrityCheckThread:84 - waiting for thirdparty lock release [integrity check]
2026-02-02 10:52:58,721 [INFO] IntegrityCheckThread:86 - entering critical section [integrity check]
2026-02-02 10:52:58,721 [INFO] ThirdPartyUpdaterWithRetryManager:70 - Updater plugin not ready yet. [1/15]
2026-02-02 10:52:58,723 [INFO] PluginManage:359 - Loaded plugin tools (category:base,tabindex:7)
2026-02-02 10:52:58,723 [INFO] PluginManage:310 - Check plugin tutovideos
2026-02-02 10:52:58,922 [INFO] PluginManage:359 - Loaded plugin tutovideos (category:base,tabindex:-1)
2026-02-02 10:52:58,922 [INFO] PluginManage:310 - Check plugin updater
2026-02-02 10:52:58,941 [INFO] PluginManage:359 - Loaded plugin updater (category:base,tabindex:12)
2026-02-02 10:52:58,941 [INFO] PluginManage:310 - Check plugin userauth
2026-02-02 10:52:58,947 [INFO] UserAuth:118 - Init User Auth plugin
2026-02-02 10:52:58,948 [INFO] PluginManage:359 - Loaded plugin userauth (category:base,tabindex:14)
2026-02-02 10:52:58,948 [INFO] PluginManage:283 - PluginManage : Loaded plugins [18]
2026-02-02 10:52:59,308 [INFO] PinOutPanel:1589 - setPackage(No Configuration,No Configuration)
2026-02-02 10:52:59,475 [INFO] CADModel:165 - CPN selected for project level
2026-02-02 10:52:59,476 [INFO] CADModel:114 - Register for checkConnection events
2026-02-02 10:52:59,515 [INFO] IPUIPlugin:80 - create IPUIPlugin
2026-02-02 10:52:59,515 [INFO] PluginManager:220 - loadIPPluginJar : add adc
2026-02-02 10:52:59,521 [INFO] IPUIPlugin:80 - create IPUIPlugin
2026-02-02 10:52:59,521 [INFO] PluginManager:220 - loadIPPluginJar : add aes
2026-02-02 10:52:59,528 [INFO] IPUIPlugin:80 - create IPUIPlugin
2026-02-02 10:52:59,528 [INFO] PluginManager:220 - loadIPPluginJar : add can
2026-02-02 10:52:59,533 [INFO] IPUIPlugin:80 - create IPUIPlugin
2026-02-02 10:52:59,533 [INFO] PluginManager:220 - loadIPPluginJar : add comp
2026-02-02 10:52:59,539 [INFO] IPUIPlugin:80 - create IPUIPlugin
2026-02-02 10:52:59,539 [INFO] PluginManager:220 - loadIPPluginJar : add cryp
2026-02-02 10:52:59,546 [INFO] IPUIPlugin:80 - create IPUIPlugin
2026-02-02 10:52:59,546 [INFO] PluginManager:220 - loadIPPluginJar : add ddr_ctrl_phy
2026-02-02 10:52:59,551 [INFO] IPUIPlugin:80 - create IPUIPlugin
2026-02-02 10:52:59,552 [INFO] PluginManager:220 - loadIPPluginJar : add dfsdm
2026-02-02 10:52:59,562 [INFO] IPUIPlugin:80 - create IPUIPlugin
2026-02-02 10:52:59,564 [INFO] PluginManager:220 - loadIPPluginJar : add dma
2026-02-02 10:52:59,569 [INFO] IPUIPlugin:80 - create IPUIPlugin
2026-02-02 10:52:59,569 [INFO] PluginManager:220 - loadIPPluginJar : add dma3
2026-02-02 10:52:59,576 [INFO] IPUIPlugin:80 - create IPUIPlugin
2026-02-02 10:52:59,576 [INFO] PluginManager:220 - loadIPPluginJar : add extmemmanager
2026-02-02 10:52:59,579 [INFO] IPUIPlugin:80 - create IPUIPlugin
2026-02-02 10:52:59,579 [INFO] PluginManager:220 - loadIPPluginJar : add fatfs
2026-02-02 10:52:59,588 [INFO] IPUIPlugin:80 - create IPUIPlugin
2026-02-02 10:52:59,588 [INFO] PluginManager:220 - loadIPPluginJar : add fmc
2026-02-02 10:52:59,603 [INFO] IPUIPlugin:80 - create IPUIPlugin
2026-02-02 10:52:59,603 [INFO] PluginManager:220 - loadIPPluginJar : add freertos
2026-02-02 10:52:59,607 [INFO] IPUIPlugin:80 - create IPUIPlugin
2026-02-02 10:52:59,607 [INFO] PluginManager:220 - loadIPPluginJar : add genericplugin
2026-02-02 10:52:59,612 [INFO] IPUIPlugin:80 - create IPUIPlugin
2026-02-02 10:52:59,613 [INFO] PluginManager:220 - loadIPPluginJar : add gfxmmu
2026-02-02 10:52:59,623 [INFO] IPUIPlugin:80 - create IPUIPlugin
2026-02-02 10:52:59,624 [INFO] PluginManager:220 - loadIPPluginJar : add gic
2026-02-02 10:52:59,633 [INFO] IPUIPlugin:80 - create IPUIPlugin
2026-02-02 10:52:59,633 [INFO] PluginManager:220 - loadIPPluginJar : add gpio
2026-02-02 10:52:59,641 [INFO] IPUIPlugin:80 - create IPUIPlugin
2026-02-02 10:52:59,641 [INFO] PluginManager:220 - loadIPPluginJar : add gtzc
2026-02-02 10:52:59,647 [INFO] IPUIPlugin:80 - create IPUIPlugin
2026-02-02 10:52:59,648 [INFO] PluginManager:220 - loadIPPluginJar : add hash
2026-02-02 10:52:59,655 [INFO] IPUIPlugin:80 - create IPUIPlugin
2026-02-02 10:52:59,655 [INFO] PluginManager:220 - loadIPPluginJar : add i2c
2026-02-02 10:52:59,661 [INFO] IPUIPlugin:80 - create IPUIPlugin
2026-02-02 10:52:59,662 [INFO] PluginManager:220 - loadIPPluginJar : add i2s
2026-02-02 10:52:59,670 [INFO] IPUIPlugin:80 - create IPUIPlugin
2026-02-02 10:52:59,670 [INFO] PluginManager:220 - loadIPPluginJar : add i3c
2026-02-02 10:52:59,677 [INFO] IPUIPlugin:80 - create IPUIPlugin
2026-02-02 10:52:59,678 [INFO] PluginManager:220 - loadIPPluginJar : add ipddr
2026-02-02 10:52:59,692 [INFO] IPUIPlugin:80 - create IPUIPlugin
2026-02-02 10:52:59,692 [INFO] PluginManager:220 - loadIPPluginJar : add linkedlist
2026-02-02 10:52:59,698 [INFO] IPUIPlugin:80 - create IPUIPlugin
2026-02-02 10:52:59,699 [INFO] PluginManager:220 - loadIPPluginJar : add lorawan
2026-02-02 10:52:59,702 [INFO] IPUIPlugin:80 - create IPUIPlugin
2026-02-02 10:52:59,702 [INFO] PluginManager:220 - loadIPPluginJar : add ltdc
2026-02-02 10:52:59,713 [INFO] IPUIPlugin:80 - create IPUIPlugin
2026-02-02 10:52:59,713 [INFO] PluginManager:220 - loadIPPluginJar : add mdma
2026-02-02 10:52:59,721 [INFO] IPUIPlugin:80 - create IPUIPlugin
2026-02-02 10:52:59,721 [INFO] PluginManager:220 - loadIPPluginJar : add nvic
2026-02-02 10:52:59,727 [INFO] IPUIPlugin:80 - create IPUIPlugin
2026-02-02 10:52:59,727 [INFO] PluginManager:220 - loadIPPluginJar : add opamp
2026-02-02 10:52:59,734 [INFO] IPUIPlugin:80 - create IPUIPlugin
2026-02-02 10:52:59,734 [INFO] PluginManager:220 - loadIPPluginJar : add openamp
2026-02-02 10:52:59,740 [INFO] IPUIPlugin:80 - create IPUIPlugin
2026-02-02 10:52:59,740 [INFO] PluginManager:220 - loadIPPluginJar : add pdm2pcm
2026-02-02 10:52:59,751 [INFO] IPUIPlugin:80 - create IPUIPlugin
2026-02-02 10:52:59,755 [INFO] PluginManager:220 - loadIPPluginJar : add plateformsettings
2026-02-02 10:52:59,759 [INFO] IPUIPlugin:80 - create IPUIPlugin
2026-02-02 10:52:59,759 [INFO] PluginManager:220 - loadIPPluginJar : add quadspi
2026-02-02 10:52:59,763 [INFO] IPUIPlugin:80 - create IPUIPlugin
2026-02-02 10:52:59,764 [INFO] PluginManager:220 - loadIPPluginJar : add radio
2026-02-02 10:52:59,772 [INFO] IPUIPlugin:80 - create IPUIPlugin
2026-02-02 10:52:59,772 [INFO] PluginManager:220 - loadIPPluginJar : add resmgrutility
2026-02-02 10:52:59,778 [INFO] IPUIPlugin:80 - create IPUIPlugin
2026-02-02 10:52:59,778 [INFO] PluginManager:220 - loadIPPluginJar : add sai
2026-02-02 10:52:59,782 [INFO] IPUIPlugin:80 - create IPUIPlugin
2026-02-02 10:52:59,783 [INFO] PluginManager:220 - loadIPPluginJar : add spi
2026-02-02 10:52:59,793 [INFO] IPUIPlugin:80 - create IPUIPlugin
2026-02-02 10:52:59,794 [INFO] PluginManager:220 - loadIPPluginJar : add stm32_wpan
2026-02-02 10:52:59,797 [INFO] IPUIPlugin:80 - create IPUIPlugin
2026-02-02 10:52:59,798 [INFO] PluginManager:220 - loadIPPluginJar : add tim
2026-02-02 10:52:59,804 [INFO] IPUIPlugin:80 - create IPUIPlugin
2026-02-02 10:52:59,805 [INFO] PluginManager:220 - loadIPPluginJar : add touchsensing
2026-02-02 10:52:59,809 [INFO] IPUIPlugin:80 - create IPUIPlugin
2026-02-02 10:52:59,809 [INFO] PluginManager:220 - loadIPPluginJar : add tracer_emb
2026-02-02 10:52:59,813 [INFO] IPUIPlugin:80 - create IPUIPlugin
2026-02-02 10:52:59,813 [INFO] PluginManager:220 - loadIPPluginJar : add ts
2026-02-02 10:52:59,817 [INFO] IPUIPlugin:80 - create IPUIPlugin
2026-02-02 10:52:59,817 [INFO] PluginManager:220 - loadIPPluginJar : add tsc
2026-02-02 10:52:59,821 [INFO] IPUIPlugin:80 - create IPUIPlugin
2026-02-02 10:52:59,821 [INFO] PluginManager:220 - loadIPPluginJar : add ucpd
2026-02-02 10:52:59,826 [INFO] IPUIPlugin:80 - create IPUIPlugin
2026-02-02 10:52:59,826 [INFO] PluginManager:220 - loadIPPluginJar : add usart
2026-02-02 10:52:59,833 [INFO] IPUIPlugin:80 - create IPUIPlugin
2026-02-02 10:52:59,833 [INFO] PluginManager:220 - loadIPPluginJar : add usbx
2026-02-02 10:53:01,335 [FATAL] Updater:351 - Updater called before beeing initialized
2026-02-02 10:53:01,389 [INFO] RulesReader:64 - Compatibility file has been processed (317 Rules)
2026-02-02 10:53:01,411 [INFO] RulesReader:64 - Compatibility file has been processed (317 Rules)
2026-02-02 10:53:01,429 [INFO] CADModel:165 - CPN selected for project level
2026-02-02 10:53:01,429 [INFO] CADModel:114 - Register for checkConnection events
2026-02-02 10:53:01,429 [FATAL] Updater:351 - Updater called before beeing initialized
2026-02-02 10:53:01,429 [ERROR] CADModel:125 - Updater not yet initialized, retry later 
2026-02-02 10:53:01,649 [FATAL] Updater:351 - Updater called before beeing initialized
2026-02-02 10:53:01,653 [INFO] CADModel:165 - CPN selected for project level
2026-02-02 10:53:01,653 [INFO] CADModel:114 - Register for checkConnection events
2026-02-02 10:53:01,653 [FATAL] Updater:351 - Updater called before beeing initialized
2026-02-02 10:53:01,653 [ERROR] CADModel:125 - Updater not yet initialized, retry later 
2026-02-02 10:53:01,658 [FATAL] Updater:351 - Updater called before beeing initialized
2026-02-02 10:53:01,723 [INFO] ThirdPartyUpdaterWithRetryManager:70 - Updater plugin not ready yet. [2/15]
2026-02-02 10:53:01,803 [FATAL] Updater:351 - Updater called before beeing initialized
2026-02-02 10:53:01,809 [INFO] DbMcusAds:53 - JSON generation date=Tue Dec 16 04:41:46 IST 2025 (1765840306612)
2026-02-02 10:53:01,810 [FATAL] Updater:351 - Updater called before beeing initialized
2026-02-02 10:53:01,870 [WARN] DetailPanel:346 - Failed to get advertising image, set to default
2026-02-02 10:53:01,983 [FATAL] Updater:351 - Updater called before beeing initialized
2026-02-02 10:53:01,986 [FATAL] Updater:351 - Updater called before beeing initialized
2026-02-02 10:53:01,986 [FATAL] Updater:351 - Updater called before beeing initialized
2026-02-02 10:53:01,987 [WARN] DetailPanel:346 - Failed to get advertising image, set to default
2026-02-02 10:53:01,988 [FATAL] Updater:351 - Updater called before beeing initialized
2026-02-02 10:53:02,057 [ERROR] Updater:1198 - MainUpdater not yet initialized. External WinMGr cannot be set.
2026-02-02 10:53:02,060 [INFO] Updater:1134 - Updater Version found : 6.15.0
2026-02-02 10:53:02,097 [INFO] ApplicationProperties:184 - Using Application install path: C:\Users\MSI GF63\STM32CubeIDE_1.14.0\STM32CubeIDE\plugins\com.st.stm32cube.common.mx_6.15.0.202507011659
2026-02-02 10:53:02,626 [INFO] MainUpdater:2872 - connection check result : 10
2026-02-02 10:53:02,626 [INFO] MainUpdater:3604 - Updater definition file requires update
2026-02-02 10:53:02,627 [INFO] MainUpdater:289 - Updater Check For Update Now.
2026-02-02 10:53:02,627 [INFO] MicroXplorer:498 - Change Database Version : DB.6.0.150
2026-02-02 10:53:02,632 [INFO] McuFinderGlobals:63 - Set McuFinder mode to 2 (CubeIDE integrated)
2026-02-02 10:53:02,633 [INFO] UserAuth:487 - Internet connection configuration mode: 1
2026-02-02 10:53:02,653 [INFO] JxBrowserEngine:152 - Initiate JxBrowser Engine with user profile folder
2026-02-02 10:53:02,846 [INFO] ServerAccessManage:452 - Complete download http(s) 200
2026-02-02 10:53:02,847 [INFO] ServerAccessManage:509 - Download File updaters.zip
2026-02-02 10:53:03,312 [INFO] FileExtend:248 - Unzip File : updaters.zip
2026-02-02 10:53:03,313 [INFO] FileExtend:263 - Standard Zip Deflate
2026-02-02 10:53:03,971 [ERROR] ExternalUserPreferencesManager:606 - Error while get path from external application: Cannot invoke "com.st.stm32cube.common.mx.MxActivator.getBundle()" because the return value of "com.st.stm32cube.common.mx.MxActivator.getDefault()" is null
2026-02-02 10:53:03,972 [ERROR] ExternalUserPreferencesManager:336 - Error while get preference info from external application: Cannot invoke "com.st.stm32cube.common.mx.MxActivator.getBundle()" because the return value of "com.st.stm32cube.common.mx.MxActivator.getDefault()" is null
2026-02-02 10:53:03,973 [ERROR] ExternalUserPreferencesManager:560 - Error while get preference info from external application: Cannot invoke "com.st.stm32cube.common.mx.MxActivator.getBundle()" because the return value of "com.st.stm32cube.common.mx.MxActivator.getDefault()" is null
2026-02-02 10:53:04,015 [INFO] ServerAccessManage:452 - Complete download http(s) 200
2026-02-02 10:53:04,015 [INFO] ServerAccessManage:509 - Download File PacksControlFlags.xml
2026-02-02 10:53:04,125 [ERROR] ExternalUserPreferencesManager:560 - Error while get preference info from external application: Cannot invoke "com.st.stm32cube.common.mx.MxActivator.getBundle()" because the return value of "com.st.stm32cube.common.mx.MxActivator.getDefault()" is null
2026-02-02 10:53:04,167 [INFO] ServerAccessManage:452 - Complete download http(s) 200
2026-02-02 10:53:04,168 [INFO] ServerAccessManage:509 - Download File cubemx.pidx
2026-02-02 10:54:04,686 [INFO] Activator:176 - 


2026-02-02 10:54:04,687 [INFO] Activator:177 - !SESSION log4j initialized
2026-02-02 10:54:09,027 [INFO] LogOutputStream:77 - [STDOUT_REDIRECT] 
2026-02-02 10:54:49,561 [INFO] ApplicationProperties:184 - Using Application install path: C:\Users\MSI GF63\STM32CubeIDE_1.14.0\STM32CubeIDE\plugins\com.st.stm32cube.common.mx_6.15.0.202507011659
2026-02-02 10:54:49,579 [INFO] DbMcusXml:78 - Set database path to: C:\Users\MSI GF63\STM32CubeIDE_1.14.0\STM32CubeIDE\plugins\com.st.stm32cube.common.mx_6.15.0.202507011659\\db\/mcu/
2026-02-02 10:54:49,580 [INFO] ApiDb:274 - Set plugin database path to: C:\Users\MSI GF63\STM32CubeIDE_1.14.0\STM32CubeIDE\plugins\com.st.stm32cube.common.mx_6.15.0.202507011659\\db\/plugins/boardmanager/
2026-02-02 10:54:49,580 [WARN] ApiDb:259 - Overriding images path with different value:  => C:\Users\MSI GF63\STM32CubeIDE_1.14.0\STM32CubeIDE\plugins\com.st.stm32cube.common.mx_6.15.0.202507011659\\db\/plugins/mcufinder/images/
2026-02-02 10:54:49,586 [INFO] ApiDb:250 - Set database path to: C:\Users\MSI GF63\.stmcufinder\plugins\mcufinder//mcu/
2026-02-02 10:54:49,588 [INFO] DbMcusAds:125 - Set database path to: C:\Users\MSI GF63\.stmcufinder\plugins\mcufinder//mcu/
2026-02-02 10:54:49,612 [INFO] CrossReferenceDbSqlite:203 - Set database path to: C:\Users\MSI GF63\.stmcufinder\plugins\mcufinder//mcu/cs/
2026-02-02 10:54:49,730 [INFO] RulesReader:64 - Compatibility file has been processed (317 Rules)
2026-02-02 10:54:49,816 [INFO] DbMcusXml:78 - Set database path to: C:\Users\MSI GF63\STM32CubeIDE_1.14.0\STM32CubeIDE\plugins\com.st.stm32cube.common.mx_6.15.0.202507011659\\db\/mcu/
2026-02-02 10:54:49,816 [INFO] ApiDb:274 - Set plugin database path to: C:\Users\MSI GF63\STM32CubeIDE_1.14.0\STM32CubeIDE\plugins\com.st.stm32cube.common.mx_6.15.0.202507011659\\db\/plugins/boardmanager/
2026-02-02 10:54:49,816 [INFO] ApiDb:261 - Set plugin images path to: C:\Users\MSI GF63\STM32CubeIDE_1.14.0\STM32CubeIDE\plugins\com.st.stm32cube.common.mx_6.15.0.202507011659\\db\/plugins/mcufinder/images/
2026-02-02 10:54:49,816 [WARN] DbFile:41 - Overriding database path with different value: C:\Users\MSI GF63\.stmcufinder\plugins\mcufinder/ => C:\Users\MSI GF63\.stmcufinder\plugins\mcufinder
2026-02-02 10:54:49,816 [INFO] ApiDb:250 - Set database path to: C:\Users\MSI GF63\.stmcufinder\plugins\mcufinder//mcu/
2026-02-02 10:54:49,816 [WARN] DbFile:41 - Overriding database path with different value: C:\Users\MSI GF63\.stmcufinder\plugins\mcufinder/ => C:\Users\MSI GF63\.stmcufinder\plugins\mcufinder
2026-02-02 10:54:49,816 [INFO] DbMcusAds:125 - Set database path to: C:\Users\MSI GF63\.stmcufinder\plugins\mcufinder//mcu/
2026-02-02 10:54:49,816 [WARN] DbFile:41 - Overriding database path with different value: C:\Users\MSI GF63\.stmcufinder\plugins\mcufinder/ => C:\Users\MSI GF63\.stmcufinder\plugins\mcufinder
2026-02-02 10:54:49,816 [WARN] DbFile:41 - Overriding database path with different value: C:\Users\MSI GF63\.stmcufinder\plugins\mcufinder/ => C:\Users\MSI GF63\.stmcufinder\plugins\mcufinder
2026-02-02 10:54:49,817 [INFO] CrossReferenceDbSqlite:203 - Set database path to: C:\Users\MSI GF63\.stmcufinder\plugins\mcufinder//mcu/cs/
2026-02-02 10:54:49,879 [INFO] MainPanel:274 - HeapMemory: 268435456
2026-02-02 10:54:49,944 [INFO] DbMcusXml:78 - Set database path to: C:\Users\MSI GF63\STM32CubeIDE_1.14.0\STM32CubeIDE\plugins\com.st.stm32cube.common.mx_6.15.0.202507011659\\db\/mcu/
2026-02-02 10:54:49,944 [INFO] ApiDb:274 - Set plugin database path to: C:\Users\MSI GF63\STM32CubeIDE_1.14.0\STM32CubeIDE\plugins\com.st.stm32cube.common.mx_6.15.0.202507011659\\db\/plugins/boardmanager/
2026-02-02 10:54:49,945 [INFO] ApiDb:261 - Set plugin images path to: C:\Users\MSI GF63\STM32CubeIDE_1.14.0\STM32CubeIDE\plugins\com.st.stm32cube.common.mx_6.15.0.202507011659\\db\/plugins/mcufinder/images/
2026-02-02 10:54:49,945 [WARN] DbFile:41 - Overriding database path with different value: C:\Users\MSI GF63\.stmcufinder\plugins\mcufinder/ => C:\Users\MSI GF63\.stmcufinder\plugins\mcufinder
2026-02-02 10:54:49,945 [INFO] ApiDb:250 - Set database path to: C:\Users\MSI GF63\.stmcufinder\plugins\mcufinder//mcu/
2026-02-02 10:54:49,945 [WARN] DbFile:41 - Overriding database path with different value: C:\Users\MSI GF63\.stmcufinder\plugins\mcufinder/ => C:\Users\MSI GF63\.stmcufinder\plugins\mcufinder
2026-02-02 10:54:49,945 [INFO] DbMcusAds:125 - Set database path to: C:\Users\MSI GF63\.stmcufinder\plugins\mcufinder//mcu/
2026-02-02 10:54:49,945 [WARN] DbFile:41 - Overriding database path with different value: C:\Users\MSI GF63\.stmcufinder\plugins\mcufinder/ => C:\Users\MSI GF63\.stmcufinder\plugins\mcufinder
2026-02-02 10:54:49,945 [WARN] DbFile:41 - Overriding database path with different value: C:\Users\MSI GF63\.stmcufinder\plugins\mcufinder/ => C:\Users\MSI GF63\.stmcufinder\plugins\mcufinder
2026-02-02 10:54:49,945 [INFO] CrossReferenceDbSqlite:203 - Set database path to: C:\Users\MSI GF63\.stmcufinder\plugins\mcufinder//mcu/cs/
2026-02-02 10:54:49,965 [INFO] ApplicationProperties:184 - Using Application install path: C:\Users\MSI GF63\STM32CubeIDE_1.14.0\STM32CubeIDE\plugins\com.st.stm32cube.common.mx_6.15.0.202507011659
2026-02-02 10:54:49,966 [INFO] PluginManage:196 - Search for loadable plugins [exclusion list=, ]
2026-02-02 10:54:49,967 [INFO] PluginManage:310 - Check plugin analytics
2026-02-02 10:54:50,106 [INFO] AnalyticsPlugin:253 - Accepted Software Licenses: STM32CubeMX.6.13.0
2026-02-02 10:54:50,106 [INFO] AnalyticsPlugin:255 - Accepted CMSIS Pack Licenses: 
2026-02-02 10:54:50,106 [INFO] AnalyticsPlugin:257 - Accepted Firmware Licenses: FW.F4.1.28.0
2026-02-02 10:54:50,109 [INFO] PluginManage:359 - Loaded plugin analytics (category:tool,tabindex:-1)
2026-02-02 10:54:50,109 [INFO] PluginManage:310 - Check plugin cadmodel
2026-02-02 10:54:50,113 [INFO] CADModel:105 - Init CAD model plugin
2026-02-02 10:54:50,113 [INFO] PluginManage:359 - Loaded plugin cadmodel (category:power,tabindex:5)
2026-02-02 10:54:50,113 [INFO] PluginManage:310 - Check plugin clock
2026-02-02 10:54:50,122 [INFO] PluginManage:359 - Loaded plugin clock (category:base,tabindex:2)
2026-02-02 10:54:50,122 [INFO] PluginManage:310 - Check plugin ddr
2026-02-02 10:54:50,124 [INFO] PluginManage:359 - Loaded plugin ddr (category:tool,tabindex:6)
2026-02-02 10:54:50,124 [INFO] PluginManage:310 - Check plugin filemanager
2026-02-02 10:54:50,237 [INFO] PluginManage:359 - Loaded plugin filemanager (category:base,tabindex:10)
2026-02-02 10:54:50,237 [INFO] PluginManage:310 - Check plugin ipmanager
2026-02-02 10:54:50,243 [INFO] PluginManage:359 - Loaded plugin ipmanager (category:base,tabindex:5)
2026-02-02 10:54:50,244 [INFO] PluginManage:310 - Check plugin lpbam
2026-02-02 10:54:50,251 [INFO] PluginManage:359 - Loaded plugin lpbam (category:base,tabindex:0)
2026-02-02 10:54:50,251 [INFO] PluginManage:310 - Check plugin memorymap
2026-02-02 10:54:50,259 [INFO] PluginManage:359 - Loaded plugin memorymap (category:base,tabindex:4)
2026-02-02 10:54:50,351 [INFO] PluginManage:310 - Check plugin pinoutandconfiguration
2026-02-02 10:54:50,359 [INFO] PluginManage:359 - Loaded plugin pinoutandconfiguration (category:base,tabindex:1)
2026-02-02 10:54:50,359 [INFO] PluginManage:310 - Check plugin pinoutconfig
2026-02-02 10:54:50,423 [WARN] SupportedApi:132 - Cannot load RTOS API schema: s4s-elt-must-match.1: The content of 'definitions' must match (annotation?, (simpleType | complexType)?, (unique | key | keyref)*)). A problem was found starting at: attribute.
2026-02-02 10:54:50,515 [INFO] PluginManage:359 - Loaded plugin pinoutconfig (category:base,tabindex:0)
2026-02-02 10:54:50,515 [INFO] PluginManage:310 - Check plugin power
2026-02-02 10:54:50,522 [INFO] PluginManage:359 - Loaded plugin power (category:power,tabindex:4)
2026-02-02 10:54:50,522 [INFO] PluginManage:310 - Check plugin projectmanager
2026-02-02 10:54:50,536 [INFO] PluginManage:359 - Loaded plugin projectmanager (category:projectmanager,tabindex:4)
2026-02-02 10:54:50,536 [INFO] PluginManage:310 - Check plugin rif
2026-02-02 10:54:50,542 [INFO] PluginManage:359 - Loaded plugin rif (category:base,tabindex:3)
2026-02-02 10:54:50,543 [INFO] PluginManage:310 - Check plugin thirdparty
2026-02-02 10:54:50,641 [WARN] IntegrityCheckThread:84 - waiting for thirdparty lock release [integrity check]
2026-02-02 10:54:50,641 [INFO] PluginManage:359 - Loaded plugin thirdparty (category:base,tabindex:-1)
2026-02-02 10:54:50,641 [INFO] IntegrityCheckThread:86 - entering critical section [integrity check]
2026-02-02 10:54:50,641 [INFO] PluginManage:310 - Check plugin tools
2026-02-02 10:54:50,642 [INFO] ThirdPartyUpdaterWithRetryManager:70 - Updater plugin not ready yet. [1/15]
2026-02-02 10:54:50,643 [INFO] PluginManage:359 - Loaded plugin tools (category:base,tabindex:7)
2026-02-02 10:54:50,643 [INFO] PluginManage:310 - Check plugin tutovideos
2026-02-02 10:54:50,787 [INFO] PluginManage:359 - Loaded plugin tutovideos (category:base,tabindex:-1)
2026-02-02 10:54:50,787 [INFO] PluginManage:310 - Check plugin updater
2026-02-02 10:54:50,802 [INFO] PluginManage:359 - Loaded plugin updater (category:base,tabindex:12)
2026-02-02 10:54:50,802 [INFO] PluginManage:310 - Check plugin userauth
2026-02-02 10:54:50,805 [INFO] UserAuth:118 - Init User Auth plugin
2026-02-02 10:54:50,806 [INFO] PluginManage:359 - Loaded plugin userauth (category:base,tabindex:14)
2026-02-02 10:54:50,806 [INFO] PluginManage:283 - PluginManage : Loaded plugins [18]
2026-02-02 10:54:50,997 [INFO] PinOutPanel:1589 - setPackage(No Configuration,No Configuration)
2026-02-02 10:54:51,076 [INFO] CADModel:165 - CPN selected for project level
2026-02-02 10:54:51,076 [INFO] CADModel:114 - Register for checkConnection events
2026-02-02 10:54:51,090 [INFO] IPUIPlugin:80 - create IPUIPlugin
2026-02-02 10:54:51,090 [INFO] PluginManager:220 - loadIPPluginJar : add adc
2026-02-02 10:54:51,093 [INFO] IPUIPlugin:80 - create IPUIPlugin
2026-02-02 10:54:51,093 [INFO] PluginManager:220 - loadIPPluginJar : add aes
2026-02-02 10:54:51,095 [INFO] IPUIPlugin:80 - create IPUIPlugin
2026-02-02 10:54:51,095 [INFO] PluginManager:220 - loadIPPluginJar : add can
2026-02-02 10:54:51,096 [INFO] IPUIPlugin:80 - create IPUIPlugin
2026-02-02 10:54:51,097 [INFO] PluginManager:220 - loadIPPluginJar : add comp
2026-02-02 10:54:51,098 [INFO] IPUIPlugin:80 - create IPUIPlugin
2026-02-02 10:54:51,099 [INFO] PluginManager:220 - loadIPPluginJar : add cryp
2026-02-02 10:54:51,101 [INFO] IPUIPlugin:80 - create IPUIPlugin
2026-02-02 10:54:51,101 [INFO] PluginManager:220 - loadIPPluginJar : add ddr_ctrl_phy
2026-02-02 10:54:51,103 [INFO] IPUIPlugin:80 - create IPUIPlugin
2026-02-02 10:54:51,103 [INFO] PluginManager:220 - loadIPPluginJar : add dfsdm
2026-02-02 10:54:51,108 [INFO] IPUIPlugin:80 - create IPUIPlugin
2026-02-02 10:54:51,108 [INFO] PluginManager:220 - loadIPPluginJar : add dma
2026-02-02 10:54:51,110 [INFO] IPUIPlugin:80 - create IPUIPlugin
2026-02-02 10:54:51,111 [INFO] PluginManager:220 - loadIPPluginJar : add dma3
2026-02-02 10:54:51,113 [INFO] IPUIPlugin:80 - create IPUIPlugin
2026-02-02 10:54:51,113 [INFO] PluginManager:220 - loadIPPluginJar : add extmemmanager
2026-02-02 10:54:51,115 [INFO] IPUIPlugin:80 - create IPUIPlugin
2026-02-02 10:54:51,115 [INFO] PluginManager:220 - loadIPPluginJar : add fatfs
2026-02-02 10:54:51,120 [INFO] IPUIPlugin:80 - create IPUIPlugin
2026-02-02 10:54:51,120 [INFO] PluginManager:220 - loadIPPluginJar : add fmc
2026-02-02 10:54:51,124 [INFO] IPUIPlugin:80 - create IPUIPlugin
2026-02-02 10:54:51,125 [INFO] PluginManager:220 - loadIPPluginJar : add freertos
2026-02-02 10:54:51,126 [INFO] IPUIPlugin:80 - create IPUIPlugin
2026-02-02 10:54:51,126 [INFO] PluginManager:220 - loadIPPluginJar : add genericplugin
2026-02-02 10:54:51,128 [INFO] IPUIPlugin:80 - create IPUIPlugin
2026-02-02 10:54:51,128 [INFO] PluginManager:220 - loadIPPluginJar : add gfxmmu
2026-02-02 10:54:51,133 [INFO] IPUIPlugin:80 - create IPUIPlugin
2026-02-02 10:54:51,133 [INFO] PluginManager:220 - loadIPPluginJar : add gic
2026-02-02 10:54:51,137 [INFO] IPUIPlugin:80 - create IPUIPlugin
2026-02-02 10:54:51,137 [INFO] PluginManager:220 - loadIPPluginJar : add gpio
2026-02-02 10:54:51,140 [INFO] IPUIPlugin:80 - create IPUIPlugin
2026-02-02 10:54:51,140 [INFO] PluginManager:220 - loadIPPluginJar : add gtzc
2026-02-02 10:54:51,142 [INFO] IPUIPlugin:80 - create IPUIPlugin
2026-02-02 10:54:51,143 [INFO] PluginManager:220 - loadIPPluginJar : add hash
2026-02-02 10:54:51,145 [INFO] IPUIPlugin:80 - create IPUIPlugin
2026-02-02 10:54:51,145 [INFO] PluginManager:220 - loadIPPluginJar : add i2c
2026-02-02 10:54:51,147 [INFO] IPUIPlugin:80 - create IPUIPlugin
2026-02-02 10:54:51,147 [INFO] PluginManager:220 - loadIPPluginJar : add i2s
2026-02-02 10:54:51,150 [INFO] IPUIPlugin:80 - create IPUIPlugin
2026-02-02 10:54:51,150 [INFO] PluginManager:220 - loadIPPluginJar : add i3c
2026-02-02 10:54:51,152 [INFO] IPUIPlugin:80 - create IPUIPlugin
2026-02-02 10:54:51,152 [INFO] PluginManager:220 - loadIPPluginJar : add ipddr
2026-02-02 10:54:51,158 [INFO] IPUIPlugin:80 - create IPUIPlugin
2026-02-02 10:54:51,158 [INFO] PluginManager:220 - loadIPPluginJar : add linkedlist
2026-02-02 10:54:51,160 [INFO] IPUIPlugin:80 - create IPUIPlugin
2026-02-02 10:54:51,160 [INFO] PluginManager:220 - loadIPPluginJar : add lorawan
2026-02-02 10:54:51,162 [INFO] IPUIPlugin:80 - create IPUIPlugin
2026-02-02 10:54:51,162 [INFO] PluginManager:220 - loadIPPluginJar : add ltdc
2026-02-02 10:54:51,167 [INFO] IPUIPlugin:80 - create IPUIPlugin
2026-02-02 10:54:51,167 [INFO] PluginManager:220 - loadIPPluginJar : add mdma
2026-02-02 10:54:51,170 [INFO] IPUIPlugin:80 - create IPUIPlugin
2026-02-02 10:54:51,170 [INFO] PluginManager:220 - loadIPPluginJar : add nvic
2026-02-02 10:54:51,173 [INFO] IPUIPlugin:80 - create IPUIPlugin
2026-02-02 10:54:51,174 [INFO] PluginManager:220 - loadIPPluginJar : add opamp
2026-02-02 10:54:51,177 [INFO] IPUIPlugin:80 - create IPUIPlugin
2026-02-02 10:54:51,178 [INFO] PluginManager:220 - loadIPPluginJar : add openamp
2026-02-02 10:54:51,181 [INFO] IPUIPlugin:80 - create IPUIPlugin
2026-02-02 10:54:51,181 [INFO] PluginManager:220 - loadIPPluginJar : add pdm2pcm
2026-02-02 10:54:51,186 [INFO] IPUIPlugin:80 - create IPUIPlugin
2026-02-02 10:54:51,188 [INFO] PluginManager:220 - loadIPPluginJar : add plateformsettings
2026-02-02 10:54:51,190 [INFO] IPUIPlugin:80 - create IPUIPlugin
2026-02-02 10:54:51,190 [INFO] PluginManager:220 - loadIPPluginJar : add quadspi
2026-02-02 10:54:51,191 [INFO] IPUIPlugin:80 - create IPUIPlugin
2026-02-02 10:54:51,192 [INFO] PluginManager:220 - loadIPPluginJar : add radio
2026-02-02 10:54:51,195 [INFO] IPUIPlugin:80 - create IPUIPlugin
2026-02-02 10:54:51,195 [INFO] PluginManager:220 - loadIPPluginJar : add resmgrutility
2026-02-02 10:54:51,198 [INFO] IPUIPlugin:80 - create IPUIPlugin
2026-02-02 10:54:51,198 [INFO] PluginManager:220 - loadIPPluginJar : add sai
2026-02-02 10:54:51,201 [INFO] IPUIPlugin:80 - create IPUIPlugin
2026-02-02 10:54:51,201 [INFO] PluginManager:220 - loadIPPluginJar : add spi
2026-02-02 10:54:51,206 [INFO] IPUIPlugin:80 - create IPUIPlugin
2026-02-02 10:54:51,206 [INFO] PluginManager:220 - loadIPPluginJar : add stm32_wpan
2026-02-02 10:54:51,207 [INFO] IPUIPlugin:80 - create IPUIPlugin
2026-02-02 10:54:51,207 [INFO] PluginManager:220 - loadIPPluginJar : add tim
2026-02-02 10:54:51,210 [INFO] IPUIPlugin:80 - create IPUIPlugin
2026-02-02 10:54:51,210 [INFO] PluginManager:220 - loadIPPluginJar : add touchsensing
2026-02-02 10:54:51,212 [INFO] IPUIPlugin:80 - create IPUIPlugin
2026-02-02 10:54:51,212 [INFO] PluginManager:220 - loadIPPluginJar : add tracer_emb
2026-02-02 10:54:51,215 [INFO] IPUIPlugin:80 - create IPUIPlugin
2026-02-02 10:54:51,215 [INFO] PluginManager:220 - loadIPPluginJar : add ts
2026-02-02 10:54:51,217 [INFO] IPUIPlugin:80 - create IPUIPlugin
2026-02-02 10:54:51,217 [INFO] PluginManager:220 - loadIPPluginJar : add tsc
2026-02-02 10:54:51,219 [INFO] IPUIPlugin:80 - create IPUIPlugin
2026-02-02 10:54:51,219 [INFO] PluginManager:220 - loadIPPluginJar : add ucpd
2026-02-02 10:54:51,222 [INFO] IPUIPlugin:80 - create IPUIPlugin
2026-02-02 10:54:51,222 [INFO] PluginManager:220 - loadIPPluginJar : add usart
2026-02-02 10:54:51,227 [INFO] IPUIPlugin:80 - create IPUIPlugin
2026-02-02 10:54:51,227 [INFO] PluginManager:220 - loadIPPluginJar : add usbx
2026-02-02 10:54:51,353 [FATAL] Updater:351 - Updater called before beeing initialized
2026-02-02 10:54:51,376 [INFO] RulesReader:64 - Compatibility file has been processed (317 Rules)
2026-02-02 10:54:51,387 [INFO] RulesReader:64 - Compatibility file has been processed (317 Rules)
2026-02-02 10:54:51,394 [INFO] CADModel:165 - CPN selected for project level
2026-02-02 10:54:51,394 [INFO] CADModel:114 - Register for checkConnection events
2026-02-02 10:54:51,394 [FATAL] Updater:351 - Updater called before beeing initialized
2026-02-02 10:54:51,394 [ERROR] CADModel:125 - Updater not yet initialized, retry later 
2026-02-02 10:54:51,563 [FATAL] Updater:351 - Updater called before beeing initialized
2026-02-02 10:54:51,565 [INFO] CADModel:165 - CPN selected for project level
2026-02-02 10:54:51,566 [INFO] CADModel:114 - Register for checkConnection events
2026-02-02 10:54:51,566 [FATAL] Updater:351 - Updater called before beeing initialized
2026-02-02 10:54:51,566 [ERROR] CADModel:125 - Updater not yet initialized, retry later 
2026-02-02 10:54:51,570 [FATAL] Updater:351 - Updater called before beeing initialized
2026-02-02 10:54:51,693 [FATAL] Updater:351 - Updater called before beeing initialized
2026-02-02 10:54:51,698 [INFO] DbMcusAds:53 - JSON generation date=Tue Dec 16 04:41:46 IST 2025 (1765840306612)
2026-02-02 10:54:51,698 [FATAL] Updater:351 - Updater called before beeing initialized
2026-02-02 10:54:51,729 [WARN] DetailPanel:346 - Failed to get advertising image, set to default
2026-02-02 10:54:51,803 [FATAL] Updater:351 - Updater called before beeing initialized
2026-02-02 10:54:51,804 [FATAL] Updater:351 - Updater called before beeing initialized
2026-02-02 10:54:51,804 [FATAL] Updater:351 - Updater called before beeing initialized
2026-02-02 10:54:51,804 [WARN] DetailPanel:346 - Failed to get advertising image, set to default
2026-02-02 10:54:51,805 [FATAL] Updater:351 - Updater called before beeing initialized
2026-02-02 10:54:51,842 [ERROR] Updater:1198 - MainUpdater not yet initialized. External WinMGr cannot be set.
2026-02-02 10:54:51,843 [INFO] Updater:1134 - Updater Version found : 6.15.0
2026-02-02 10:54:51,860 [INFO] ApplicationProperties:184 - Using Application install path: C:\Users\MSI GF63\STM32CubeIDE_1.14.0\STM32CubeIDE\plugins\com.st.stm32cube.common.mx_6.15.0.202507011659
2026-02-02 10:54:52,246 [INFO] MainUpdater:2872 - connection check result : 10
2026-02-02 10:54:52,246 [INFO] MainUpdater:289 - Updater Check For Update Now.
2026-02-02 10:54:52,246 [INFO] MicroXplorer:498 - Change Database Version : DB.6.0.150
2026-02-02 10:54:52,252 [INFO] McuFinderGlobals:63 - Set McuFinder mode to 2 (CubeIDE integrated)
2026-02-02 10:54:52,253 [INFO] UserAuth:487 - Internet connection configuration mode: 1
2026-02-02 10:54:52,270 [INFO] JxBrowserEngine:152 - Initiate JxBrowser Engine with user profile folder
2026-02-02 10:54:52,421 [INFO] CheckServerUpdateThread:120 - End of CheckServer Thread
2026-02-02 10:54:52,930 [INFO] WebApp:169 - Instantiating new browser for Auth
2026-02-02 10:54:53,577 [INFO] WebApp:463 - Apply proxy settings
2026-02-02 10:54:53,578 [INFO] WebApp:548 - Chromium requires no authentication
2026-02-02 10:54:53,604 [INFO] WebApp:491 - Direct internet connection detected
2026-02-02 10:54:53,648 [INFO] WebApp:900 - Register for checkConnection events
2026-02-02 10:54:53,648 [INFO] WebApp:463 - Apply proxy settings
2026-02-02 10:54:53,648 [INFO] WebApp:548 - Chromium requires no authentication
2026-02-02 10:54:53,649 [INFO] WebApp:491 - Direct internet connection detected
2026-02-02 10:54:53,884 [INFO] WebApp:225 - Starting web application
2026-02-02 10:54:53,884 [INFO] WebApp:593 - Web application path used C:\Users\MSI GF63\STM32CubeIDE_1.14.0\STM32CubeIDE\plugins\com.st.stm32cube.common.mx_6.15.0.202507011659\db\plugins\mcufinder\reactClient1\index.html
2026-02-02 10:54:53,989 [INFO] UserAuth:487 - Internet connection configuration mode: 1
2026-02-02 10:54:54,024 [INFO] WebApp:191 - Connection restablished
2026-02-02 10:54:54,062 [WARN] PackLoader:240 - Cannot read IP mode file for STMicroelectronics.FP-SNS-MOTENVWB1.1.4.0
2026-02-02 10:54:54,072 [WARN] PackLoader:240 - Cannot read IP mode file for STMicroelectronics.FP-ATR-ASTRA1.2.0.2
2026-02-02 10:54:54,077 [WARN] PackLoader:240 - Cannot read IP mode file for STMicroelectronics.FP-ATR-ASTRA1.2.0.1
2026-02-02 10:54:54,088 [WARN] PackLoader:240 - Cannot read IP mode file for STMicroelectronics.X-CUBE-SMBUS.2.1.0
2026-02-02 10:54:54,098 [WARN] PackLoader:240 - Cannot read IP mode file for STMicroelectronics.X-CUBE-WB05N.1.1.0
2026-02-02 10:54:54,104 [WARN] PackLoader:240 - Cannot read IP mode file for STMicroelectronics.X-CUBE-ST60.1.0.0
2026-02-02 10:54:54,112 [WARN] PackLoader:240 - Cannot read IP mode file for STMicroelectronics.X-CUBE-TOUCHGFX.4.23.0
2026-02-02 10:54:54,147 [WARN] PackLoader:240 - Cannot read IP mode file for STMicroelectronics.X-CUBE-AZRTOS-F7.1.1.0
2026-02-02 10:54:54,163 [WARN] PackLoader:240 - Cannot read IP mode file for Cesanta.I-CUBE-Mongoose.7.19.0
2026-02-02 10:54:54,171 [WARN] PackLoader:240 - Cannot read IP mode file for STMicroelectronics.FP-SNS-MOTENV1.4.3.2
2026-02-02 10:54:54,232 [WARN] PackLoader:240 - Cannot read IP mode file for STMicroelectronics.X-CUBE-MEMS1.11.0.0
2026-02-02 10:54:54,373 [WARN] PackLoader:240 - Cannot read IP mode file for STMicroelectronics.FP-SNS-MOTENV1.5.1.0
2026-02-02 10:54:54,383 [WARN] PackLoader:240 - Cannot read IP mode file for WES.I-CUBE-Cesium.1.4.0
2026-02-02 10:54:54,389 [WARN] PackLoader:240 - Cannot read IP mode file for STMicroelectronics.FP-SNS-FLIGHT1.5.0.2
2026-02-02 10:54:54,412 [WARN] PackLoader:240 - Cannot read IP mode file for Infineon.AIROC-Wi-Fi-Bluetooth-STM32.1.7.0
2026-02-02 10:54:54,438 [WARN] PackLoader:240 - Cannot read IP mode file for Infineon.AIROC-Wi-Fi-Bluetooth-STM32.1.7.1
2026-02-02 10:54:54,464 [WARN] PackLoader:240 - Cannot read IP mode file for STMicroelectronics.X-CUBE-AZRTOS-H7.3.4.0
2026-02-02 10:54:54,476 [WARN] PackLoader:240 - Cannot read IP mode file for STMicroelectronics.X-CUBE-DISPLAY.3.0.0
2026-02-02 10:54:54,484 [WARN] PackLoader:240 - Cannot read IP mode file for STMicroelectronics.X-CUBE-BLE1.7.0.0
2026-02-02 10:54:54,491 [WARN] PackLoader:240 - Cannot read IP mode file for STMicroelectronics.X-CUBE-NFC10.1.0.0
2026-02-02 10:54:54,505 [WARN] PackLoader:240 - Cannot read IP mode file for STMicroelectronics.X-CUBE-BLEMGR.4.0.0
2026-02-02 10:54:54,517 [WARN] PackLoader:240 - Cannot read IP mode file for STMicroelectronics.X-CUBE-ST60.1.1.0
2026-02-02 10:54:54,528 [WARN] PackLoader:240 - Cannot read IP mode file for emotas.I-CUBE-CANOPEN.1.3.0
2026-02-02 10:54:54,536 [WARN] PackLoader:240 - Cannot read IP mode file for STMicroelectronics.X-CUBE-GNSS1.7.1.0
2026-02-02 10:54:54,542 [WARN] PackLoader:240 - Cannot read IP mode file for STMicroelectronics.X-CUBE-TOUCHGFX.4.22.1
2026-02-02 10:54:54,549 [WARN] ConditionMgr:438 - getConditionDescription Invalid condition id : Cortex-A Device cause : null
2026-02-02 10:54:54,565 [WARN] ConditionMgr:1044 - genDependencies : Invalid condition id : Cortex-A Device cause : null
2026-02-02 10:54:54,565 [WARN] ConditionMgr:1044 - genDependencies : Invalid condition id : Cortex-A Device cause : null
2026-02-02 10:54:54,565 [WARN] ConditionMgr:1044 - genDependencies : Invalid condition id : Cortex-A Device cause : null
2026-02-02 10:54:54,604 [WARN] PackLoader:240 - Cannot read IP mode file for STMicroelectronics.FP-SNS-STBOX1.2.1.0
2026-02-02 10:54:54,612 [WARN] PackLoader:240 - Cannot read IP mode file for STMicroelectronics.FP-SNS-SMARTAG2.1.2.0
2026-02-02 10:54:54,616 [WARN] PackLoader:240 - Cannot read IP mode file for STMicroelectronics.FP-SNS-FLIGHT1.5.1.0
2026-02-02 10:54:54,625 [INFO] LogOutputStream:77 - [STDOUT_REDIRECT] 1 : Invalid condition id : UX_CORESTACK_Condition cause : null
2026-02-02 10:54:54,626 [INFO] LogOutputStream:77 - [STDOUT_REDIRECT] 1 : Invalid condition id : UX_CORESTACK_Condition cause : null
2026-02-02 10:54:54,627 [INFO] LogOutputStream:77 - [STDOUT_REDIRECT] 1 : Invalid condition id : UX_CORESTACK_Condition cause : null
2026-02-02 10:54:54,628 [INFO] LogOutputStream:77 - [STDOUT_REDIRECT] 1 : Invalid condition id : UX_CORESTACK_Condition cause : null
2026-02-02 10:54:54,630 [INFO] LogOutputStream:77 - [STDOUT_REDIRECT] 1 : Invalid condition id : UX_CORESTACK_Condition cause : null
2026-02-02 10:54:54,633 [WARN] PackLoader:240 - Cannot read IP mode file for STMicroelectronics.X-CUBE-AZRTOS-WL.2.0.0
2026-02-02 10:54:54,642 [WARN] PackLoader:240 - Cannot read IP mode file for STMicroelectronics.FP-SNS-MOTENV1.5.0.0
2026-02-02 10:54:54,655 [WARN] PackLoader:240 - Cannot read IP mode file for STMicroelectronics.X-CUBE-AZRTOS-H7RS.1.2.0
2026-02-02 10:54:54,662 [WARN] PackLoader:240 - Cannot read IP mode file for wolfSSL.I-CUBE-wolfMQTT.1.19.0
2026-02-02 10:54:54,665 [WARN] PackLoader:240 - Cannot read IP mode file for WES.I-CUBE-Cesium.1.3.0
2026-02-02 10:54:54,671 [WARN] PackLoader:240 - Cannot read IP mode file for STMicroelectronics.X-CUBE-BLE2.3.3.0
2026-02-02 10:54:54,686 [WARN] PackLoader:240 - Cannot read IP mode file for STMicroelectronics.X-CUBE-NFC9.1.0.0
2026-02-02 10:54:54,692 [WARN] PackLoader:240 - Cannot read IP mode file for wolfSSL.I-CUBE-wolfSSL.5.8.0
2026-02-02 10:54:54,697 [WARN] PackLoader:240 - Cannot read IP mode file for wolfSSL.I-CUBE-wolfSSL.5.8.2
2026-02-02 10:54:54,701 [WARN] PackLoader:240 - Cannot read IP mode file for STMicroelectronics.X-CUBE-BLE1.7.1.0
2026-02-02 10:54:54,705 [WARN] PackLoader:240 - Cannot read IP mode file for wolfSSL.I-CUBE-wolfMQTT.1.19.2
2026-02-02 10:54:54,711 [WARN] PackLoader:240 - Cannot read IP mode file for STMicroelectronics.X-CUBE-TCPP.4.1.0
2026-02-02 10:54:54,717 [WARN] PackLoader:240 - Cannot read IP mode file for STMicroelectronics.X-CUBE-FREERTOS.1.4.0
2026-02-02 10:54:54,724 [WARN] PackLoader:240 - Cannot read IP mode file for STMicroelectronics.X-CUBE-EEPRMA1.5.2.0
2026-02-02 10:54:54,732 [WARN] PackLoader:240 - Cannot read IP mode file for STMicroelectronics.X-CUBE-ST67W61.1.1.0
2026-02-02 10:54:54,739 [WARN] PackLoader:240 - Cannot read IP mode file for STMicroelectronics.X-CUBE-AI.10.1.0
2026-02-02 10:54:54,762 [WARN] PackLoader:240 - Cannot read IP mode file for STMicroelectronics.X-CUBE-MEMS1.12.0.0
2026-02-02 10:54:54,822 [WARN] PackLoader:240 - Cannot read IP mode file for STMicroelectronics.X-CUBE-ALGOBUILD.1.3.0
2026-02-02 10:54:54,836 [WARN] PackLoader:240 - Cannot read IP mode file for STMicroelectronics.X-CUBE-AZRTOS-G0.1.1.0
2026-02-02 10:54:54,844 [WARN] PackLoader:240 - Cannot read IP mode file for STMicroelectronics.X-CUBE-SAFEA1.1.2.2
2026-02-02 10:54:54,851 [WARN] PackLoader:240 - Cannot read IP mode file for STMicroelectronics.X-CUBE-NFC4.3.0.0
2026-02-02 10:54:54,859 [WARN] PackLoader:240 - Cannot read IP mode file for EmbeddedOffice.I-CUBE-FS-RTOS.1.0.1
2026-02-02 10:54:54,864 [WARN] PackLoader:240 - Cannot read IP mode file for STMicroelectronics.X-CUBE-WB05N.2.0.0
2026-02-02 10:54:54,870 [WARN] PackLoader:240 - Cannot read IP mode file for STMicroelectronics.X-CUBE-BLEMGR.3.0.0
2026-02-02 10:54:54,876 [WARN] PackLoader:240 - Cannot read IP mode file for wolfSSL.I-CUBE-wolfTPM.3.8.0
2026-02-02 10:54:54,882 [WARN] PackLoader:240 - Cannot read IP mode file for STMicroelectronics.X-CUBE-TCPP.4.2.0
2026-02-02 10:54:54,888 [WARN] PackLoader:240 - Cannot read IP mode file for RealThread.X-CUBE-RT-Thread_Nano.4.1.1
2026-02-02 10:54:54,893 [WARN] PackLoader:240 - Cannot read IP mode file for STMicroelectronics.FP-ATR-SIGFOX1.3.2.0
2026-02-02 10:54:54,897 [WARN] ConditionMgr:438 - getConditionDescription Invalid condition id : Cortex-A Device cause : null
2026-02-02 10:54:54,904 [WARN] ConditionMgr:1044 - genDependencies : Invalid condition id : Cortex-A Device cause : null
2026-02-02 10:54:54,905 [WARN] ConditionMgr:1044 - genDependencies : Invalid condition id : Cortex-A Device cause : null
2026-02-02 10:54:54,905 [WARN] ConditionMgr:1044 - genDependencies : Invalid condition id : Cortex-A Device cause : null
2026-02-02 10:54:54,910 [WARN] PackLoader:240 - Cannot read IP mode file for STMicroelectronics.X-CUBE-EEPRMA1.5.1.0
2026-02-02 10:54:54,916 [WARN] PackLoader:240 - Cannot read IP mode file for ITTIA_DB.I-CUBE-ITTIADB.8.9.0
2026-02-02 10:54:54,924 [WARN] PackLoader:240 - Cannot read IP mode file for STMicroelectronics.X-CUBE-NFC6.3.2.0
2026-02-02 10:54:54,932 [WARN] PackLoader:240 - Cannot read IP mode file for STMicroelectronics.X-CUBE-ST67W61.1.0.0
2026-02-02 10:54:54,938 [WARN] PackLoader:240 - Cannot read IP mode file for STMicroelectronics.X-CUBE-AI.10.2.0
2026-02-02 10:54:54,960 [WARN] PackLoader:240 - Cannot read IP mode file for SEGGER.I-CUBE-embOS.1.3.1
2026-02-02 10:54:55,000 [WARN] PackLoader:240 - Cannot read IP mode file for STMicroelectronics.X-CUBE-ALGOBUILD.1.4.0
2026-02-02 10:54:55,027 [WARN] PackLoader:240 - Cannot read IP mode file for STMicroelectronics.X-CUBE-MEMS1.11.3.0
2026-02-02 10:54:55,127 [WARN] PackLoader:240 - Cannot read IP mode file for STMicroelectronics.X-CUBE-AI.9.1.0
2026-02-02 10:54:55,134 [WARN] PackLoader:240 - Cannot read IP mode file for STMicroelectronics.X-CUBE-PM33A1.1.0.0
2026-02-02 10:54:55,141 [WARN] PackLoader:240 - Cannot read IP mode file for STMicroelectronics.X-CUBE-GNSS1.6.0.0
2026-02-02 10:54:55,158 [WARN] PackLoader:240 - Cannot read IP mode file for STMicroelectronics.X-CUBE-AZRTOS-F4.1.1.0
2026-02-02 10:54:55,164 [WARN] PackLoader:240 - Cannot read IP mode file for wolfSSL.I-CUBE-wolfSSL.5.6.4
2026-02-02 10:54:55,170 [WARN] PackLoader:240 - Cannot read IP mode file for Avnet-IotConnect.X-CUBE-IoTC-DA16k-PMOD.1.0.0
2026-02-02 10:54:55,186 [WARN] PackLoader:240 - Cannot read IP mode file for STMicroelectronics.X-CUBE-ISPU.2.1.0
2026-02-02 10:54:55,199 [WARN] PackLoader:240 - Cannot read IP mode file for STMicroelectronics.X-CUBE-IPS.3.2.0
2026-02-02 10:54:55,213 [WARN] PackLoader:240 - Cannot read IP mode file for wolfSSL.I-CUBE-wolfSSL.5.6.6
2026-02-02 10:54:55,220 [WARN] PackLoader:240 - Cannot read IP mode file for STMicroelectronics.X-CUBE-NFC12.1.0.0
2026-02-02 10:54:55,238 [WARN] PackLoader:240 - Cannot read IP mode file for STMicroelectronics.X-CUBE-AZRTOS-L5.2.0.0
2026-02-02 10:54:55,245 [WARN] PackLoader:240 - Cannot read IP mode file for STMicroelectronics.X-CUBE-EEPRMA1.4.2.0
2026-02-02 10:54:55,252 [WARN] PackLoader:240 - Cannot read IP mode file for STMicroelectronics.X-CUBE-NFC6.3.1.0
2026-02-02 10:54:55,258 [WARN] PackLoader:240 - Cannot read IP mode file for ITTIA_DB.I-CUBE-ITTIADB.8.8.0
2026-02-02 10:54:55,262 [WARN] PackLoader:240 - Cannot read IP mode file for STMicroelectronics.X-CUBE-DPower.1.2.0
2026-02-02 10:54:55,267 [WARN] PackLoader:240 - Cannot read IP mode file for STMicroelectronics.X-CUBE-FREERTOS.1.3.1
2026-02-02 10:54:55,272 [WARN] PackLoader:240 - Cannot read IP mode file for STMicroelectronics.X-CUBE-FREERTOS.1.3.0
2026-02-02 10:54:55,277 [WARN] PackLoader:240 - Cannot read IP mode file for STMicroelectronics.X-CUBE-NFC7.1.0.1
2026-02-02 10:54:55,281 [WARN] PackLoader:240 - Cannot read IP mode file for STMicroelectronics.X-CUBE-TOUCHGFX.4.26.0
2026-02-02 10:54:55,287 [WARN] PackLoader:240 - Cannot read IP mode file for STMicroelectronics.X-CUBE-NFC6.3.0.0
2026-02-02 10:54:55,295 [WARN] PackLoader:240 - Cannot read IP mode file for STMicroelectronics.FP-SNS-STAIOTCFT.1.0.0
2026-02-02 10:54:55,300 [WARN] PackLoader:240 - Cannot read IP mode file for STMicroelectronics.X-CUBE-DPower.1.3.0
2026-02-02 10:54:55,304 [WARN] PackLoader:240 - Cannot read IP mode file for STMicroelectronics.X-CUBE-AI.8.1.0
2026-02-02 10:54:55,317 [WARN] ConditionMgr:438 - getConditionDescription Invalid condition id : LAN8742 Phy interface Condition cause : null
2026-02-02 10:54:55,318 [WARN] PackLoader:240 - Cannot read IP mode file for STMicroelectronics.X-CUBE-AZRTOS-L4.2.0.0
2026-02-02 10:54:55,319 [WARN] ConditionMgr:1044 - genDependencies : Invalid condition id : LAN8742 Phy interface Condition cause : null
2026-02-02 10:54:55,321 [WARN] ConditionMgr:1044 - genDependencies : Invalid condition id : LAN8742 Phy interface Condition cause : null
2026-02-02 10:54:55,321 [WARN] ConditionMgr:1044 - genDependencies : Invalid condition id : LAN8742 Phy interface Condition cause : null
2026-02-02 10:54:55,329 [WARN] PackLoader:240 - Cannot read IP mode file for STMicroelectronics.X-CUBE-SFXS2LP1.4.0.0
2026-02-02 10:54:55,335 [WARN] PackLoader:240 - Cannot read IP mode file for STMicroelectronics.X-CUBE-ST67W61.1.2.0
2026-02-02 10:54:55,352 [WARN] PackLoader:240 - Cannot read IP mode file for STMicroelectronics.X-CUBE-AZRTOS-H7.3.3.0
2026-02-02 10:54:55,361 [WARN] PackLoader:240 - Cannot read IP mode file for STMicroelectronics.X-CUBE-BLEMGR.4.1.0
2026-02-02 10:54:55,373 [WARN] PackLoader:240 - Cannot read IP mode file for STMicroelectronics.X-CUBE-IPS.3.0.0
2026-02-02 10:54:55,384 [WARN] ConditionMgr:438 - getConditionDescription Invalid condition id : UX DEVICE CLASS RTOS Condition cause : null
2026-02-02 10:54:55,384 [WARN] ConditionMgr:438 - getConditionDescription Invalid condition id : UX DEVICE CLASS RTOS Condition cause : null
2026-02-02 10:54:55,385 [WARN] PackLoader:240 - Cannot read IP mode file for STMicroelectronics.X-CUBE-AZRTOS-WB.2.0.0
2026-02-02 10:54:55,386 [WARN] ConditionMgr:1044 - genDependencies : Invalid condition id : UX DEVICE CLASS RTOS Condition cause : null
2026-02-02 10:54:55,386 [WARN] ConditionMgr:1044 - genDependencies : Invalid condition id : UX DEVICE CLASS RTOS Condition cause : null
2026-02-02 10:54:55,386 [WARN] ConditionMgr:1044 - genDependencies : Invalid condition id : UX DEVICE CLASS RTOS Condition cause : null
2026-02-02 10:54:55,386 [WARN] ConditionMgr:1044 - genDependencies : Invalid condition id : UX DEVICE CLASS RTOS Condition cause : null
2026-02-02 10:54:55,386 [WARN] ConditionMgr:1044 - genDependencies : Invalid condition id : UX DEVICE CLASS RTOS Condition cause : null
2026-02-02 10:54:55,392 [WARN] PackLoader:240 - Cannot read IP mode file for STMicroelectronics.X-CUBE-GNSS1.7.0.0
2026-02-02 10:54:55,397 [WARN] PackLoader:240 - Cannot read IP mode file for STMicroelectronics.X-CUBE-GNSS1.7.0.1
2026-02-02 10:54:55,401 [WARN] PackLoader:240 - Cannot read IP mode file for STMicroelectronics.X-CUBE-TOUCHGFX.4.25.0
2026-02-02 10:54:55,406 [WARN] PackLoader:240 - Cannot read IP mode file for STMicroelectronics.FP-SNS-STBOX1.2.0.0
2026-02-02 10:54:55,411 [WARN] ConditionMgr:438 - getConditionDescription Invalid condition id : Cortex-A Device cause : null
2026-02-02 10:54:55,419 [WARN] ConditionMgr:1044 - genDependencies : Invalid condition id : Cortex-A Device cause : null
2026-02-02 10:54:55,419 [WARN] ConditionMgr:1044 - genDependencies : Invalid condition id : Cortex-A Device cause : null
2026-02-02 10:54:55,419 [WARN] ConditionMgr:1044 - genDependencies : Invalid condition id : Cortex-A Device cause : null
2026-02-02 10:54:55,427 [WARN] PackLoader:240 - Cannot read IP mode file for STMicroelectronics.X-CUBE-STSE01.2.0.0
2026-02-02 10:54:55,436 [WARN] PackLoader:240 - Cannot read IP mode file for STMicroelectronics.X-CUBE-SUBG2.5.0.0
2026-02-02 10:54:55,451 [WARN] PackLoader:240 - Cannot read IP mode file for STMicroelectronics.X-CUBE-AZRTOS-H7RS.1.1.0
2026-02-02 10:54:55,457 [WARN] PackLoader:240 - Cannot read IP mode file for Cesanta.I-CUBE-Mongoose.7.13.0
2026-02-02 10:54:55,468 [WARN] PackLoader:240 - Cannot read IP mode file for STMicroelectronics.X-CUBE-AZRTOS-G4.2.0.0
2026-02-02 10:54:55,477 [WARN] PackLoader:240 - Cannot read IP mode file for Infineon.AIROC-Wi-Fi-Bluetooth-STM32.1.5.1
2026-02-02 10:54:55,484 [WARN] PackLoader:240 - Cannot read IP mode file for wolfSSL.I-CUBE-wolfSSH.1.4.20
2026-02-02 10:54:55,489 [WARN] PackLoader:240 - Cannot read IP mode file for STMicroelectronics.X-CUBE-NFC7.2.0.0
2026-02-02 10:54:55,493 [WARN] PackLoader:240 - Cannot read IP mode file for STMicroelectronics.FP-SNS-MOTENVWB1.1.3.1
2026-02-02 10:54:55,497 [WARN] PackLoader:240 - Cannot read IP mode file for STMicroelectronics.X-CUBE-ISPU.2.0.0
2026-02-02 10:54:55,504 [WARN] PackLoader:240 - Cannot read IP mode file for STMicroelectronics.X-CUBE-IPS.3.1.0
2026-02-02 10:54:55,512 [WARN] PackLoader:240 - Cannot read IP mode file for STMicroelectronics.X-CUBE-ALS.1.0.2
2026-02-02 10:54:55,531 [WARN] PackLoader:240 - Cannot read IP mode file for STMicroelectronics.X-CUBE-MEMS1.10.0.0
2026-02-02 10:54:55,612 [WARN] PackLoader:240 - Cannot read IP mode file for STMicroelectronics.X-CUBE-FREERTOS.1.1.0
2026-02-02 10:54:55,617 [WARN] PackLoader:240 - Cannot read IP mode file for STMicroelectronics.X-CUBE-TOUCHGFX.4.24.1
2026-02-02 10:54:55,623 [WARN] PackLoader:240 - Cannot read IP mode file for STMicroelectronics.X-CUBE-STSE01.1.0.0
2026-02-02 10:54:55,627 [WARN] PackLoader:240 - Cannot read IP mode file for wolfSSL.I-CUBE-wolfTPM.3.4.0
2026-02-02 10:54:55,633 [WARN] PackLoader:240 - Cannot read IP mode file for portGmbH.I-Cube-SoM-uGOAL.1.1.0
2026-02-02 10:54:55,637 [WARN] PackLoader:240 - Cannot read IP mode file for STMicroelectronics.X-CUBE-ALS.1.0.1
2026-02-02 10:54:55,649 [WARN] PackLoader:240 - Cannot read IP mode file for STMicroelectronics.X-CUBE-AZRTOS-H7RS.1.0.0
2026-02-02 10:54:55,655 [WARN] PackLoader:240 - Cannot read IP mode file for STMicroelectronics.FP-ATR-ASTRA1.2.0.0
2026-02-02 10:54:55,664 [WARN] PackLoader:240 - Cannot read IP mode file for STMicroelectronics.X-CUBE-TOF1.3.4.2
2026-02-02 10:54:55,679 [WARN] PackLoader:240 - Cannot read IP mode file for STMicroelectronics.X-CUBE-TOF1.3.4.3
2026-02-02 10:54:55,699 [WARN] PackLoader:240 - Cannot read IP mode file for STMicroelectronics.X-CUBE-TOF1.3.4.0
2026-02-02 10:54:55,717 [WARN] PackLoader:240 - Cannot read IP mode file for STMicroelectronics.X-CUBE-AZRTOS-H7.3.2.0
2026-02-02 10:54:55,722 [WARN] PackLoader:240 - Cannot read IP mode file for wolfSSL.I-CUBE-wolfSSH.1.4.17
2026-02-02 10:54:55,723 [INFO] ThirdParty:978 - Integrity check success = true
2026-02-02 10:54:55,723 [INFO] IntegrityCheckThread:100 - exiting critical section [integrity check]
2026-02-02 10:54:55,723 [INFO] IntegrityCheckThread:103 - End integrity checks thread
2026-02-02 10:54:56,257 [INFO] McuFinderGlobals:63 - Set McuFinder mode to 2 (CubeIDE integrated)
2026-02-02 10:54:56,261 [INFO] MainUpdater:2872 - connection check result : 10
2026-02-02 10:54:56,262 [INFO] MainUpdater:2872 - connection check result : 10
2026-02-02 10:54:56,297 [INFO] MicroXplorer:468 - Change Database Path : 
2026-02-02 10:54:56,298 [INFO] MicroXplorer:498 - Change Database Version : DB.6.0.150
2026-02-02 10:54:56,310 [WARN] ThirdParty:871 - waiting for thirdparty lock release [close project]
2026-02-02 10:54:56,310 [INFO] ThirdParty:873 - entering critical section [close project]
2026-02-02 10:54:56,311 [INFO] ThirdParty:883 - exiting critical section [close project]
2026-02-02 10:54:56,315 [INFO] PinOutPanel:1589 - setPackage(No Configuration,No Configuration)
2026-02-02 10:54:56,317 [INFO] UtilMem:75 - Begin LoadConfig() Used Memory: 154574688 Bytes (304087040)
2026-02-02 10:54:56,318 [INFO] MicroXplorer:468 - Change Database Path : 
2026-02-02 10:54:56,318 [INFO] MicroXplorer:498 - Change Database Version : DB.6.0.150
2026-02-02 10:54:56,318 [INFO] OpenFileManager:355 - Change cursor
2026-02-02 10:54:56,344 [INFO] Mcu:2029 - Initializing MCU STM32F103C(8-B)Tx STM32F103C8Tx STM32F103C8T6
2026-02-02 10:54:57,101 [INFO] Context:786 - Trying to add GPIOservice into a context  which must be forbidden
2026-02-02 10:54:57,291 [INFO] ImportTextPane:234 - (OptionalMessage_ERROR) Pin14 (VP_RIF_VS_RIF1) cannot be retrieved for this MCU
2026-02-02 10:54:57,413 [INFO] RtosManager:558 - Registered RTOS mode: class=CMSIS, group=RTOS, mode=CMSIS_V1, owner=FREERTOS
2026-02-02 10:54:57,414 [INFO] RtosManager:558 - Registered RTOS mode: class=CMSIS, group=RTOS2, mode=CMSIS_V2, owner=FREERTOS
2026-02-02 10:54:57,414 [INFO] RtosManager:558 - Registered RTOS mode: class=RTOS, group=Core, mode=CMSIS_V1, owner=FREERTOS
2026-02-02 10:54:57,414 [INFO] RtosManager:558 - Registered RTOS mode: class=RTOS, group=Core, mode=CMSIS_V2, owner=FREERTOS
2026-02-02 10:54:57,414 [WARN] ModelIntegratedComponent:184 - Missing modes for component STMicroelectronics:FreeRTOS:0.0.1:STMicroelectronics:RTOS:FreeRTOS:Core:::10.2.0:
2026-02-02 10:54:57,421 [WARN] ModelIntegratedComponent:63 - No mode defined for component null
2026-02-02 10:54:57,422 [WARN] ModelIntegratedComponent:63 - No mode defined for component null
2026-02-02 10:54:57,422 [WARN] ModelIntegratedComponent:63 - No mode defined for component null
2026-02-02 10:54:57,422 [WARN] ModelIntegratedComponent:63 - No mode defined for component null
2026-02-02 10:54:57,422 [WARN] ModelIntegratedComponent:63 - No mode defined for component null
2026-02-02 10:54:57,422 [WARN] ModelIntegratedComponent:63 - No mode defined for component null
2026-02-02 10:54:57,422 [WARN] ModelIntegratedComponent:63 - No mode defined for component null
2026-02-02 10:54:57,422 [WARN] ModelIntegratedComponent:63 - No mode defined for component null
2026-02-02 10:54:57,422 [WARN] ModelIntegratedComponent:63 - No mode defined for component null
2026-02-02 10:54:57,422 [WARN] ModelIntegratedComponent:63 - No mode defined for component null
2026-02-02 10:54:57,422 [WARN] ModelIntegratedComponent:63 - No mode defined for component null
2026-02-02 10:54:57,422 [WARN] ModelIntegratedComponent:63 - No mode defined for component null
2026-02-02 10:54:57,422 [WARN] ModelIntegratedComponent:63 - No mode defined for component null
2026-02-02 10:54:57,422 [WARN] ModelIntegratedComponent:63 - No mode defined for component null
2026-02-02 10:54:57,422 [WARN] ModelIntegratedComponent:63 - No mode defined for component null
2026-02-02 10:54:57,422 [WARN] ModelIntegratedComponent:63 - No mode defined for component null
2026-02-02 10:54:57,422 [WARN] ModelIntegratedComponent:63 - No mode defined for component null
2026-02-02 10:54:57,422 [WARN] ModelIntegratedComponent:63 - No mode defined for component null
2026-02-02 10:54:57,422 [WARN] ModelIntegratedComponent:63 - No mode defined for component null
2026-02-02 10:54:57,422 [WARN] ModelIntegratedComponent:63 - No mode defined for component null
2026-02-02 10:54:57,422 [WARN] ModelIntegratedComponent:63 - No mode defined for component null
2026-02-02 10:54:57,422 [WARN] ModelIntegratedComponent:63 - No mode defined for component null
2026-02-02 10:54:57,422 [WARN] ModelIntegratedComponent:63 - No mode defined for component null
2026-02-02 10:54:57,422 [WARN] ModelIntegratedComponent:63 - No mode defined for component null
2026-02-02 10:54:57,422 [WARN] ModelIntegratedComponent:63 - No mode defined for component null
2026-02-02 10:54:57,423 [WARN] ModelIntegratedComponent:63 - No mode defined for component null
2026-02-02 10:54:57,423 [WARN] ModelIntegratedComponent:63 - No mode defined for component null
2026-02-02 10:54:57,423 [WARN] ModelIntegratedComponent:63 - No mode defined for component null
2026-02-02 10:54:57,423 [WARN] ModelIntegratedComponent:63 - No mode defined for component null
2026-02-02 10:54:57,424 [WARN] ModelIntegratedComponent:63 - No mode defined for component null
2026-02-02 10:54:57,424 [WARN] ModelIntegratedComponent:63 - No mode defined for component null
2026-02-02 10:54:57,424 [WARN] ModelIntegratedComponent:63 - No mode defined for component null
2026-02-02 10:54:57,424 [WARN] ModelIntegratedComponent:63 - No mode defined for component null
2026-02-02 10:54:57,424 [WARN] ModelIntegratedComponent:63 - No mode defined for component null
2026-02-02 10:54:57,424 [WARN] ModelIntegratedComponent:63 - No mode defined for component null
2026-02-02 10:54:57,424 [WARN] ModelPack:524 - Component already loaded: STMicroelectronics:HAL Drivers:0.0.0:STMicroelectronics:Device:STMicro_Driver:XSPI:HAL::0.0.1:HAL_XSPI
2026-02-02 10:54:57,648 [INFO] ThirdPartyModel:298 - Start build external matchings
2026-02-02 10:54:59,056 [INFO] ThirdPartyModel:316 - End build external matchings
2026-02-02 10:54:59,372 [INFO] ApiDb:581 - Connected to CubeFinder SQLite database (C:\Users\MSI GF63\.stmcufinder\plugins\mcufinder\mcu\cube-finder-db.db)
2026-02-02 10:54:59,456 [INFO] ApiDb:668 - CubeFinder database Data Model version=2.1
2026-02-02 10:54:59,456 [INFO] ApiDb:669 - CubeFinder database Configuration version=3.0.39
2026-02-02 10:54:59,456 [INFO] ApiDb:670 - CubeFinder database generation date=2025-12-22 (1766407740)
2026-02-02 10:54:59,456 [INFO] ApiDb:671 - CubeFinder database FW Pack versions=[FP-ATR-ASTRA1_V2.0.0, FP-SNS-FLIGHT1_V5.1.0, FP-SNS-MOTENV1_V5.1.0, FP-SNS-MOTENVWB1_V1.4.0, FP-SNS-SMARTAG2_V1.2.0, FP-SNS-STBOX1_V2.1.0, STM32Cube_FW_C0_V1.4.0, STM32Cube_FW_F4_V1.28.3, STM32Cube_FW_F7_V1.17.4, STM32Cube_FW_G0_V1.6.2, STM32Cube_FW_G4_V1.6.1, STM32Cube_FW_H5_V1.5.1, STM32Cube_FW_H7RS_V1.3.0, STM32Cube_FW_H7_V1.12.1, STM32Cube_FW_L0_V1.12.2, STM32Cube_FW_L4_V1.18.1, STM32Cube_FW_L5_V1.6.0, STM32Cube_FW_N6_V1.3.0, STM32Cube_FW_U0_V1.3.0, STM32Cube_FW_U3_V1.2.1, STM32Cube_FW_U5_V1.8.0, STM32Cube_FW_WB0_V1.4.0, STM32Cube_FW_WBA_V1.8.0, STM32Cube_FW_WB_V1.24.0, STM32Cube_FW_WL3_V1.3.0, STM32Cube_FW_WL_V1.4.0, X-CUBE-ALGOBUILD_V1.4.0, X-CUBE-ALS_V1.0.2, X-CUBE-AZRTOS-F4_V1.1.0, X-CUBE-AZRTOS-F7_V1.1.0, X-CUBE-AZRTOS-G0_V1.1.0, X-CUBE-AZRTOS-G4_V2.0.0, X-CUBE-AZRTOS-H7RS_V1.1.0, X-CUBE-AZRTOS-H7_V3.4.0, X-CUBE-AZRTOS-L4_V2.0.0, X-CUBE-AZRTOS-L5_V2.0.0, X-CUBE-AZRTOS-WB_V2.0.0, X-CUBE-AZRTOS-WL_V2.0.0, X-CUBE-BLE1_V7.1.0, X-CUBE-BLE2_V3.3.0, X-CUBE-BLEMGR_V4.1.0, X-CUBE-EEPRMA1_V5.2.0, X-CUBE-FREERTOS_V1.3.1, X-CUBE-GNSS1_V6.0.0, X-CUBE-MEMS1_V12.0.0, X-CUBE-NFC4_V3.0.0, X-CUBE-NFC7_V2.0.0, X-CUBE-SFXS2LP1_V4.0.0, X-CUBE-ST67W61_V1.1.0, X-CUBE-SUBG2_V5.0.0, X-CUBE-TOF1_V3.4.3]
2026-02-02 10:54:59,569 [INFO] DbBoardsSqlite:226 - include board P-NUCLEO-WB55-NUCLEO as a kit item of type 'Nucleo-64'
2026-02-02 10:54:59,569 [INFO] DbBoardsSqlite:226 - include board P-NUCLEO-WB55-USBDONGLE as a kit item of type 'Nucleo USB Dongle'
2026-02-02 10:54:59,570 [INFO] DbBoardsSqlite:226 - include board STEVAL-IDP005V1 as a kit item of type 'Evaluation Board'
2026-02-02 10:54:59,571 [INFO] DbBoardsSqlite:226 - include board STEVAL-IDP005V2 as a kit item of type 'Evaluation Board'
2026-02-02 10:54:59,985 [INFO] ApiDb:240 - Found 880 in-development CPN: [B-G473E-ZEST1S, B-WB1M-WPAN1, B-WBA5M-WPAN, B-WL5M-SUBG1, NUCLEO-C031C6, NUCLEO-C051C8, NUCLEO-C071RB, NUCLEO-C092RC, NUCLEO-H503RB, NUCLEO-H533RE, NUCLEO-H563ZI, NUCLEO-H7S3L8, NUCLEO-N657X0-Q, NUCLEO-U031R8, NUCLEO-U083RC, NUCLEO-U385RG-Q, NUCLEO-U545RE-Q, NUCLEO-U5A5ZJ-Q, NUCLEO-WB05KZ, NUCLEO-WB07CC, NUCLEO-WB09KE, NUCLEO-WBA52CG, NUCLEO-WBA55CG, NUCLEO-WL33CC1, NUCLEO-WL33CC2, STEVAL-PROTEUS1, STEVAL-SMARTAG2, STEVAL-STWINBX1, STM320518-EVAL, STM32C0116-DK, STM32C011D6Y3TR, STM32C011D6Y6TR, STM32C011F4P3, STM32C011F4P6, STM32C011F4U3, STM32C011F4U6TR, STM32C011F6P3, STM32C011F6P6, STM32C011F6U3, STM32C011F6U6TR, STM32C011J4M3, STM32C011J4M6, STM32C011J6M3, STM32C011J6M6, STM32C0316-DK, STM32C031C4T3, STM32C031C4T6, STM32C031C4U3, STM32C031C4U6, STM32C031C6T3, STM32C031C6T6, STM32C031C6U3, STM32C031C6U6, STM32C031F4P3, STM32C031F4P6, STM32C031F6P3, STM32C031F6P6, STM32C031G4U3, STM32C031G4U6, STM32C031G6U3, STM32C031G6U6, STM32C031K4T3, STM32C031K4T6, STM32C031K4U3, STM32C031K4U6, STM32C031K6T3, STM32C031K6T6, STM32C031K6U3, STM32C031K6U6, STM32C051C6T6, STM32C051C6U6, STM32C051C8T6, STM32C051C8U6, STM32C051D8Y6TR, STM32C051F6P6, STM32C051F8P6, STM32C051G6U6, STM32C051G8U6, STM32C051K6T6, STM32C051K6U6, STM32C051K8T6, STM32C071C8T6, STM32C071C8T6N, STM32C071C8U6, STM32C071C8U6N, STM32C071CBT6, STM32C071CBT6N, STM32C071CBU6, STM32C071CBU6N, STM32C071F8P6, STM32C071F8P6N, STM32C071FBP6, STM32C071FBP6N, STM32C071FBY6TR, STM32C071G8U6, STM32C071G8U6N, STM32C071GBU6, STM32C071GBU6N, STM32C071K8T6, STM32C071K8T6N, STM32C071K8U6, STM32C071K8U6N, STM32C071KBT6, STM32C071KBT6N, STM32C071KBU6, STM32C071KBU6N, STM32C071R8T6, STM32C071R8T6N, STM32C071RBI6N, STM32C071RBT6, STM32C071RBT6N, STM32C091CBT6, STM32C091CBU6, STM32C091CCT6, STM32C091CCU6, STM32C091ECY6TR, STM32C091FBP6, STM32C091FCP6, STM32C091GBU6, STM32C091GCU6, STM32C091KBT6, STM32C091KBU6, STM32C091KCT6, STM32C091KCU6, STM32C091RBT6, STM32C091RCI6, STM32C091RCT6, STM32C092CBT6, STM32C092CBU6, STM32C092CCT6, STM32C092CCU6, STM32C092ECY6TR, STM32C092FBP6, STM32C092FCP6, STM32C092GBU6, STM32C092GCU6, STM32C092KBT6, STM32C092KBU6, STM32C092KCT6, STM32C092KCU6, STM32C092RBT6, STM32C092RCI6, STM32C092RCT6, STM32G071K8TXN, STM32G071K8UXN, STM32G081GBU6N, STM32G081KBT6N, STM32G081KBUXN, STM32G0B1CCT6N, STM32G0B1KCT6, STM32G0B1NEY6TR, STM32G0B1RCT6N, STM32G0C1CCT6, STM32G0C1CCT6N, STM32G0C1CCU6N, STM32G0C1CET6N, STM32G0C1CEU6N, STM32G0C1KCT6, STM32G0C1NEY6TR, STM32G0C1RCI6N, STM32G0C1RCT6N, STM32G0C1REI6N, STM32G0C1RET6N, STM32G0C1VCI6, STM32G0C1VEI6, STM32G411C6T3, STM32G411C6T6, STM32G411C6U3, STM32G411C6U6, STM32G411C8T3, STM32G411C8T6, STM32G411C8U3, STM32G411C8U6, STM32G411CBT3, STM32G411CBT6, STM32G411CBU3, STM32G411CBU6, STM32G411K6T3, STM32G411K6T6, STM32G411K6U3, STM32G411K6U6, STM32G411K8T3, STM32G411K8T6, STM32G411K8U3, STM32G411K8U6, STM32G411KBT3, STM32G411KBT6, STM32G411KBU3, STM32G411KBU6, STM32G411M6T3, STM32G411M6T6, STM32G411M8T3, STM32G411M8T6, STM32G411MBT3, STM32G411MBT6, STM32G411R6T3, STM32G411R6T6, STM32G411R8T3, STM32G411R8T6, STM32G411RBT3, STM32G411RBT6, STM32G414CBT3, STM32G414CBT6, STM32G414CBU3, STM32G414CBU6, STM32G414CCT3, STM32G414CCT6, STM32G414CCU3, STM32G414CCU6, STM32G414MBT3, STM32G414MBT6, STM32G414MCT3, STM32G414MCT6, STM32G414RBT3, STM32G414RBT6, STM32G414RCT3, STM32G414RCT6, STM32G414VBT3, STM32G414VBT6, STM32G414VCT3, STM32G414VCT6, STM32G431CBT3Z, STM32G431RBT3Z, STM32G471CCT6, STM32G471CCU6, STM32G471CET3, STM32G471CET6, STM32G471CEU3, STM32G471CEU6, STM32G471MCT6, STM32G471MET3, STM32G471MET6, STM32G471MEY6TR, STM32G471QCT6, STM32G471QET3, STM32G471RCT6, STM32G471RET3, STM32G471RET6, STM32G471VCH6, STM32G471VCI6, STM32G471VCT6, STM32G471VEH3, STM32G471VEH6, STM32G471VEI3, STM32G471VEI6, STM32G471VET3, STM32G471VET6, STM32G473QET3Z, STM32G473RET3Z, STM32G474CCT6, STM32G491RET3Z, STM32H503CBT6, STM32H503CBU6, STM32H503EBY6TR, STM32H503KBU6, STM32H503RBT6, STM32H523CCT6, STM32H523CCU6, STM32H523CET6, STM32H523CEU6, STM32H523HEY6TR, STM32H523RCT6, STM32H523RET6, STM32H523VCI6, STM32H523VCT6, STM32H523VEI6, STM32H523VET6, STM32H523ZCJ6, STM32H523ZCT6, STM32H523ZEJ6, STM32H523ZET6, STM32H533CET6, STM32H533CEU6, STM32H533HEY6TR, STM32H533RET6, STM32H533VEI6, STM32H533VET6, STM32H533ZEJ6, STM32H533ZET6, STM32H562AGI6, STM32H562AII6, STM32H562IGK6, STM32H562IGT6, STM32H562IIK6, STM32H562IIT6, STM32H562RGT6, STM32H562RGV6, STM32H562RIT6, STM32H562RIV6, STM32H562VGT6, STM32H562VIT6, STM32H562ZGT6, STM32H562ZIT6, STM32H563AGI6, STM32H563AII3Q, STM32H563AII6, STM32H563IGK6, STM32H563IGT6, STM32H563IIK3Q, STM32H563IIK6, STM32H563IIT3Q, STM32H563IIT6, STM32H563MIY3QTR, STM32H563RGT6, STM32H563RGV6, STM32H563RIT6, STM32H563RIV6, STM32H563VGT6, STM32H563VIT3Q, STM32H563VIT6, STM32H563ZGT6, STM32H563ZIT3Q, STM32H563ZIT6, STM32H573AII3Q, STM32H573AII6, STM32H573I-DK, STM32H573IIK3Q, STM32H573IIK6, STM32H573IIT3Q, STM32H573IIT6, STM32H573MIY3QTR, STM32H573RIT6, STM32H573RIV6, STM32H573VIT3Q, STM32H573VIT6, STM32H573ZIT3Q, STM32H573ZIT6, STM32H7R3A8I6, STM32H7R3I8K6, STM32H7R3I8T6, STM32H7R3L8H6, STM32H7R3L8H6H, STM32H7R3R8V6, STM32H7R3V8H6, STM32H7R3V8T6, STM32H7R3V8Y6TR, STM32H7R3Z8J6, STM32H7R3Z8T6, STM32H7R7A8I6, STM32H7R7I8K6, STM32H7R7I8T6, STM32H7R7L8H6, STM32H7R7L8H6H, STM32H7R7Z8J6, STM32H7S3A8I6, STM32H7S3I8K6, STM32H7S3I8T6, STM32H7S3L8H6, STM32H7S3L8H6H, STM32H7S3R8V6, STM32H7S3V8H6, STM32H7S3V8T6, STM32H7S3V8Y6TR, STM32H7S3Z8J6, STM32H7S3Z8T6, STM32H7S78-DK, STM32H7S7A8I6, STM32H7S7I8K6, STM32H7S7I8T6, STM32H7S7L8H6, STM32H7S7L8H6H, STM32H7S7Z8J6, STM32L4R5QGI6STR, STM32MP131AAE3, STM32MP131AAF3, STM32MP131AAG3, STM32MP131CAE3, STM32MP131CAF3, STM32MP131CAG3, STM32MP131DAE7, STM32MP131DAF7, STM32MP131DAG7, STM32MP131FAE7, STM32MP131FAF7, STM32MP131FAG7, STM32MP133AAE3, STM32MP133AAF3, STM32MP133AAG3, STM32MP133CAE3, STM32MP133CAF3, STM32MP133CAG3, STM32MP133DAE7, STM32MP133DAF7, STM32MP133DAG7, STM32MP133FAE7, STM32MP133FAF7, STM32MP133FAG7, STM32MP135AAE3, STM32MP135AAF3, STM32MP135AAG3, STM32MP135CAE3, STM32MP135CAF3, STM32MP135CAG3, STM32MP135DAE7, STM32MP135DAF7, STM32MP135DAG7, STM32MP135F-DK, STM32MP135FAE7, STM32MP135FAF7, STM32MP135FAF7T, STM32MP135FAF7U, STM32MP135FAG7, STM32MP211AAL3, STM32MP211AAM3, STM32MP211AAN3, STM32MP211AAO3, STM32MP211CAL3, STM32MP211CAM3, STM32MP211CAN3, STM32MP211CAO3, STM32MP211DAL3, STM32MP211DAM3, STM32MP211DAN3, STM32MP211DAO3, STM32MP211FAL3, STM32MP211FAM3, STM32MP211FAN3, STM32MP211FAO3, STM32MP213AAL3, STM32MP213AAM3, STM32MP213AAN3, STM32MP213AAO3, STM32MP213CAL3, STM32MP213CAM3, STM32MP213CAN3, STM32MP213CAO3, STM32MP213DAL3, STM32MP213DAM3, STM32MP213DAN3, STM32MP213DAO3, STM32MP213FAL3, STM32MP213FAM3, STM32MP213FAN3, STM32MP213FAO3, STM32MP215AAL3, STM32MP215AAM3, STM32MP215AAN3, STM32MP215AAO3, STM32MP215CAL3, STM32MP215CAM3, STM32MP215CAN3, STM32MP215CAO3, STM32MP215DAL3, STM32MP215DAM3, STM32MP215DAN3, STM32MP215DAO3, STM32MP215F-DK, STM32MP215FAL3, STM32MP215FAM3, STM32MP215FAN3, STM32MP215FAO3, STM32MP231AAJ3, STM32MP231AAK3, STM32MP231AAL3, STM32MP231CAJ3, STM32MP231CAK3, STM32MP231CAL3, STM32MP231DAJ3, STM32MP231DAK3, STM32MP231DAL3, STM32MP231FAJ3, STM32MP231FAK3, STM32MP231FAL3, STM32MP233AAJ3, STM32MP233AAK3, STM32MP233AAL3, STM32MP233CAJ3, STM32MP233CAK3, STM32MP233CAL3, STM32MP233DAJ3, STM32MP233DAK3, STM32MP233DAL3, STM32MP233FAJ3, STM32MP233FAK3, STM32MP233FAL3, STM32MP235AAJ3, STM32MP235AAK3, STM32MP235AAL3, STM32MP235CAJ3, STM32MP235CAK3, STM32MP235CAL3, STM32MP235DAJ3, STM32MP235DAK3, STM32MP235DAL3, STM32MP235FAJ3, STM32MP235FAK3, STM32MP235FAL3, STM32MP251AAI3, STM32MP251AAK3, STM32MP251AAL3, STM32MP251CAI3, STM32MP251CAK3, STM32MP251CAL3, STM32MP251DAI3, STM32MP251DAK3, STM32MP251DAL3, STM32MP251FAI3, STM32MP251FAK3, STM32MP251FAL3, STM32MP253AAI3, STM32MP253AAK3, STM32MP253AAL3, STM32MP253CAI3, STM32MP253CAK3, STM32MP253CAL3, STM32MP253DAI3, STM32MP253DAK3, STM32MP253DAL3, STM32MP253FAI3, STM32MP253FAK3, STM32MP253FAL3, STM32MP255AAI3, STM32MP255AAK3, STM32MP255AAL3, STM32MP255CAI3, STM32MP255CAK3, STM32MP255CAL3, STM32MP255DAI3, STM32MP255DAK3, STM32MP255DAL3, STM32MP255FAI3, STM32MP255FAK3, STM32MP255FAL3, STM32MP257AAI3, STM32MP257AAK3, STM32MP257AAL3, STM32MP257CAI3, STM32MP257CAK3, STM32MP257CAL3, STM32MP257DAI3, STM32MP257DAK3, STM32MP257DAL3, STM32MP257F-DK, STM32MP257F-EV1, STM32MP257FAI3, STM32MP257FAK3, STM32MP257FAL3, STM32N645A0H3Q, STM32N645B0H3Q, STM32N645I0H3Q, STM32N645L0H3Q, STM32N645X0H3Q, STM32N645Z0H3Q, STM32N647A0H3Q, STM32N647B0H3Q, STM32N647I0H3Q, STM32N647L0H3Q, STM32N647X0H3Q, STM32N647Z0H3Q, STM32N655A0H3Q, STM32N655B0H3Q, STM32N655I0H3Q, STM32N655L0H3Q, STM32N655X0H3Q, STM32N655Z0H3Q, STM32N6570-DK, STM32N657A0H3Q, STM32N657B0H3Q, STM32N657I0H3Q, STM32N657L0H3Q, STM32N657X0H3Q, STM32N657Z0H3Q, STM32U031C6T6, STM32U031C6U6, STM32U031C8T6, STM32U031C8U6, STM32U031F4P6, STM32U031F6P6, STM32U031F8P6, STM32U031G6Y6TR, STM32U031G8Y6TR, STM32U031K4U6, STM32U031K6U6, STM32U031K8U6, STM32U031R6I6, STM32U031R6T6, STM32U031R8I6, STM32U031R8T6, STM32U073C8T6, STM32U073C8U6, STM32U073CBT6, STM32U073CBU6, STM32U073CCT6, STM32U073CCU6, STM32U073H8Y6TR, STM32U073HBY6TR, STM32U073HCY6TR, STM32U073K8U6, STM32U073KBU6, STM32U073KCU6, STM32U073M8I6, STM32U073M8T6, STM32U073MBI6, STM32U073MBT6, STM32U073MCI6, STM32U073MCT6, STM32U073R8I6, STM32U073R8T6, STM32U073RBI6, STM32U073RBT6, STM32U073RCI6, STM32U073RCT6, STM32U083C-DK, STM32U083CCT6, STM32U083CCU6, STM32U083HCY6TR, STM32U083KCU6, STM32U083MCI6, STM32U083MCT6, STM32U083RCI6, STM32U083RCT6, STM32U375CET6, STM32U375CET6Q, STM32U375CEU6, STM32U375CEU6Q, STM32U375CEY6QTR, STM32U375CGT6, STM32U375CGT6Q, STM32U375CGU6, STM32U375CGU6Q, STM32U375CGY6QTR, STM32U375KEU6, STM32U375KGU6, STM32U375REI6, STM32U375REI6Q, STM32U375RET6, STM32U375RET6Q, STM32U375REY6GTR, STM32U375REY6QTR, STM32U375RGI6, STM32U375RGI6Q, STM32U375RGT6, STM32U375RGT6Q, STM32U375RGY6GTR, STM32U375RGY6QTR, STM32U375VEI6, STM32U375VEI6Q, STM32U375VET6, STM32U375VET6Q, STM32U375VGI6, STM32U375VGI6Q, STM32U375VGT6, STM32U375VGT6Q, STM32U385CGT6, STM32U385CGT6Q, STM32U385CGU6, STM32U385CGU6Q, STM32U385CGY6QTR, STM32U385KGU6, STM32U385RGI6, STM32U385RGI6Q, STM32U385RGT6, STM32U385RGT6Q, STM32U385RGY6GTR, STM32U385RGY6QTR, STM32U385VGI6, STM32U385VGI6Q, STM32U385VGT6, STM32U385VGT6Q, STM32U535CBT6, STM32U535CBT6Q, STM32U535CBU6, STM32U535CBU6Q, STM32U535CCT6, STM32U535CCT6Q, STM32U535CCU6, STM32U535CCU6Q, STM32U535CET6, STM32U535CET6Q, STM32U535CEU6, STM32U535CEU6Q, STM32U535JEY6QTR, STM32U535NCY6QTR, STM32U535NEY6QTR, STM32U535RBI6, STM32U535RBI6Q, STM32U535RBT6, STM32U535RBT6Q, STM32U535RCI6, STM32U535RCI6Q, STM32U535RCT6, STM32U535RCT6Q, STM32U535REI6, STM32U535REI6Q, STM32U535RET6, STM32U535RET6Q, STM32U535VCI6, STM32U535VCI6Q, STM32U535VCT6, STM32U535VCT6Q, STM32U535VEI6, STM32U535VEI6Q, STM32U535VET6, STM32U535VET6Q, STM32U545CET6, STM32U545CET6Q, STM32U545CEU6, STM32U545CEU6Q, STM32U545JEY6QTR, STM32U545NEY6QTR, STM32U545REI6, STM32U545REI6Q, STM32U545RET6, STM32U545RET6Q, STM32U545VEI6, STM32U545VEI6Q, STM32U545VET6, STM32U545VET6Q, STM32U595AIH6, STM32U595AIH6Q, STM32U595AJH6, STM32U595AJH6Q, STM32U595QII6, STM32U595QII6Q, STM32U595QJI6, STM32U595QJI6Q, STM32U595RIT6, STM32U595RIT6Q, STM32U595RJT6, STM32U595RJT6Q, STM32U595VIT6, STM32U595VIT6Q, STM32U595VJT6, STM32U595VJT6Q, STM32U595ZIT6, STM32U595ZIT6Q, STM32U595ZIY6QTR, STM32U595ZJT6, STM32U595ZJT6Q, STM32U595ZJY6QTR, STM32U599BJY6QTR, STM32U599NIH6Q, STM32U599NJH6Q, STM32U599VIT6Q, STM32U599VJT6, STM32U599VJT6Q, STM32U599ZIT6Q, STM32U599ZIY6QTR, STM32U599ZJT6Q, STM32U599ZJY6QTR, STM32U5A5AJH6, STM32U5A5AJH6Q, STM32U5A5QII3Q , STM32U5A5QJI6, STM32U5A5QJI6Q, STM32U5A5RJT6, STM32U5A5RJT6Q, STM32U5A5VJT6, STM32U5A5VJT6Q, STM32U5A5ZJT6, STM32U5A5ZJT6Q, STM32U5A5ZJY6QTR, STM32U5A9BJY6QTR, STM32U5A9J-DK, STM32U5A9NJH6Q, STM32U5A9VJT6Q, STM32U5A9ZJT6Q, STM32U5A9ZJY6QTR, STM32U5F7VIT6, STM32U5F7VIT6Q, STM32U5F7VJT6, STM32U5F7VJT6Q, STM32U5F9BJY6QTR, STM32U5F9NJH6Q, STM32U5F9VIT6Q, STM32U5F9VJT6Q, STM32U5F9ZIJ6QTR, STM32U5F9ZIT6Q, STM32U5F9ZJJ6QTR, STM32U5F9ZJT6Q, STM32U5G7VJT6, STM32U5G7VJT6Q, STM32U5G9BJY6QTR, STM32U5G9J-DK1, STM32U5G9J-DK2, STM32U5G9NJH6Q, STM32U5G9VJT6Q, STM32U5G9ZJJ6QTR, STM32U5G9ZJT6Q, STM32WB05KZV6TR, STM32WB05KZV7TR, STM32WB05TZF6TR, STM32WB05TZF7TR, STM32WB06CCF6TR, STM32WB06CCF7TR, STM32WB06CCV6TR, STM32WB06CCV7TR, STM32WB06KCV6TR, STM32WB06KCV7TR, STM32WB07CCF6TR, STM32WB07CCF7TR, STM32WB07CCV6TR, STM32WB07CCV7TR, STM32WB07KCV6TR, STM32WB07KCV7TR, STM32WB09KEV6TR, STM32WB09KEV7TR, STM32WB09TEF6TR, STM32WB09TEF7TR, STM32WB1MMCH6, STM32WBA50KGU6, STM32WBA50KGU6TR, STM32WBA52CEU6, STM32WBA52CEU6TR, STM32WBA52CEU7, STM32WBA52CEU7TR, STM32WBA52CGU6, STM32WBA52CGU6TR, STM32WBA52CGU6U, STM32WBA52CGU7, STM32WBA52CGU7TR, STM32WBA52KEU6, STM32WBA52KEU6TR, STM32WBA52KGU6, STM32WBA52KGU6TR, STM32WBA54CEU6, STM32WBA54CEU6TR, STM32WBA54CEU7, STM32WBA54CEU7TR, STM32WBA54CGU6, STM32WBA54CGU6TR, STM32WBA54CGU7, STM32WBA54CGU7TR, STM32WBA54KEU6, STM32WBA54KEU6TR, STM32WBA54KEU7, STM32WBA54KEU7TR, STM32WBA54KGU6, STM32WBA54KGU6TR, STM32WBA54KGU7, STM32WBA54KGU7TR, STM32WBA55CEU6, STM32WBA55CEU6TR, STM32WBA55CEU7, STM32WBA55CEU7TR, STM32WBA55CGU6, STM32WBA55CGU6TR, STM32WBA55CGU6U, STM32WBA55CGU7, STM32WBA55CGU7TR, STM32WBA55G-DK1, STM32WBA55HEF6, STM32WBA55HEF7, STM32WBA55HGF6, STM32WBA55HGF7, STM32WBA55UEI6, STM32WBA55UEI6TR, STM32WBA55UEI7, STM32WBA55UEI7TR, STM32WBA55UGI6, STM32WBA55UGI6TR, STM32WBA55UGI7, STM32WBA55UGI7TR, STM32WBA5MMGH6TR, STM32WBA62MGF6, STM32WBA62MIF6, STM32WBA65MGF7, STM32WBA65MIF6, STM32WBA65MIF7, STM32WL30K8V6, STM32WL30KBV6, STM32WL31C8V6, STM32WL31CBV6, STM32WL31K8V6, STM32WL31KBV6, STM32WL33C8V6, STM32WL33C8V6X, STM32WL33CBV6, STM32WL33CBV6X, STM32WL33CCV6, STM32WL33CCV6A, STM32WL33CCV6X, STM32WL33K8V7, STM32WL33K8V7X, STM32WL33KBV7 , STM32WL33KBV7X, STM32WL33KCV7, STM32WL33KCV7X, STM32WL5MOCH6, STM32WL5MOCH6TR]
2026-02-02 10:54:59,988 [INFO] ApiDb:668 - CubeFinder database Data Model version=2.1
2026-02-02 10:54:59,988 [INFO] ApiDb:669 - CubeFinder database Configuration version=3.0.39
2026-02-02 10:54:59,989 [INFO] ApiDb:670 - CubeFinder database generation date=2025-12-22 (1766407740)
2026-02-02 10:54:59,989 [INFO] ApiDb:671 - CubeFinder database FW Pack versions=[FP-ATR-ASTRA1_V2.0.0, FP-SNS-FLIGHT1_V5.1.0, FP-SNS-MOTENV1_V5.1.0, FP-SNS-MOTENVWB1_V1.4.0, FP-SNS-SMARTAG2_V1.2.0, FP-SNS-STBOX1_V2.1.0, STM32Cube_FW_C0_V1.4.0, STM32Cube_FW_F4_V1.28.3, STM32Cube_FW_F7_V1.17.4, STM32Cube_FW_G0_V1.6.2, STM32Cube_FW_G4_V1.6.1, STM32Cube_FW_H5_V1.5.1, STM32Cube_FW_H7RS_V1.3.0, STM32Cube_FW_H7_V1.12.1, STM32Cube_FW_L0_V1.12.2, STM32Cube_FW_L4_V1.18.1, STM32Cube_FW_L5_V1.6.0, STM32Cube_FW_N6_V1.3.0, STM32Cube_FW_U0_V1.3.0, STM32Cube_FW_U3_V1.2.1, STM32Cube_FW_U5_V1.8.0, STM32Cube_FW_WB0_V1.4.0, STM32Cube_FW_WBA_V1.8.0, STM32Cube_FW_WB_V1.24.0, STM32Cube_FW_WL3_V1.3.0, STM32Cube_FW_WL_V1.4.0, X-CUBE-ALGOBUILD_V1.4.0, X-CUBE-ALS_V1.0.2, X-CUBE-AZRTOS-F4_V1.1.0, X-CUBE-AZRTOS-F7_V1.1.0, X-CUBE-AZRTOS-G0_V1.1.0, X-CUBE-AZRTOS-G4_V2.0.0, X-CUBE-AZRTOS-H7RS_V1.1.0, X-CUBE-AZRTOS-H7_V3.4.0, X-CUBE-AZRTOS-L4_V2.0.0, X-CUBE-AZRTOS-L5_V2.0.0, X-CUBE-AZRTOS-WB_V2.0.0, X-CUBE-AZRTOS-WL_V2.0.0, X-CUBE-BLE1_V7.1.0, X-CUBE-BLE2_V3.3.0, X-CUBE-BLEMGR_V4.1.0, X-CUBE-EEPRMA1_V5.2.0, X-CUBE-FREERTOS_V1.3.1, X-CUBE-GNSS1_V6.0.0, X-CUBE-MEMS1_V12.0.0, X-CUBE-NFC4_V3.0.0, X-CUBE-NFC7_V2.0.0, X-CUBE-SFXS2LP1_V4.0.0, X-CUBE-ST67W61_V1.1.0, X-CUBE-SUBG2_V5.0.0, X-CUBE-TOF1_V3.4.3]
2026-02-02 10:55:01,590 [INFO] ApiDb:240 - Found 880 in-development CPN: [B-G473E-ZEST1S, B-WB1M-WPAN1, B-WBA5M-WPAN, B-WL5M-SUBG1, NUCLEO-C031C6, NUCLEO-C051C8, NUCLEO-C071RB, NUCLEO-C092RC, NUCLEO-H503RB, NUCLEO-H533RE, NUCLEO-H563ZI, NUCLEO-H7S3L8, NUCLEO-N657X0-Q, NUCLEO-U031R8, NUCLEO-U083RC, NUCLEO-U385RG-Q, NUCLEO-U545RE-Q, NUCLEO-U5A5ZJ-Q, NUCLEO-WB05KZ, NUCLEO-WB07CC, NUCLEO-WB09KE, NUCLEO-WBA52CG, NUCLEO-WBA55CG, NUCLEO-WL33CC1, NUCLEO-WL33CC2, STEVAL-PROTEUS1, STEVAL-SMARTAG2, STEVAL-STWINBX1, STM320518-EVAL, STM32C0116-DK, STM32C011D6Y3TR, STM32C011D6Y6TR, STM32C011F4P3, STM32C011F4P6, STM32C011F4U3, STM32C011F4U6TR, STM32C011F6P3, STM32C011F6P6, STM32C011F6U3, STM32C011F6U6TR, STM32C011J4M3, STM32C011J4M6, STM32C011J6M3, STM32C011J6M6, STM32C0316-DK, STM32C031C4T3, STM32C031C4T6, STM32C031C4U3, STM32C031C4U6, STM32C031C6T3, STM32C031C6T6, STM32C031C6U3, STM32C031C6U6, STM32C031F4P3, STM32C031F4P6, STM32C031F6P3, STM32C031F6P6, STM32C031G4U3, STM32C031G4U6, STM32C031G6U3, STM32C031G6U6, STM32C031K4T3, STM32C031K4T6, STM32C031K4U3, STM32C031K4U6, STM32C031K6T3, STM32C031K6T6, STM32C031K6U3, STM32C031K6U6, STM32C051C6T6, STM32C051C6U6, STM32C051C8T6, STM32C051C8U6, STM32C051D8Y6TR, STM32C051F6P6, STM32C051F8P6, STM32C051G6U6, STM32C051G8U6, STM32C051K6T6, STM32C051K6U6, STM32C051K8T6, STM32C071C8T6, STM32C071C8T6N, STM32C071C8U6, STM32C071C8U6N, STM32C071CBT6, STM32C071CBT6N, STM32C071CBU6, STM32C071CBU6N, STM32C071F8P6, STM32C071F8P6N, STM32C071FBP6, STM32C071FBP6N, STM32C071FBY6TR, STM32C071G8U6, STM32C071G8U6N, STM32C071GBU6, STM32C071GBU6N, STM32C071K8T6, STM32C071K8T6N, STM32C071K8U6, STM32C071K8U6N, STM32C071KBT6, STM32C071KBT6N, STM32C071KBU6, STM32C071KBU6N, STM32C071R8T6, STM32C071R8T6N, STM32C071RBI6N, STM32C071RBT6, STM32C071RBT6N, STM32C091CBT6, STM32C091CBU6, STM32C091CCT6, STM32C091CCU6, STM32C091ECY6TR, STM32C091FBP6, STM32C091FCP6, STM32C091GBU6, STM32C091GCU6, STM32C091KBT6, STM32C091KBU6, STM32C091KCT6, STM32C091KCU6, STM32C091RBT6, STM32C091RCI6, STM32C091RCT6, STM32C092CBT6, STM32C092CBU6, STM32C092CCT6, STM32C092CCU6, STM32C092ECY6TR, STM32C092FBP6, STM32C092FCP6, STM32C092GBU6, STM32C092GCU6, STM32C092KBT6, STM32C092KBU6, STM32C092KCT6, STM32C092KCU6, STM32C092RBT6, STM32C092RCI6, STM32C092RCT6, STM32G071K8TXN, STM32G071K8UXN, STM32G081GBU6N, STM32G081KBT6N, STM32G081KBUXN, STM32G0B1CCT6N, STM32G0B1KCT6, STM32G0B1NEY6TR, STM32G0B1RCT6N, STM32G0C1CCT6, STM32G0C1CCT6N, STM32G0C1CCU6N, STM32G0C1CET6N, STM32G0C1CEU6N, STM32G0C1KCT6, STM32G0C1NEY6TR, STM32G0C1RCI6N, STM32G0C1RCT6N, STM32G0C1REI6N, STM32G0C1RET6N, STM32G0C1VCI6, STM32G0C1VEI6, STM32G411C6T3, STM32G411C6T6, STM32G411C6U3, STM32G411C6U6, STM32G411C8T3, STM32G411C8T6, STM32G411C8U3, STM32G411C8U6, STM32G411CBT3, STM32G411CBT6, STM32G411CBU3, STM32G411CBU6, STM32G411K6T3, STM32G411K6T6, STM32G411K6U3, STM32G411K6U6, STM32G411K8T3, STM32G411K8T6, STM32G411K8U3, STM32G411K8U6, STM32G411KBT3, STM32G411KBT6, STM32G411KBU3, STM32G411KBU6, STM32G411M6T3, STM32G411M6T6, STM32G411M8T3, STM32G411M8T6, STM32G411MBT3, STM32G411MBT6, STM32G411R6T3, STM32G411R6T6, STM32G411R8T3, STM32G411R8T6, STM32G411RBT3, STM32G411RBT6, STM32G414CBT3, STM32G414CBT6, STM32G414CBU3, STM32G414CBU6, STM32G414CCT3, STM32G414CCT6, STM32G414CCU3, STM32G414CCU6, STM32G414MBT3, STM32G414MBT6, STM32G414MCT3, STM32G414MCT6, STM32G414RBT3, STM32G414RBT6, STM32G414RCT3, STM32G414RCT6, STM32G414VBT3, STM32G414VBT6, STM32G414VCT3, STM32G414VCT6, STM32G431CBT3Z, STM32G431RBT3Z, STM32G471CCT6, STM32G471CCU6, STM32G471CET3, STM32G471CET6, STM32G471CEU3, STM32G471CEU6, STM32G471MCT6, STM32G471MET3, STM32G471MET6, STM32G471MEY6TR, STM32G471QCT6, STM32G471QET3, STM32G471RCT6, STM32G471RET3, STM32G471RET6, STM32G471VCH6, STM32G471VCI6, STM32G471VCT6, STM32G471VEH3, STM32G471VEH6, STM32G471VEI3, STM32G471VEI6, STM32G471VET3, STM32G471VET6, STM32G473QET3Z, STM32G473RET3Z, STM32G474CCT6, STM32G491RET3Z, STM32H503CBT6, STM32H503CBU6, STM32H503EBY6TR, STM32H503KBU6, STM32H503RBT6, STM32H523CCT6, STM32H523CCU6, STM32H523CET6, STM32H523CEU6, STM32H523HEY6TR, STM32H523RCT6, STM32H523RET6, STM32H523VCI6, STM32H523VCT6, STM32H523VEI6, STM32H523VET6, STM32H523ZCJ6, STM32H523ZCT6, STM32H523ZEJ6, STM32H523ZET6, STM32H533CET6, STM32H533CEU6, STM32H533HEY6TR, STM32H533RET6, STM32H533VEI6, STM32H533VET6, STM32H533ZEJ6, STM32H533ZET6, STM32H562AGI6, STM32H562AII6, STM32H562IGK6, STM32H562IGT6, STM32H562IIK6, STM32H562IIT6, STM32H562RGT6, STM32H562RGV6, STM32H562RIT6, STM32H562RIV6, STM32H562VGT6, STM32H562VIT6, STM32H562ZGT6, STM32H562ZIT6, STM32H563AGI6, STM32H563AII3Q, STM32H563AII6, STM32H563IGK6, STM32H563IGT6, STM32H563IIK3Q, STM32H563IIK6, STM32H563IIT3Q, STM32H563IIT6, STM32H563MIY3QTR, STM32H563RGT6, STM32H563RGV6, STM32H563RIT6, STM32H563RIV6, STM32H563VGT6, STM32H563VIT3Q, STM32H563VIT6, STM32H563ZGT6, STM32H563ZIT3Q, STM32H563ZIT6, STM32H573AII3Q, STM32H573AII6, STM32H573I-DK, STM32H573IIK3Q, STM32H573IIK6, STM32H573IIT3Q, STM32H573IIT6, STM32H573MIY3QTR, STM32H573RIT6, STM32H573RIV6, STM32H573VIT3Q, STM32H573VIT6, STM32H573ZIT3Q, STM32H573ZIT6, STM32H7R3A8I6, STM32H7R3I8K6, STM32H7R3I8T6, STM32H7R3L8H6, STM32H7R3L8H6H, STM32H7R3R8V6, STM32H7R3V8H6, STM32H7R3V8T6, STM32H7R3V8Y6TR, STM32H7R3Z8J6, STM32H7R3Z8T6, STM32H7R7A8I6, STM32H7R7I8K6, STM32H7R7I8T6, STM32H7R7L8H6, STM32H7R7L8H6H, STM32H7R7Z8J6, STM32H7S3A8I6, STM32H7S3I8K6, STM32H7S3I8T6, STM32H7S3L8H6, STM32H7S3L8H6H, STM32H7S3R8V6, STM32H7S3V8H6, STM32H7S3V8T6, STM32H7S3V8Y6TR, STM32H7S3Z8J6, STM32H7S3Z8T6, STM32H7S78-DK, STM32H7S7A8I6, STM32H7S7I8K6, STM32H7S7I8T6, STM32H7S7L8H6, STM32H7S7L8H6H, STM32H7S7Z8J6, STM32L4R5QGI6STR, STM32MP131AAE3, STM32MP131AAF3, STM32MP131AAG3, STM32MP131CAE3, STM32MP131CAF3, STM32MP131CAG3, STM32MP131DAE7, STM32MP131DAF7, STM32MP131DAG7, STM32MP131FAE7, STM32MP131FAF7, STM32MP131FAG7, STM32MP133AAE3, STM32MP133AAF3, STM32MP133AAG3, STM32MP133CAE3, STM32MP133CAF3, STM32MP133CAG3, STM32MP133DAE7, STM32MP133DAF7, STM32MP133DAG7, STM32MP133FAE7, STM32MP133FAF7, STM32MP133FAG7, STM32MP135AAE3, STM32MP135AAF3, STM32MP135AAG3, STM32MP135CAE3, STM32MP135CAF3, STM32MP135CAG3, STM32MP135DAE7, STM32MP135DAF7, STM32MP135DAG7, STM32MP135F-DK, STM32MP135FAE7, STM32MP135FAF7, STM32MP135FAF7T, STM32MP135FAF7U, STM32MP135FAG7, STM32MP211AAL3, STM32MP211AAM3, STM32MP211AAN3, STM32MP211AAO3, STM32MP211CAL3, STM32MP211CAM3, STM32MP211CAN3, STM32MP211CAO3, STM32MP211DAL3, STM32MP211DAM3, STM32MP211DAN3, STM32MP211DAO3, STM32MP211FAL3, STM32MP211FAM3, STM32MP211FAN3, STM32MP211FAO3, STM32MP213AAL3, STM32MP213AAM3, STM32MP213AAN3, STM32MP213AAO3, STM32MP213CAL3, STM32MP213CAM3, STM32MP213CAN3, STM32MP213CAO3, STM32MP213DAL3, STM32MP213DAM3, STM32MP213DAN3, STM32MP213DAO3, STM32MP213FAL3, STM32MP213FAM3, STM32MP213FAN3, STM32MP213FAO3, STM32MP215AAL3, STM32MP215AAM3, STM32MP215AAN3, STM32MP215AAO3, STM32MP215CAL3, STM32MP215CAM3, STM32MP215CAN3, STM32MP215CAO3, STM32MP215DAL3, STM32MP215DAM3, STM32MP215DAN3, STM32MP215DAO3, STM32MP215F-DK, STM32MP215FAL3, STM32MP215FAM3, STM32MP215FAN3, STM32MP215FAO3, STM32MP231AAJ3, STM32MP231AAK3, STM32MP231AAL3, STM32MP231CAJ3, STM32MP231CAK3, STM32MP231CAL3, STM32MP231DAJ3, STM32MP231DAK3, STM32MP231DAL3, STM32MP231FAJ3, STM32MP231FAK3, STM32MP231FAL3, STM32MP233AAJ3, STM32MP233AAK3, STM32MP233AAL3, STM32MP233CAJ3, STM32MP233CAK3, STM32MP233CAL3, STM32MP233DAJ3, STM32MP233DAK3, STM32MP233DAL3, STM32MP233FAJ3, STM32MP233FAK3, STM32MP233FAL3, STM32MP235AAJ3, STM32MP235AAK3, STM32MP235AAL3, STM32MP235CAJ3, STM32MP235CAK3, STM32MP235CAL3, STM32MP235DAJ3, STM32MP235DAK3, STM32MP235DAL3, STM32MP235FAJ3, STM32MP235FAK3, STM32MP235FAL3, STM32MP251AAI3, STM32MP251AAK3, STM32MP251AAL3, STM32MP251CAI3, STM32MP251CAK3, STM32MP251CAL3, STM32MP251DAI3, STM32MP251DAK3, STM32MP251DAL3, STM32MP251FAI3, STM32MP251FAK3, STM32MP251FAL3, STM32MP253AAI3, STM32MP253AAK3, STM32MP253AAL3, STM32MP253CAI3, STM32MP253CAK3, STM32MP253CAL3, STM32MP253DAI3, STM32MP253DAK3, STM32MP253DAL3, STM32MP253FAI3, STM32MP253FAK3, STM32MP253FAL3, STM32MP255AAI3, STM32MP255AAK3, STM32MP255AAL3, STM32MP255CAI3, STM32MP255CAK3, STM32MP255CAL3, STM32MP255DAI3, STM32MP255DAK3, STM32MP255DAL3, STM32MP255FAI3, STM32MP255FAK3, STM32MP255FAL3, STM32MP257AAI3, STM32MP257AAK3, STM32MP257AAL3, STM32MP257CAI3, STM32MP257CAK3, STM32MP257CAL3, STM32MP257DAI3, STM32MP257DAK3, STM32MP257DAL3, STM32MP257F-DK, STM32MP257F-EV1, STM32MP257FAI3, STM32MP257FAK3, STM32MP257FAL3, STM32N645A0H3Q, STM32N645B0H3Q, STM32N645I0H3Q, STM32N645L0H3Q, STM32N645X0H3Q, STM32N645Z0H3Q, STM32N647A0H3Q, STM32N647B0H3Q, STM32N647I0H3Q, STM32N647L0H3Q, STM32N647X0H3Q, STM32N647Z0H3Q, STM32N655A0H3Q, STM32N655B0H3Q, STM32N655I0H3Q, STM32N655L0H3Q, STM32N655X0H3Q, STM32N655Z0H3Q, STM32N6570-DK, STM32N657A0H3Q, STM32N657B0H3Q, STM32N657I0H3Q, STM32N657L0H3Q, STM32N657X0H3Q, STM32N657Z0H3Q, STM32U031C6T6, STM32U031C6U6, STM32U031C8T6, STM32U031C8U6, STM32U031F4P6, STM32U031F6P6, STM32U031F8P6, STM32U031G6Y6TR, STM32U031G8Y6TR, STM32U031K4U6, STM32U031K6U6, STM32U031K8U6, STM32U031R6I6, STM32U031R6T6, STM32U031R8I6, STM32U031R8T6, STM32U073C8T6, STM32U073C8U6, STM32U073CBT6, STM32U073CBU6, STM32U073CCT6, STM32U073CCU6, STM32U073H8Y6TR, STM32U073HBY6TR, STM32U073HCY6TR, STM32U073K8U6, STM32U073KBU6, STM32U073KCU6, STM32U073M8I6, STM32U073M8T6, STM32U073MBI6, STM32U073MBT6, STM32U073MCI6, STM32U073MCT6, STM32U073R8I6, STM32U073R8T6, STM32U073RBI6, STM32U073RBT6, STM32U073RCI6, STM32U073RCT6, STM32U083C-DK, STM32U083CCT6, STM32U083CCU6, STM32U083HCY6TR, STM32U083KCU6, STM32U083MCI6, STM32U083MCT6, STM32U083RCI6, STM32U083RCT6, STM32U375CET6, STM32U375CET6Q, STM32U375CEU6, STM32U375CEU6Q, STM32U375CEY6QTR, STM32U375CGT6, STM32U375CGT6Q, STM32U375CGU6, STM32U375CGU6Q, STM32U375CGY6QTR, STM32U375KEU6, STM32U375KGU6, STM32U375REI6, STM32U375REI6Q, STM32U375RET6, STM32U375RET6Q, STM32U375REY6GTR, STM32U375REY6QTR, STM32U375RGI6, STM32U375RGI6Q, STM32U375RGT6, STM32U375RGT6Q, STM32U375RGY6GTR, STM32U375RGY6QTR, STM32U375VEI6, STM32U375VEI6Q, STM32U375VET6, STM32U375VET6Q, STM32U375VGI6, STM32U375VGI6Q, STM32U375VGT6, STM32U375VGT6Q, STM32U385CGT6, STM32U385CGT6Q, STM32U385CGU6, STM32U385CGU6Q, STM32U385CGY6QTR, STM32U385KGU6, STM32U385RGI6, STM32U385RGI6Q, STM32U385RGT6, STM32U385RGT6Q, STM32U385RGY6GTR, STM32U385RGY6QTR, STM32U385VGI6, STM32U385VGI6Q, STM32U385VGT6, STM32U385VGT6Q, STM32U535CBT6, STM32U535CBT6Q, STM32U535CBU6, STM32U535CBU6Q, STM32U535CCT6, STM32U535CCT6Q, STM32U535CCU6, STM32U535CCU6Q, STM32U535CET6, STM32U535CET6Q, STM32U535CEU6, STM32U535CEU6Q, STM32U535JEY6QTR, STM32U535NCY6QTR, STM32U535NEY6QTR, STM32U535RBI6, STM32U535RBI6Q, STM32U535RBT6, STM32U535RBT6Q, STM32U535RCI6, STM32U535RCI6Q, STM32U535RCT6, STM32U535RCT6Q, STM32U535REI6, STM32U535REI6Q, STM32U535RET6, STM32U535RET6Q, STM32U535VCI6, STM32U535VCI6Q, STM32U535VCT6, STM32U535VCT6Q, STM32U535VEI6, STM32U535VEI6Q, STM32U535VET6, STM32U535VET6Q, STM32U545CET6, STM32U545CET6Q, STM32U545CEU6, STM32U545CEU6Q, STM32U545JEY6QTR, STM32U545NEY6QTR, STM32U545REI6, STM32U545REI6Q, STM32U545RET6, STM32U545RET6Q, STM32U545VEI6, STM32U545VEI6Q, STM32U545VET6, STM32U545VET6Q, STM32U595AIH6, STM32U595AIH6Q, STM32U595AJH6, STM32U595AJH6Q, STM32U595QII6, STM32U595QII6Q, STM32U595QJI6, STM32U595QJI6Q, STM32U595RIT6, STM32U595RIT6Q, STM32U595RJT6, STM32U595RJT6Q, STM32U595VIT6, STM32U595VIT6Q, STM32U595VJT6, STM32U595VJT6Q, STM32U595ZIT6, STM32U595ZIT6Q, STM32U595ZIY6QTR, STM32U595ZJT6, STM32U595ZJT6Q, STM32U595ZJY6QTR, STM32U599BJY6QTR, STM32U599NIH6Q, STM32U599NJH6Q, STM32U599VIT6Q, STM32U599VJT6, STM32U599VJT6Q, STM32U599ZIT6Q, STM32U599ZIY6QTR, STM32U599ZJT6Q, STM32U599ZJY6QTR, STM32U5A5AJH6, STM32U5A5AJH6Q, STM32U5A5QII3Q , STM32U5A5QJI6, STM32U5A5QJI6Q, STM32U5A5RJT6, STM32U5A5RJT6Q, STM32U5A5VJT6, STM32U5A5VJT6Q, STM32U5A5ZJT6, STM32U5A5ZJT6Q, STM32U5A5ZJY6QTR, STM32U5A9BJY6QTR, STM32U5A9J-DK, STM32U5A9NJH6Q, STM32U5A9VJT6Q, STM32U5A9ZJT6Q, STM32U5A9ZJY6QTR, STM32U5F7VIT6, STM32U5F7VIT6Q, STM32U5F7VJT6, STM32U5F7VJT6Q, STM32U5F9BJY6QTR, STM32U5F9NJH6Q, STM32U5F9VIT6Q, STM32U5F9VJT6Q, STM32U5F9ZIJ6QTR, STM32U5F9ZIT6Q, STM32U5F9ZJJ6QTR, STM32U5F9ZJT6Q, STM32U5G7VJT6, STM32U5G7VJT6Q, STM32U5G9BJY6QTR, STM32U5G9J-DK1, STM32U5G9J-DK2, STM32U5G9NJH6Q, STM32U5G9VJT6Q, STM32U5G9ZJJ6QTR, STM32U5G9ZJT6Q, STM32WB05KZV6TR, STM32WB05KZV7TR, STM32WB05TZF6TR, STM32WB05TZF7TR, STM32WB06CCF6TR, STM32WB06CCF7TR, STM32WB06CCV6TR, STM32WB06CCV7TR, STM32WB06KCV6TR, STM32WB06KCV7TR, STM32WB07CCF6TR, STM32WB07CCF7TR, STM32WB07CCV6TR, STM32WB07CCV7TR, STM32WB07KCV6TR, STM32WB07KCV7TR, STM32WB09KEV6TR, STM32WB09KEV7TR, STM32WB09TEF6TR, STM32WB09TEF7TR, STM32WB1MMCH6, STM32WBA50KGU6, STM32WBA50KGU6TR, STM32WBA52CEU6, STM32WBA52CEU6TR, STM32WBA52CEU7, STM32WBA52CEU7TR, STM32WBA52CGU6, STM32WBA52CGU6TR, STM32WBA52CGU6U, STM32WBA52CGU7, STM32WBA52CGU7TR, STM32WBA52KEU6, STM32WBA52KEU6TR, STM32WBA52KGU6, STM32WBA52KGU6TR, STM32WBA54CEU6, STM32WBA54CEU6TR, STM32WBA54CEU7, STM32WBA54CEU7TR, STM32WBA54CGU6, STM32WBA54CGU6TR, STM32WBA54CGU7, STM32WBA54CGU7TR, STM32WBA54KEU6, STM32WBA54KEU6TR, STM32WBA54KEU7, STM32WBA54KEU7TR, STM32WBA54KGU6, STM32WBA54KGU6TR, STM32WBA54KGU7, STM32WBA54KGU7TR, STM32WBA55CEU6, STM32WBA55CEU6TR, STM32WBA55CEU7, STM32WBA55CEU7TR, STM32WBA55CGU6, STM32WBA55CGU6TR, STM32WBA55CGU6U, STM32WBA55CGU7, STM32WBA55CGU7TR, STM32WBA55G-DK1, STM32WBA55HEF6, STM32WBA55HEF7, STM32WBA55HGF6, STM32WBA55HGF7, STM32WBA55UEI6, STM32WBA55UEI6TR, STM32WBA55UEI7, STM32WBA55UEI7TR, STM32WBA55UGI6, STM32WBA55UGI6TR, STM32WBA55UGI7, STM32WBA55UGI7TR, STM32WBA5MMGH6TR, STM32WBA62MGF6, STM32WBA62MIF6, STM32WBA65MGF7, STM32WBA65MIF6, STM32WBA65MIF7, STM32WL30K8V6, STM32WL30KBV6, STM32WL31C8V6, STM32WL31CBV6, STM32WL31K8V6, STM32WL31KBV6, STM32WL33C8V6, STM32WL33C8V6X, STM32WL33CBV6, STM32WL33CBV6X, STM32WL33CCV6, STM32WL33CCV6A, STM32WL33CCV6X, STM32WL33K8V7, STM32WL33K8V7X, STM32WL33KBV7 , STM32WL33KBV7X, STM32WL33KCV7, STM32WL33KCV7X, STM32WL5MOCH6, STM32WL5MOCH6TR]
2026-02-02 10:55:01,597 [INFO] DbMcus:218 - Found 4876 MCUs, 4876 are supported
2026-02-02 10:55:01,606 [INFO] ApiDb:423 - Load user favorites file C:\Users\MSI GF63/.stm32cubeide/favorites.mcus.txt: 0 item(s)
2026-02-02 10:55:01,622 [INFO] ApiDb:427 - User favorites MCUs=[]
2026-02-02 10:55:01,622 [INFO] DbMcus:224 - Set 0 / 0 favorites MCUs
2026-02-02 10:55:02,295 [INFO] BoardInfo:889 - No configuration file found for board P-NUCLEO-WB55
2026-02-02 10:55:02,296 [INFO] DbBoards:161 - Kit is not supported: P-NUCLEO-WB55
2026-02-02 10:55:02,303 [INFO] BoardInfo:889 - No configuration file found for board STEVAL-BFA001V1B
2026-02-02 10:55:02,304 [INFO] DbBoards:161 - Kit is not supported: STEVAL-BFA001V1B
2026-02-02 10:55:02,305 [INFO] BoardInfo:889 - No configuration file found for board STEVAL-BFA001V2B
2026-02-02 10:55:02,307 [INFO] DbBoards:161 - Kit is not supported: STEVAL-BFA001V2B
2026-02-02 10:55:02,521 [INFO] DbBoards:168 - Found 212 boards, 209 are supported
2026-02-02 10:55:02,521 [INFO] DbBoards:169 - Found 212 boards, 43 of them is supported for  Bsp
2026-02-02 10:55:02,533 [INFO] ApiDb:423 - Load user favorites file C:\Users\MSI GF63/.stm32cubeide/favorites.boards.txt: 0 item(s)
2026-02-02 10:55:02,533 [INFO] ApiDb:427 - User favorites Boards=[]
2026-02-02 10:55:02,533 [INFO] DbBoards:198 - Set 0 / 0 favorites Boards
2026-02-02 10:55:02,599 [INFO] UtilMem:75 - End LoadConfig() Used Memory: 221429120 Bytes (350224384)
2026-02-02 10:55:02,729 [WARN] ThirdParty:833 - waiting for thirdparty lock release [change project]
2026-02-02 10:55:02,729 [INFO] ThirdParty:835 - entering critical section [change project]
2026-02-02 10:55:02,729 [INFO] ThirdParty:1030 - CMSIS Pack Vendor :STMicroelectronics X-CUBE-PM33A1 1.0.0
2026-02-02 10:55:02,729 [INFO] ThirdParty:1030 - CMSIS Pack Vendor :STMicroelectronics USBPD 4.1
2026-02-02 10:55:02,729 [INFO] ThirdParty:1030 - CMSIS Pack Vendor :STMicroelectronics X-CUBE-GNSS1 6.0.0
2026-02-02 10:55:02,729 [INFO] ThirdParty:1030 - CMSIS Pack Vendor :STMicroelectronics USB_HOST 2.0.0
2026-02-02 10:55:02,729 [INFO] ThirdParty:1030 - CMSIS Pack Vendor :STMicroelectronics FP-SNS-MOTENVWB1 1.4.0
2026-02-02 10:55:02,729 [INFO] ThirdParty:1030 - CMSIS Pack Vendor :STMicroelectronics X-CUBE-AZRTOS-F4 1.1.0
2026-02-02 10:55:02,729 [INFO] ThirdParty:1030 - CMSIS Pack Vendor :STMicroelectronics LIBJPEG 8.0.0
2026-02-02 10:55:02,729 [INFO] ThirdParty:1030 - CMSIS Pack Vendor :STMicroelectronics FP-ATR-ASTRA1 2.0.2
2026-02-02 10:55:02,729 [INFO] ThirdParty:1030 - CMSIS Pack Vendor :wolfSSL I-CUBE-wolfSSL 5.6.4
2026-02-02 10:55:02,729 [INFO] ThirdParty:1030 - CMSIS Pack Vendor :STMicroelectronics FP-ATR-ASTRA1 2.0.1
2026-02-02 10:55:02,729 [INFO] ThirdParty:1030 - CMSIS Pack Vendor :Avnet-IotConnect X-CUBE-IoTC-DA16k-PMOD 1.0.0
2026-02-02 10:55:02,729 [INFO] ThirdParty:1030 - CMSIS Pack Vendor :STMicroelectronics X-CUBE-SMBUS 2.1.0
2026-02-02 10:55:02,729 [INFO] ThirdParty:1030 - CMSIS Pack Vendor :STMicroelectronics X-CUBE-WB05N 1.1.0
2026-02-02 10:55:02,729 [INFO] ThirdParty:1030 - CMSIS Pack Vendor :STMicroelectronics X-CUBE-ISPU 2.1.0
2026-02-02 10:55:02,729 [INFO] ThirdParty:1030 - CMSIS Pack Vendor :STMicroelectronics X-CUBE-IPS 3.2.0
2026-02-02 10:55:02,729 [INFO] ThirdParty:1030 - CMSIS Pack Vendor :wolfSSL I-CUBE-wolfSSL 5.6.6
2026-02-02 10:55:02,729 [INFO] ThirdParty:1030 - CMSIS Pack Vendor :STMicroelectronics X-CUBE-ST60 1.0.0
2026-02-02 10:55:02,729 [INFO] ThirdParty:1030 - CMSIS Pack Vendor :STMicroelectronics X-CUBE-TOUCHGFX 4.23.0
2026-02-02 10:55:02,730 [INFO] ThirdParty:1030 - CMSIS Pack Vendor :STMicroelectronics X-CUBE-NFC12 1.0.0
2026-02-02 10:55:02,730 [INFO] ThirdParty:1030 - CMSIS Pack Vendor :STMicroelectronics X-CUBE-AZRTOS-F7 1.1.0
2026-02-02 10:55:02,730 [INFO] ThirdParty:1030 - CMSIS Pack Vendor :STMicroelectronics X-CUBE-AZRTOS-L5 2.0.0
2026-02-02 10:55:02,730 [INFO] ThirdParty:1030 - CMSIS Pack Vendor :STMicroelectronics USB_DEVICE 2.0.0
2026-02-02 10:55:02,730 [INFO] ThirdParty:1030 - CMSIS Pack Vendor :STMicroelectronics X-CUBE-EEPRMA1 4.2.0
2026-02-02 10:55:02,730 [INFO] ThirdParty:1030 - CMSIS Pack Vendor :STMicroelectronics X-CUBE-NFC6 3.1.0
2026-02-02 10:55:02,730 [INFO] ThirdParty:1030 - CMSIS Pack Vendor :ITTIA_DB I-CUBE-ITTIADB 8.8.0
2026-02-02 10:55:02,730 [INFO] ThirdParty:1030 - CMSIS Pack Vendor :Cesanta I-CUBE-Mongoose 7.19.0
2026-02-02 10:55:02,730 [INFO] ThirdParty:1030 - CMSIS Pack Vendor :STMicroelectronics FP-SNS-MOTENV1 4.3.2
2026-02-02 10:55:02,730 [INFO] ThirdParty:1030 - CMSIS Pack Vendor :STMicroelectronics X-CUBE-MEMS1 11.0.0
2026-02-02 10:55:02,730 [INFO] ThirdParty:1030 - CMSIS Pack Vendor :STMicroelectronics FP-SNS-MOTENV1 5.1.0
2026-02-02 10:55:02,730 [INFO] ThirdParty:1030 - CMSIS Pack Vendor :STMicroelectronics FreeRTOS 0.0.1
2026-02-02 10:55:02,730 [INFO] ThirdParty:1030 - CMSIS Pack Vendor :STMicroelectronics X-CUBE-DPower 1.2.0
2026-02-02 10:55:02,730 [INFO] ThirdParty:1030 - CMSIS Pack Vendor :WES I-CUBE-Cesium 1.4.0
2026-02-02 10:55:02,730 [INFO] ThirdParty:1030 - CMSIS Pack Vendor :STMicroelectronics FP-SNS-FLIGHT1 5.0.2
2026-02-02 10:55:02,730 [INFO] ThirdParty:1030 - CMSIS Pack Vendor :Infineon AIROC-Wi-Fi-Bluetooth-STM32 1.7.0
2026-02-02 10:55:02,730 [INFO] ThirdParty:1030 - CMSIS Pack Vendor :Infineon AIROC-Wi-Fi-Bluetooth-STM32 1.7.1
2026-02-02 10:55:02,730 [INFO] ThirdParty:1030 - CMSIS Pack Vendor :STMicroelectronics PDM2PCM 3.3.0
2026-02-02 10:55:02,730 [INFO] ThirdParty:1030 - CMSIS Pack Vendor :STMicroelectronics X-CUBE-AZRTOS-H7 3.4.0
2026-02-02 10:55:02,730 [INFO] ThirdParty:1030 - CMSIS Pack Vendor :STMicroelectronics X-CUBE-DISPLAY 3.0.0
2026-02-02 10:55:02,730 [INFO] ThirdParty:1030 - CMSIS Pack Vendor :STMicroelectronics X-CUBE-BLE1 7.0.0
2026-02-02 10:55:02,730 [INFO] ThirdParty:1030 - CMSIS Pack Vendor :STMicroelectronics X-CUBE-NFC10 1.0.0
2026-02-02 10:55:02,731 [INFO] ThirdParty:1030 - CMSIS Pack Vendor :STMicroelectronics X-CUBE-BLEMGR 4.0.0
2026-02-02 10:55:02,731 [INFO] ThirdParty:1030 - CMSIS Pack Vendor :STMicroelectronics X-CUBE-FREERTOS 1.3.1
2026-02-02 10:55:02,731 [INFO] ThirdParty:1030 - CMSIS Pack Vendor :STMicroelectronics HAL Drivers 0.0.0
2026-02-02 10:55:02,731 [INFO] ThirdParty:1030 - CMSIS Pack Vendor :STMicroelectronics X-CUBE-ST60 1.1.0
2026-02-02 10:55:02,731 [INFO] ThirdParty:1030 - CMSIS Pack Vendor :emotas I-CUBE-CANOPEN 1.3.0
2026-02-02 10:55:02,731 [INFO] ThirdParty:1030 - CMSIS Pack Vendor :STMicroelectronics X-CUBE-FREERTOS 1.3.0
2026-02-02 10:55:02,731 [INFO] ThirdParty:1030 - CMSIS Pack Vendor :STMicroelectronics X-CUBE-NFC7 1.0.1
2026-02-02 10:55:02,731 [INFO] ThirdParty:1030 - CMSIS Pack Vendor :STMicroelectronics MBEDTLS 2.14.1
2026-02-02 10:55:02,731 [INFO] ThirdParty:1030 - CMSIS Pack Vendor :STMicroelectronics X-CUBE-GNSS1 7.1.0
2026-02-02 10:55:02,731 [INFO] ThirdParty:1030 - CMSIS Pack Vendor :STMicroelectronics X-CUBE-TOUCHGFX 4.22.1
2026-02-02 10:55:02,731 [INFO] ThirdParty:1030 - CMSIS Pack Vendor :STMicroelectronics X-CUBE-TOUCHGFX 4.26.0
2026-02-02 10:55:02,731 [INFO] ThirdParty:1030 - CMSIS Pack Vendor :STMicroelectronics X-CUBE-NFC6 3.0.0
2026-02-02 10:55:02,731 [INFO] ThirdParty:1030 - CMSIS Pack Vendor :quantropi X-CUBE-qispace-sdk-base 2.0.0
2026-02-02 10:55:02,731 [INFO] ThirdParty:1030 - CMSIS Pack Vendor :STMicroelectronics FP-SNS-STBOX1 2.1.0
2026-02-02 10:55:02,732 [INFO] ThirdParty:1030 - CMSIS Pack Vendor :STMicroelectronics FP-SNS-STAIOTCFT 1.0.0
2026-02-02 10:55:02,732 [INFO] ThirdParty:1030 - CMSIS Pack Vendor :STMicroelectronics FP-SNS-SMARTAG2 1.2.0
2026-02-02 10:55:02,732 [INFO] ThirdParty:1030 - CMSIS Pack Vendor :STMicroelectronics FP-SNS-FLIGHT1 5.1.0
2026-02-02 10:55:02,732 [INFO] ThirdParty:1030 - CMSIS Pack Vendor :STMicroelectronics X-CUBE-AZRTOS-WL 2.0.0
2026-02-02 10:55:02,732 [INFO] ThirdParty:1030 - CMSIS Pack Vendor :STMicroelectronics X-CUBE-DPower 1.3.0
2026-02-02 10:55:02,732 [INFO] ThirdParty:1030 - CMSIS Pack Vendor :STMicroelectronics FP-SNS-MOTENV1 5.0.0
2026-02-02 10:55:02,732 [INFO] ThirdParty:1030 - CMSIS Pack Vendor :STMicroelectronics USB_DEVICE 1.0.0
2026-02-02 10:55:02,732 [INFO] ThirdParty:1030 - CMSIS Pack Vendor :STMicroelectronics X-CUBE-AZRTOS-H7RS 1.2.0
2026-02-02 10:55:02,732 [INFO] ThirdParty:1030 - CMSIS Pack Vendor :STMicroelectronics X-CUBE-AI 8.1.0
2026-02-02 10:55:02,732 [INFO] ThirdParty:1030 - CMSIS Pack Vendor :wolfSSL I-CUBE-wolfMQTT 1.19.0
2026-02-02 10:55:02,732 [INFO] ThirdParty:1030 - CMSIS Pack Vendor :STMicroelectronics X-CUBE-AZRTOS-L4 2.0.0
2026-02-02 10:55:02,732 [INFO] ThirdParty:1030 - CMSIS Pack Vendor :STMicroelectronics ThreadX 0.0.2
2026-02-02 10:55:02,732 [INFO] ThirdParty:1030 - CMSIS Pack Vendor :WES I-CUBE-Cesium 1.3.0
2026-02-02 10:55:02,732 [INFO] ThirdParty:1030 - CMSIS Pack Vendor :STMicroelectronics lwIP 2.1.2
2026-02-02 10:55:02,732 [INFO] ThirdParty:1030 - CMSIS Pack Vendor :STMicroelectronics X-CUBE-SFXS2LP1 4.0.0
2026-02-02 10:55:02,732 [INFO] ThirdParty:1030 - CMSIS Pack Vendor :STMicroelectronics X-CUBE-BLE2 3.3.0
2026-02-02 10:55:02,732 [INFO] ThirdParty:1030 - CMSIS Pack Vendor :Avnet-IOTCONNECT X-CUBE-iotc-st67-sdk 1.0.0
2026-02-02 10:55:02,732 [INFO] ThirdParty:1030 - CMSIS Pack Vendor :STMicroelectronics PDM2PCM 3.2.0
2026-02-02 10:55:02,733 [INFO] ThirdParty:1030 - CMSIS Pack Vendor :STMicroelectronics X-CUBE-ST67W61 1.2.0
2026-02-02 10:55:02,733 [INFO] ThirdParty:1030 - CMSIS Pack Vendor :STMicroelectronics X-CUBE-AZRTOS-H7 3.3.0
2026-02-02 10:55:02,733 [INFO] ThirdParty:1030 - CMSIS Pack Vendor :STMicroelectronics X-CUBE-NFC9 1.0.0
2026-02-02 10:55:02,733 [INFO] ThirdParty:1030 - CMSIS Pack Vendor :wolfSSL I-CUBE-wolfSSL 5.8.0
2026-02-02 10:55:02,733 [INFO] ThirdParty:1030 - CMSIS Pack Vendor :wolfSSL I-CUBE-wolfSSL 5.8.2
2026-02-02 10:55:02,733 [INFO] ThirdParty:1030 - CMSIS Pack Vendor :STMicroelectronics X-CUBE-BLE1 7.1.0
2026-02-02 10:55:02,733 [INFO] ThirdParty:1030 - CMSIS Pack Vendor :wolfSSL I-CUBE-wolfMQTT 1.19.2
2026-02-02 10:55:02,733 [INFO] ThirdParty:1030 - CMSIS Pack Vendor :STMicroelectronics USB_DEVICE 3.0.0
2026-02-02 10:55:02,733 [INFO] ThirdParty:1030 - CMSIS Pack Vendor :STMicroelectronics X-CUBE-TCPP 4.1.0
2026-02-02 10:55:02,733 [INFO] ThirdParty:1030 - CMSIS Pack Vendor :STMicroelectronics X-CUBE-FREERTOS 1.4.0
2026-02-02 10:55:02,733 [INFO] ThirdParty:1030 - CMSIS Pack Vendor :STMicroelectronics X-CUBE-EEPRMA1 5.2.0
2026-02-02 10:55:02,733 [INFO] ThirdParty:1030 - CMSIS Pack Vendor :STMicroelectronics X-CUBE-BLEMGR 4.1.0
2026-02-02 10:55:02,733 [INFO] ThirdParty:1030 - CMSIS Pack Vendor :STMicroelectronics X-CUBE-IPS 3.0.0
2026-02-02 10:55:02,733 [INFO] ThirdParty:1030 - CMSIS Pack Vendor :STMicroelectronics X-CUBE-AZRTOS-WB 2.0.0
2026-02-02 10:55:02,733 [INFO] ThirdParty:1030 - CMSIS Pack Vendor :STMicroelectronics X-CUBE-GNSS1 7.0.0
2026-02-02 10:55:02,733 [INFO] ThirdParty:1030 - CMSIS Pack Vendor :STMicroelectronics X-CUBE-GNSS1 7.0.1
2026-02-02 10:55:02,733 [INFO] ThirdParty:1030 - CMSIS Pack Vendor :STMicroelectronics X-CUBE-TOUCHGFX 4.25.0
2026-02-02 10:55:02,733 [INFO] ThirdParty:1030 - CMSIS Pack Vendor :STMicroelectronics X-CUBE-ST67W61 1.1.0
2026-02-02 10:55:02,733 [INFO] ThirdParty:1030 - CMSIS Pack Vendor :STMicroelectronics X-CUBE-AI 10.1.0
2026-02-02 10:55:02,734 [INFO] ThirdParty:1030 - CMSIS Pack Vendor :STMicroelectronics FP-SNS-STBOX1 2.0.0
2026-02-02 10:55:02,734 [INFO] ThirdParty:1030 - CMSIS Pack Vendor :quantropi X-CUBE-qispace-sdk-base 2.1.0
2026-02-02 10:55:02,734 [INFO] ThirdParty:1030 - CMSIS Pack Vendor :STMicroelectronics X-CUBE-MEMS1 12.0.0
2026-02-02 10:55:02,734 [INFO] ThirdParty:1030 - CMSIS Pack Vendor :STMicroelectronics X-CUBE-ALGOBUILD 1.3.0
2026-02-02 10:55:02,734 [INFO] ThirdParty:1030 - CMSIS Pack Vendor :STMicroelectronics X-CUBE-STSE01 2.0.0
2026-02-02 10:55:02,734 [INFO] ThirdParty:1030 - CMSIS Pack Vendor :STMicroelectronics X-CUBE-AZRTOS-G0 1.1.0
2026-02-02 10:55:02,734 [INFO] ThirdParty:1030 - CMSIS Pack Vendor :STMicroelectronics X-CUBE-SAFEA1 1.2.2
2026-02-02 10:55:02,734 [INFO] ThirdParty:1030 - CMSIS Pack Vendor :STMicroelectronics X-CUBE-NFC4 3.0.0
2026-02-02 10:55:02,734 [INFO] ThirdParty:1030 - CMSIS Pack Vendor :STMicroelectronics X-CUBE-SUBG2 5.0.0
2026-02-02 10:55:02,734 [INFO] ThirdParty:1030 - CMSIS Pack Vendor :STMicroelectronics X-CUBE-AZRTOS-H7RS 1.1.0
2026-02-02 10:55:02,734 [INFO] ThirdParty:1030 - CMSIS Pack Vendor :STMicroelectronics STM32_WPAN 1.0.0
2026-02-02 10:55:02,734 [INFO] ThirdParty:1030 - CMSIS Pack Vendor :EmbeddedOffice I-CUBE-FS-RTOS 1.0.1
2026-02-02 10:55:02,734 [INFO] ThirdParty:1030 - CMSIS Pack Vendor :STMicroelectronics lwIP 2.0.3
2026-02-02 10:55:02,734 [INFO] ThirdParty:1030 - CMSIS Pack Vendor :Cesanta I-CUBE-Mongoose 7.13.0
2026-02-02 10:55:02,734 [INFO] ThirdParty:1030 - CMSIS Pack Vendor :STMicroelectronics USB_HOST 1.0.0
2026-02-02 10:55:02,734 [INFO] ThirdParty:1030 - CMSIS Pack Vendor :STMicroelectronics X-CUBE-AZRTOS-G4 2.0.0
2026-02-02 10:55:02,734 [INFO] ThirdParty:1030 - CMSIS Pack Vendor :STMicroelectronics X-CUBE-WB05N 2.0.0
2026-02-02 10:55:02,734 [INFO] ThirdParty:1030 - CMSIS Pack Vendor :STMicroelectronics PDM2PCM 3.1.0
2026-02-02 10:55:02,735 [INFO] ThirdParty:1030 - CMSIS Pack Vendor :Infineon AIROC-Wi-Fi-Bluetooth-STM32 1.5.1
2026-02-02 10:55:02,735 [INFO] ThirdParty:1030 - CMSIS Pack Vendor :STMicroelectronics X-CUBE-BLEMGR 3.0.0
2026-02-02 10:55:02,735 [INFO] ThirdParty:1030 - CMSIS Pack Vendor :wolfSSL I-CUBE-wolfTPM 3.8.0
2026-02-02 10:55:02,735 [INFO] ThirdParty:1030 - CMSIS Pack Vendor :wolfSSL I-CUBE-wolfSSH 1.4.20
2026-02-02 10:55:02,735 [INFO] ThirdParty:1030 - CMSIS Pack Vendor :STMicroelectronics X-CUBE-NFC7 2.0.0
2026-02-02 10:55:02,735 [INFO] ThirdParty:1030 - CMSIS Pack Vendor :STMicroelectronics X-CUBE-TCPP 4.2.0
2026-02-02 10:55:02,735 [INFO] ThirdParty:1030 - CMSIS Pack Vendor :RealThread X-CUBE-RT-Thread_Nano 4.1.1
2026-02-02 10:55:02,735 [INFO] ThirdParty:1030 - CMSIS Pack Vendor :STMicroelectronics FP-SNS-MOTENVWB1 1.3.1
2026-02-02 10:55:02,735 [INFO] ThirdParty:1030 - CMSIS Pack Vendor :STMicroelectronics FP-ATR-SIGFOX1 3.2.0
2026-02-02 10:55:02,735 [INFO] ThirdParty:1030 - CMSIS Pack Vendor :quantropi X-CUBE-qispace-sdk-base 1.9.3
2026-02-02 10:55:02,735 [INFO] ThirdParty:1030 - CMSIS Pack Vendor :STMicroelectronics X-CUBE-ISPU 2.0.0
2026-02-02 10:55:02,735 [INFO] ThirdParty:1030 - CMSIS Pack Vendor :STMicroelectronics X-CUBE-EEPRMA1 5.1.0
2026-02-02 10:55:02,735 [INFO] ThirdParty:1030 - CMSIS Pack Vendor :STMicroelectronics MBEDTLS 2.16.2
2026-02-02 10:55:02,735 [INFO] ThirdParty:1030 - CMSIS Pack Vendor :STMicroelectronics X-CUBE-IPS 3.1.0
2026-02-02 10:55:02,735 [INFO] ThirdParty:1030 - CMSIS Pack Vendor :STMicroelectronics X-CUBE-ALS 1.0.2
2026-02-02 10:55:02,735 [INFO] ThirdParty:1030 - CMSIS Pack Vendor :STMicroelectronics X-CUBE-MEMS1 10.0.0
2026-02-02 10:55:02,735 [INFO] ThirdParty:1030 - CMSIS Pack Vendor :STMicroelectronics X-CUBE-FREERTOS 1.1.0
2026-02-02 10:55:02,735 [INFO] ThirdParty:1030 - CMSIS Pack Vendor :ITTIA_DB I-CUBE-ITTIADB 8.9.0
2026-02-02 10:55:02,735 [INFO] ThirdParty:1030 - CMSIS Pack Vendor :STMicroelectronics X-CUBE-TOUCHGFX 4.24.1
2026-02-02 10:55:02,735 [INFO] ThirdParty:1030 - CMSIS Pack Vendor :STMicroelectronics X-CUBE-STSE01 1.0.0
2026-02-02 10:55:02,735 [INFO] ThirdParty:1030 - CMSIS Pack Vendor :wolfSSL I-CUBE-wolfTPM 3.4.0
2026-02-02 10:55:02,735 [INFO] ThirdParty:1030 - CMSIS Pack Vendor :portGmbH I-Cube-SoM-uGOAL 1.1.0
2026-02-02 10:55:02,735 [INFO] ThirdParty:1030 - CMSIS Pack Vendor :STMicroelectronics X-CUBE-ALS 1.0.1
2026-02-02 10:55:02,735 [INFO] ThirdParty:1030 - CMSIS Pack Vendor :STMicroelectronics X-CUBE-NFC6 3.2.0
2026-02-02 10:55:02,735 [INFO] ThirdParty:1030 - CMSIS Pack Vendor :STMicroelectronics X-CUBE-ST67W61 1.0.0
2026-02-02 10:55:02,735 [INFO] ThirdParty:1030 - CMSIS Pack Vendor :STMicroelectronics X-CUBE-AI 10.2.0
2026-02-02 10:55:02,735 [INFO] ThirdParty:1030 - CMSIS Pack Vendor :STMicroelectronics ThreadX 1.0.0
2026-02-02 10:55:02,735 [INFO] ThirdParty:1030 - CMSIS Pack Vendor :SEGGER I-CUBE-embOS 1.3.1
2026-02-02 10:55:02,735 [INFO] ThirdParty:1030 - CMSIS Pack Vendor :STMicroelectronics X-CUBE-ALGOBUILD 1.4.0
2026-02-02 10:55:02,735 [INFO] ThirdParty:1030 - CMSIS Pack Vendor :STMicroelectronics X-CUBE-MEMS1 11.3.0
2026-02-02 10:55:02,735 [INFO] ThirdParty:1030 - CMSIS Pack Vendor :STMicroelectronics X-CUBE-AZRTOS-H7RS 1.0.0
2026-02-02 10:55:02,735 [INFO] ThirdParty:1030 - CMSIS Pack Vendor :STMicroelectronics FP-ATR-ASTRA1 2.0.0
2026-02-02 10:55:02,735 [INFO] ThirdParty:1030 - CMSIS Pack Vendor :STMicroelectronics X-CUBE-TOF1 3.4.2
2026-02-02 10:55:02,735 [INFO] ThirdParty:1030 - CMSIS Pack Vendor :STMicroelectronics X-CUBE-TOF1 3.4.3
2026-02-02 10:55:02,735 [INFO] ThirdParty:1030 - CMSIS Pack Vendor :STMicroelectronics X-CUBE-AI 9.1.0
2026-02-02 10:55:02,735 [INFO] ThirdParty:1030 - CMSIS Pack Vendor :STMicroelectronics X-CUBE-TOF1 3.4.0
2026-02-02 10:55:02,735 [INFO] ThirdParty:1030 - CMSIS Pack Vendor :STMicroelectronics X-CUBE-AZRTOS-H7 3.2.0
2026-02-02 10:55:02,735 [INFO] ThirdParty:1030 - CMSIS Pack Vendor :wolfSSL I-CUBE-wolfSSH 1.4.17
2026-02-02 10:55:02,736 [INFO] ThirdParty:841 - exiting critical section [change project]
2026-02-02 10:55:03,015 [INFO] PinOutPanel:1589 - setPackage(No Configuration,No Configuration)
2026-02-02 10:55:03,017 [INFO] PinOutPanel:1589 - setPackage(STM32F103C8Tx,LQFP48)
2026-02-02 10:55:03,486 [INFO] UtilMem:75 - Before build in PCC Used Memory: 215438768 Bytes (351272960)
2026-02-02 10:55:04,194 [INFO] UtilMem:75 - After build in PCC Used Memory: 287849224 Bytes (351272960)
2026-02-02 10:55:04,223 [INFO] IPUIPlugin:80 - create IPUIPlugin
2026-02-02 10:55:04,224 [INFO] IPUIPlugin:80 - create IPUIPlugin
2026-02-02 10:55:04,224 [INFO] IPUIPlugin:80 - create IPUIPlugin
2026-02-02 10:55:04,224 [INFO] IPUIPlugin:80 - create IPUIPlugin
2026-02-02 10:55:04,224 [INFO] IPUIPlugin:80 - create IPUIPlugin
2026-02-02 10:55:04,224 [INFO] IPUIPlugin:80 - create IPUIPlugin
2026-02-02 10:55:04,224 [INFO] IPUIPlugin:80 - create IPUIPlugin
2026-02-02 10:55:04,224 [INFO] IPUIPlugin:80 - create IPUIPlugin
2026-02-02 10:55:04,224 [INFO] IPUIPlugin:80 - create IPUIPlugin
2026-02-02 10:55:04,224 [INFO] IPUIPlugin:80 - create IPUIPlugin
2026-02-02 10:55:04,224 [INFO] IPUIPlugin:80 - create IPUIPlugin
2026-02-02 10:55:04,224 [INFO] IPUIPlugin:80 - create IPUIPlugin
2026-02-02 10:55:04,225 [INFO] IPUIPlugin:80 - create IPUIPlugin
2026-02-02 10:55:04,225 [INFO] IPUIPlugin:80 - create IPUIPlugin
2026-02-02 10:55:04,225 [INFO] IPUIPlugin:80 - create IPUIPlugin
2026-02-02 10:55:04,225 [INFO] IPUIPlugin:80 - create IPUIPlugin
2026-02-02 10:55:04,225 [INFO] IPUIPlugin:80 - create IPUIPlugin
2026-02-02 10:55:04,225 [INFO] IPUIPlugin:80 - create IPUIPlugin
2026-02-02 10:55:04,225 [INFO] IPUIPlugin:80 - create IPUIPlugin
2026-02-02 10:55:04,226 [INFO] IPUIPlugin:80 - create IPUIPlugin
2026-02-02 10:55:04,226 [INFO] IPUIPlugin:80 - create IPUIPlugin
2026-02-02 10:55:04,226 [INFO] IPUIPlugin:80 - create IPUIPlugin
2026-02-02 10:55:04,227 [INFO] IPUIPlugin:80 - create IPUIPlugin
2026-02-02 10:55:04,227 [INFO] IPUIPlugin:80 - create IPUIPlugin
2026-02-02 10:55:04,227 [INFO] IPUIPlugin:80 - create IPUIPlugin
2026-02-02 10:55:04,227 [INFO] IPUIPlugin:80 - create IPUIPlugin
2026-02-02 10:55:04,228 [INFO] IPUIPlugin:80 - create IPUIPlugin
2026-02-02 10:55:04,468 [INFO] CADModel:165 - CPN selected for project levelSTM32F103C8T6
2026-02-02 10:55:04,468 [INFO] CADModel:114 - Register for checkConnection events
2026-02-02 10:55:04,542 [INFO] OpenFileManager:386 - Restore cursor
2026-02-02 11:35:40,846 [INFO] WebApp:194 - Connection lost
2026-02-02 11:35:41,037 [INFO] WebApp:191 - Connection restablished
2026-02-02 11:44:22,839 [ERROR] LogOutputStream:75 - [STDERR_REDIRECT] 
