2026-01-09 00:26:50,610 [ERROR] LogOutputStream:75 - [STDERR_REDIRECT] 
2026-01-09 00:41:42,979 [INFO] Activator:176 - 


2026-01-09 00:41:42,981 [INFO] Activator:177 - !SESSION log4j initialized
2026-01-09 00:41:47,350 [INFO] LogOutputStream:77 - [STDOUT_REDIRECT] 
2026-01-09 00:41:48,195 [INFO] ApplicationProperties:184 - Using Application install path: C:\Users\MSI GF63\STM32CubeIDE_1.14.0\STM32CubeIDE\plugins\com.st.stm32cube.common.mx_6.15.0.202507011659
2026-01-09 00:41:48,216 [INFO] DbMcusXml:78 - Set database path to: C:\Users\MSI GF63\STM32CubeIDE_1.14.0\STM32CubeIDE\plugins\com.st.stm32cube.common.mx_6.15.0.202507011659\\db\/mcu/
2026-01-09 00:41:48,216 [INFO] ApiDb:274 - Set plugin database path to: C:\Users\MSI GF63\STM32CubeIDE_1.14.0\STM32CubeIDE\plugins\com.st.stm32cube.common.mx_6.15.0.202507011659\\db\/plugins/boardmanager/
2026-01-09 00:41:48,224 [WARN] ApiDb:259 - Overriding images path with different value:  => C:\Users\MSI GF63\STM32CubeIDE_1.14.0\STM32CubeIDE\plugins\com.st.stm32cube.common.mx_6.15.0.202507011659\\db\/plugins/mcufinder/images/
2026-01-09 00:41:48,237 [INFO] ApiDb:250 - Set database path to: C:\Users\MSI GF63\.stmcufinder\plugins\mcufinder//mcu/
2026-01-09 00:41:48,238 [INFO] DbMcusAds:125 - Set database path to: C:\Users\MSI GF63\.stmcufinder\plugins\mcufinder//mcu/
2026-01-09 00:41:48,250 [INFO] CrossReferenceDbSqlite:203 - Set database path to: C:\Users\MSI GF63\.stmcufinder\plugins\mcufinder//mcu/cs/
2026-01-09 00:41:48,435 [INFO] RulesReader:64 - Compatibility file has been processed (317 Rules)
2026-01-09 00:41:48,551 [INFO] DbMcusXml:78 - Set database path to: C:\Users\MSI GF63\STM32CubeIDE_1.14.0\STM32CubeIDE\plugins\com.st.stm32cube.common.mx_6.15.0.202507011659\\db\/mcu/
2026-01-09 00:41:48,551 [INFO] ApiDb:274 - Set plugin database path to: C:\Users\MSI GF63\STM32CubeIDE_1.14.0\STM32CubeIDE\plugins\com.st.stm32cube.common.mx_6.15.0.202507011659\\db\/plugins/boardmanager/
2026-01-09 00:41:48,551 [INFO] ApiDb:261 - Set plugin images path to: C:\Users\MSI GF63\STM32CubeIDE_1.14.0\STM32CubeIDE\plugins\com.st.stm32cube.common.mx_6.15.0.202507011659\\db\/plugins/mcufinder/images/
2026-01-09 00:41:48,552 [WARN] DbFile:41 - Overriding database path with different value: C:\Users\MSI GF63\.stmcufinder\plugins\mcufinder/ => C:\Users\MSI GF63\.stmcufinder\plugins\mcufinder
2026-01-09 00:41:48,552 [INFO] ApiDb:250 - Set database path to: C:\Users\MSI GF63\.stmcufinder\plugins\mcufinder//mcu/
2026-01-09 00:41:48,552 [WARN] DbFile:41 - Overriding database path with different value: C:\Users\MSI GF63\.stmcufinder\plugins\mcufinder/ => C:\Users\MSI GF63\.stmcufinder\plugins\mcufinder
2026-01-09 00:41:48,552 [INFO] DbMcusAds:125 - Set database path to: C:\Users\MSI GF63\.stmcufinder\plugins\mcufinder//mcu/
2026-01-09 00:41:48,552 [WARN] DbFile:41 - Overriding database path with different value: C:\Users\MSI GF63\.stmcufinder\plugins\mcufinder/ => C:\Users\MSI GF63\.stmcufinder\plugins\mcufinder
2026-01-09 00:41:48,552 [WARN] DbFile:41 - Overriding database path with different value: C:\Users\MSI GF63\.stmcufinder\plugins\mcufinder/ => C:\Users\MSI GF63\.stmcufinder\plugins\mcufinder
2026-01-09 00:41:48,552 [INFO] CrossReferenceDbSqlite:203 - Set database path to: C:\Users\MSI GF63\.stmcufinder\plugins\mcufinder//mcu/cs/
2026-01-09 00:41:48,658 [INFO] MainPanel:274 - HeapMemory: 268435456
2026-01-09 00:41:48,802 [INFO] DbMcusXml:78 - Set database path to: C:\Users\MSI GF63\STM32CubeIDE_1.14.0\STM32CubeIDE\plugins\com.st.stm32cube.common.mx_6.15.0.202507011659\\db\/mcu/
2026-01-09 00:41:48,802 [INFO] ApiDb:274 - Set plugin database path to: C:\Users\MSI GF63\STM32CubeIDE_1.14.0\STM32CubeIDE\plugins\com.st.stm32cube.common.mx_6.15.0.202507011659\\db\/plugins/boardmanager/
2026-01-09 00:41:48,802 [INFO] ApiDb:261 - Set plugin images path to: C:\Users\MSI GF63\STM32CubeIDE_1.14.0\STM32CubeIDE\plugins\com.st.stm32cube.common.mx_6.15.0.202507011659\\db\/plugins/mcufinder/images/
2026-01-09 00:41:48,804 [WARN] DbFile:41 - Overriding database path with different value: C:\Users\MSI GF63\.stmcufinder\plugins\mcufinder/ => C:\Users\MSI GF63\.stmcufinder\plugins\mcufinder
2026-01-09 00:41:48,804 [INFO] ApiDb:250 - Set database path to: C:\Users\MSI GF63\.stmcufinder\plugins\mcufinder//mcu/
2026-01-09 00:41:48,804 [WARN] DbFile:41 - Overriding database path with different value: C:\Users\MSI GF63\.stmcufinder\plugins\mcufinder/ => C:\Users\MSI GF63\.stmcufinder\plugins\mcufinder
2026-01-09 00:41:48,804 [INFO] DbMcusAds:125 - Set database path to: C:\Users\MSI GF63\.stmcufinder\plugins\mcufinder//mcu/
2026-01-09 00:41:48,804 [WARN] DbFile:41 - Overriding database path with different value: C:\Users\MSI GF63\.stmcufinder\plugins\mcufinder/ => C:\Users\MSI GF63\.stmcufinder\plugins\mcufinder
2026-01-09 00:41:48,804 [WARN] DbFile:41 - Overriding database path with different value: C:\Users\MSI GF63\.stmcufinder\plugins\mcufinder/ => C:\Users\MSI GF63\.stmcufinder\plugins\mcufinder
2026-01-09 00:41:48,804 [INFO] CrossReferenceDbSqlite:203 - Set database path to: C:\Users\MSI GF63\.stmcufinder\plugins\mcufinder//mcu/cs/
2026-01-09 00:41:48,830 [INFO] ApplicationProperties:184 - Using Application install path: C:\Users\MSI GF63\STM32CubeIDE_1.14.0\STM32CubeIDE\plugins\com.st.stm32cube.common.mx_6.15.0.202507011659
2026-01-09 00:41:48,831 [INFO] PluginManage:196 - Search for loadable plugins [exclusion list=, ]
2026-01-09 00:41:48,833 [INFO] PluginManage:310 - Check plugin analytics
2026-01-09 00:41:49,063 [INFO] AnalyticsPlugin:253 - Accepted Software Licenses: STM32CubeMX.6.13.0
2026-01-09 00:41:49,063 [INFO] AnalyticsPlugin:255 - Accepted CMSIS Pack Licenses: 
2026-01-09 00:41:49,063 [INFO] AnalyticsPlugin:257 - Accepted Firmware Licenses: FW.F4.1.28.0
2026-01-09 00:41:49,066 [INFO] PluginManage:359 - Loaded plugin analytics (category:tool,tabindex:-1)
2026-01-09 00:41:49,067 [INFO] PluginManage:310 - Check plugin cadmodel
2026-01-09 00:41:49,072 [INFO] CADModel:105 - Init CAD model plugin
2026-01-09 00:41:49,073 [INFO] PluginManage:359 - Loaded plugin cadmodel (category:power,tabindex:5)
2026-01-09 00:41:49,073 [INFO] PluginManage:310 - Check plugin clock
2026-01-09 00:41:49,084 [INFO] PluginManage:359 - Loaded plugin clock (category:base,tabindex:2)
2026-01-09 00:41:49,084 [INFO] PluginManage:310 - Check plugin ddr
2026-01-09 00:41:49,087 [INFO] PluginManage:359 - Loaded plugin ddr (category:tool,tabindex:6)
2026-01-09 00:41:49,088 [INFO] PluginManage:310 - Check plugin filemanager
2026-01-09 00:41:49,302 [INFO] PluginManage:359 - Loaded plugin filemanager (category:base,tabindex:10)
2026-01-09 00:41:49,302 [INFO] PluginManage:310 - Check plugin ipmanager
2026-01-09 00:41:49,312 [INFO] PluginManage:359 - Loaded plugin ipmanager (category:base,tabindex:5)
2026-01-09 00:41:49,312 [INFO] PluginManage:310 - Check plugin lpbam
2026-01-09 00:41:49,322 [INFO] PluginManage:359 - Loaded plugin lpbam (category:base,tabindex:0)
2026-01-09 00:41:49,322 [INFO] PluginManage:310 - Check plugin memorymap
2026-01-09 00:41:49,341 [INFO] PluginManage:359 - Loaded plugin memorymap (category:base,tabindex:4)
2026-01-09 00:41:49,342 [INFO] PluginManage:310 - Check plugin pinoutandconfiguration
2026-01-09 00:41:49,351 [INFO] PluginManage:359 - Loaded plugin pinoutandconfiguration (category:base,tabindex:1)
2026-01-09 00:41:49,351 [INFO] PluginManage:310 - Check plugin pinoutconfig
2026-01-09 00:41:49,467 [WARN] SupportedApi:132 - Cannot load RTOS API schema: s4s-elt-must-match.1: The content of 'definitions' must match (annotation?, (simpleType | complexType)?, (unique | key | keyref)*)). A problem was found starting at: attribute.
2026-01-09 00:41:49,680 [INFO] PluginManage:359 - Loaded plugin pinoutconfig (category:base,tabindex:0)
2026-01-09 00:41:49,680 [INFO] PluginManage:310 - Check plugin power
2026-01-09 00:41:49,691 [INFO] PluginManage:359 - Loaded plugin power (category:power,tabindex:4)
2026-01-09 00:41:49,691 [INFO] PluginManage:310 - Check plugin projectmanager
2026-01-09 00:41:49,710 [INFO] PluginManage:359 - Loaded plugin projectmanager (category:projectmanager,tabindex:4)
2026-01-09 00:41:49,710 [INFO] PluginManage:310 - Check plugin rif
2026-01-09 00:41:49,728 [INFO] PluginManage:359 - Loaded plugin rif (category:base,tabindex:3)
2026-01-09 00:41:49,728 [INFO] PluginManage:310 - Check plugin thirdparty
2026-01-09 00:41:49,896 [INFO] PluginManage:359 - Loaded plugin thirdparty (category:base,tabindex:-1)
2026-01-09 00:41:49,896 [WARN] IntegrityCheckThread:84 - waiting for thirdparty lock release [integrity check]
2026-01-09 00:41:49,896 [INFO] PluginManage:310 - Check plugin tools
2026-01-09 00:41:49,896 [INFO] IntegrityCheckThread:86 - entering critical section [integrity check]
2026-01-09 00:41:49,896 [INFO] ThirdPartyUpdaterWithRetryManager:70 - Updater plugin not ready yet. [1/15]
2026-01-09 00:41:49,899 [INFO] PluginManage:359 - Loaded plugin tools (category:base,tabindex:7)
2026-01-09 00:41:49,899 [INFO] PluginManage:310 - Check plugin tutovideos
2026-01-09 00:41:50,247 [INFO] PluginManage:359 - Loaded plugin tutovideos (category:base,tabindex:-1)
2026-01-09 00:41:50,247 [INFO] PluginManage:310 - Check plugin updater
2026-01-09 00:41:50,268 [INFO] PluginManage:359 - Loaded plugin updater (category:base,tabindex:12)
2026-01-09 00:41:50,268 [INFO] PluginManage:310 - Check plugin userauth
2026-01-09 00:41:50,273 [INFO] UserAuth:118 - Init User Auth plugin
2026-01-09 00:41:50,274 [INFO] PluginManage:359 - Loaded plugin userauth (category:base,tabindex:14)
2026-01-09 00:41:50,275 [INFO] PluginManage:283 - PluginManage : Loaded plugins [18]
2026-01-09 00:41:50,536 [INFO] PinOutPanel:1589 - setPackage(No Configuration,No Configuration)
2026-01-09 00:41:50,617 [INFO] CADModel:165 - CPN selected for project level
2026-01-09 00:41:50,617 [INFO] CADModel:114 - Register for checkConnection events
2026-01-09 00:41:50,637 [INFO] IPUIPlugin:80 - create IPUIPlugin
2026-01-09 00:41:50,637 [INFO] PluginManager:220 - loadIPPluginJar : add adc
2026-01-09 00:41:50,641 [INFO] IPUIPlugin:80 - create IPUIPlugin
2026-01-09 00:41:50,641 [INFO] PluginManager:220 - loadIPPluginJar : add aes
2026-01-09 00:41:50,644 [INFO] IPUIPlugin:80 - create IPUIPlugin
2026-01-09 00:41:50,644 [INFO] PluginManager:220 - loadIPPluginJar : add can
2026-01-09 00:41:50,646 [INFO] IPUIPlugin:80 - create IPUIPlugin
2026-01-09 00:41:50,646 [INFO] PluginManager:220 - loadIPPluginJar : add comp
2026-01-09 00:41:50,648 [INFO] IPUIPlugin:80 - create IPUIPlugin
2026-01-09 00:41:50,648 [INFO] PluginManager:220 - loadIPPluginJar : add cryp
2026-01-09 00:41:50,652 [INFO] IPUIPlugin:80 - create IPUIPlugin
2026-01-09 00:41:50,652 [INFO] PluginManager:220 - loadIPPluginJar : add ddr_ctrl_phy
2026-01-09 00:41:50,655 [INFO] IPUIPlugin:80 - create IPUIPlugin
2026-01-09 00:41:50,655 [INFO] PluginManager:220 - loadIPPluginJar : add dfsdm
2026-01-09 00:41:50,659 [INFO] IPUIPlugin:80 - create IPUIPlugin
2026-01-09 00:41:50,660 [INFO] PluginManager:220 - loadIPPluginJar : add dma
2026-01-09 00:41:50,663 [INFO] IPUIPlugin:80 - create IPUIPlugin
2026-01-09 00:41:50,663 [INFO] PluginManager:220 - loadIPPluginJar : add dma3
2026-01-09 00:41:50,665 [INFO] IPUIPlugin:80 - create IPUIPlugin
2026-01-09 00:41:50,666 [INFO] PluginManager:220 - loadIPPluginJar : add extmemmanager
2026-01-09 00:41:50,667 [INFO] IPUIPlugin:80 - create IPUIPlugin
2026-01-09 00:41:50,667 [INFO] PluginManager:220 - loadIPPluginJar : add fatfs
2026-01-09 00:41:50,672 [INFO] IPUIPlugin:80 - create IPUIPlugin
2026-01-09 00:41:50,672 [INFO] PluginManager:220 - loadIPPluginJar : add fmc
2026-01-09 00:41:50,679 [INFO] IPUIPlugin:80 - create IPUIPlugin
2026-01-09 00:41:50,679 [INFO] PluginManager:220 - loadIPPluginJar : add freertos
2026-01-09 00:41:50,681 [INFO] IPUIPlugin:80 - create IPUIPlugin
2026-01-09 00:41:50,681 [INFO] PluginManager:220 - loadIPPluginJar : add genericplugin
2026-01-09 00:41:50,683 [INFO] IPUIPlugin:80 - create IPUIPlugin
2026-01-09 00:41:50,683 [INFO] PluginManager:220 - loadIPPluginJar : add gfxmmu
2026-01-09 00:41:50,687 [INFO] IPUIPlugin:80 - create IPUIPlugin
2026-01-09 00:41:50,687 [INFO] PluginManager:220 - loadIPPluginJar : add gic
2026-01-09 00:41:50,691 [INFO] IPUIPlugin:80 - create IPUIPlugin
2026-01-09 00:41:50,691 [INFO] PluginManager:220 - loadIPPluginJar : add gpio
2026-01-09 00:41:50,694 [INFO] IPUIPlugin:80 - create IPUIPlugin
2026-01-09 00:41:50,694 [INFO] PluginManager:220 - loadIPPluginJar : add gtzc
2026-01-09 00:41:50,696 [INFO] IPUIPlugin:80 - create IPUIPlugin
2026-01-09 00:41:50,696 [INFO] PluginManager:220 - loadIPPluginJar : add hash
2026-01-09 00:41:50,699 [INFO] IPUIPlugin:80 - create IPUIPlugin
2026-01-09 00:41:50,700 [INFO] PluginManager:220 - loadIPPluginJar : add i2c
2026-01-09 00:41:50,702 [INFO] IPUIPlugin:80 - create IPUIPlugin
2026-01-09 00:41:50,702 [INFO] PluginManager:220 - loadIPPluginJar : add i2s
2026-01-09 00:41:50,705 [INFO] IPUIPlugin:80 - create IPUIPlugin
2026-01-09 00:41:50,705 [INFO] PluginManager:220 - loadIPPluginJar : add i3c
2026-01-09 00:41:50,708 [INFO] IPUIPlugin:80 - create IPUIPlugin
2026-01-09 00:41:50,709 [INFO] PluginManager:220 - loadIPPluginJar : add ipddr
2026-01-09 00:41:50,715 [INFO] IPUIPlugin:80 - create IPUIPlugin
2026-01-09 00:41:50,715 [INFO] PluginManager:220 - loadIPPluginJar : add linkedlist
2026-01-09 00:41:50,718 [INFO] IPUIPlugin:80 - create IPUIPlugin
2026-01-09 00:41:50,718 [INFO] PluginManager:220 - loadIPPluginJar : add lorawan
2026-01-09 00:41:50,720 [INFO] IPUIPlugin:80 - create IPUIPlugin
2026-01-09 00:41:50,720 [INFO] PluginManager:220 - loadIPPluginJar : add ltdc
2026-01-09 00:41:50,725 [INFO] IPUIPlugin:80 - create IPUIPlugin
2026-01-09 00:41:50,725 [INFO] PluginManager:220 - loadIPPluginJar : add mdma
2026-01-09 00:41:50,728 [INFO] IPUIPlugin:80 - create IPUIPlugin
2026-01-09 00:41:50,728 [INFO] PluginManager:220 - loadIPPluginJar : add nvic
2026-01-09 00:41:50,731 [INFO] IPUIPlugin:80 - create IPUIPlugin
2026-01-09 00:41:50,731 [INFO] PluginManager:220 - loadIPPluginJar : add opamp
2026-01-09 00:41:50,735 [INFO] IPUIPlugin:80 - create IPUIPlugin
2026-01-09 00:41:50,735 [INFO] PluginManager:220 - loadIPPluginJar : add openamp
2026-01-09 00:41:50,738 [INFO] IPUIPlugin:80 - create IPUIPlugin
2026-01-09 00:41:50,739 [INFO] PluginManager:220 - loadIPPluginJar : add pdm2pcm
2026-01-09 00:41:50,744 [INFO] IPUIPlugin:80 - create IPUIPlugin
2026-01-09 00:41:50,746 [INFO] PluginManager:220 - loadIPPluginJar : add plateformsettings
2026-01-09 00:41:50,748 [INFO] IPUIPlugin:80 - create IPUIPlugin
2026-01-09 00:41:50,748 [INFO] PluginManager:220 - loadIPPluginJar : add quadspi
2026-01-09 00:41:50,749 [INFO] IPUIPlugin:80 - create IPUIPlugin
2026-01-09 00:41:50,750 [INFO] PluginManager:220 - loadIPPluginJar : add radio
2026-01-09 00:41:50,753 [INFO] IPUIPlugin:80 - create IPUIPlugin
2026-01-09 00:41:50,753 [INFO] PluginManager:220 - loadIPPluginJar : add resmgrutility
2026-01-09 00:41:50,756 [INFO] IPUIPlugin:80 - create IPUIPlugin
2026-01-09 00:41:50,756 [INFO] PluginManager:220 - loadIPPluginJar : add sai
2026-01-09 00:41:50,758 [INFO] IPUIPlugin:80 - create IPUIPlugin
2026-01-09 00:41:50,759 [INFO] PluginManager:220 - loadIPPluginJar : add spi
2026-01-09 00:41:50,764 [INFO] IPUIPlugin:80 - create IPUIPlugin
2026-01-09 00:41:50,765 [INFO] PluginManager:220 - loadIPPluginJar : add stm32_wpan
2026-01-09 00:41:50,766 [INFO] IPUIPlugin:80 - create IPUIPlugin
2026-01-09 00:41:50,767 [INFO] PluginManager:220 - loadIPPluginJar : add tim
2026-01-09 00:41:50,769 [INFO] IPUIPlugin:80 - create IPUIPlugin
2026-01-09 00:41:50,770 [INFO] PluginManager:220 - loadIPPluginJar : add touchsensing
2026-01-09 00:41:50,771 [INFO] IPUIPlugin:80 - create IPUIPlugin
2026-01-09 00:41:50,771 [INFO] PluginManager:220 - loadIPPluginJar : add tracer_emb
2026-01-09 00:41:50,773 [INFO] IPUIPlugin:80 - create IPUIPlugin
2026-01-09 00:41:50,773 [INFO] PluginManager:220 - loadIPPluginJar : add ts
2026-01-09 00:41:50,775 [INFO] IPUIPlugin:80 - create IPUIPlugin
2026-01-09 00:41:50,775 [INFO] PluginManager:220 - loadIPPluginJar : add tsc
2026-01-09 00:41:50,777 [INFO] IPUIPlugin:80 - create IPUIPlugin
2026-01-09 00:41:50,777 [INFO] PluginManager:220 - loadIPPluginJar : add ucpd
2026-01-09 00:41:50,781 [INFO] IPUIPlugin:80 - create IPUIPlugin
2026-01-09 00:41:50,781 [INFO] PluginManager:220 - loadIPPluginJar : add usart
2026-01-09 00:41:50,784 [INFO] IPUIPlugin:80 - create IPUIPlugin
2026-01-09 00:41:50,784 [INFO] PluginManager:220 - loadIPPluginJar : add usbx
2026-01-09 00:41:50,920 [FATAL] Updater:351 - Updater called before beeing initialized
2026-01-09 00:41:50,943 [INFO] RulesReader:64 - Compatibility file has been processed (317 Rules)
2026-01-09 00:41:50,954 [INFO] RulesReader:64 - Compatibility file has been processed (317 Rules)
2026-01-09 00:41:50,962 [INFO] CADModel:165 - CPN selected for project level
2026-01-09 00:41:50,962 [INFO] CADModel:114 - Register for checkConnection events
2026-01-09 00:41:50,962 [FATAL] Updater:351 - Updater called before beeing initialized
2026-01-09 00:41:50,962 [ERROR] CADModel:125 - Updater not yet initialized, retry later 
2026-01-09 00:41:51,100 [FATAL] Updater:351 - Updater called before beeing initialized
2026-01-09 00:41:51,102 [INFO] CADModel:165 - CPN selected for project level
2026-01-09 00:41:51,102 [INFO] CADModel:114 - Register for checkConnection events
2026-01-09 00:41:51,102 [FATAL] Updater:351 - Updater called before beeing initialized
2026-01-09 00:41:51,102 [ERROR] CADModel:125 - Updater not yet initialized, retry later 
2026-01-09 00:41:51,105 [FATAL] Updater:351 - Updater called before beeing initialized
2026-01-09 00:41:51,199 [FATAL] Updater:351 - Updater called before beeing initialized
2026-01-09 00:41:51,203 [INFO] DbMcusAds:53 - JSON generation date=Tue Dec 16 04:41:46 IST 2025 (1765840306612)
2026-01-09 00:41:51,203 [FATAL] Updater:351 - Updater called before beeing initialized
2026-01-09 00:41:51,239 [WARN] DetailPanel:346 - Failed to get advertising image, set to default
2026-01-09 00:41:51,326 [FATAL] Updater:351 - Updater called before beeing initialized
2026-01-09 00:41:51,328 [FATAL] Updater:351 - Updater called before beeing initialized
2026-01-09 00:41:51,328 [FATAL] Updater:351 - Updater called before beeing initialized
2026-01-09 00:41:51,328 [WARN] DetailPanel:346 - Failed to get advertising image, set to default
2026-01-09 00:41:51,329 [FATAL] Updater:351 - Updater called before beeing initialized
2026-01-09 00:41:51,372 [ERROR] Updater:1198 - MainUpdater not yet initialized. External WinMGr cannot be set.
2026-01-09 00:41:51,374 [INFO] Updater:1134 - Updater Version found : 6.15.0
2026-01-09 00:41:51,388 [INFO] ApplicationProperties:184 - Using Application install path: C:\Users\MSI GF63\STM32CubeIDE_1.14.0\STM32CubeIDE\plugins\com.st.stm32cube.common.mx_6.15.0.202507011659
2026-01-09 00:41:51,901 [INFO] MainUpdater:2872 - connection check result : 10
2026-01-09 00:41:51,902 [INFO] MainUpdater:289 - Updater Check For Update Now.
2026-01-09 00:41:51,902 [INFO] MicroXplorer:498 - Change Database Version : DB.6.0.150
2026-01-09 00:41:51,908 [INFO] McuFinderGlobals:63 - Set McuFinder mode to 2 (CubeIDE integrated)
2026-01-09 00:41:51,909 [INFO] UserAuth:487 - Internet connection configuration mode: 1
2026-01-09 00:41:51,929 [INFO] JxBrowserEngine:152 - Initiate JxBrowser Engine with user profile folder
2026-01-09 00:41:52,069 [INFO] CheckServerUpdateThread:120 - End of CheckServer Thread
2026-01-09 00:41:52,394 [INFO] McuFinderGlobals:63 - Set McuFinder mode to 2 (CubeIDE integrated)
2026-01-09 00:41:52,399 [INFO] MainUpdater:2872 - connection check result : 10
2026-01-09 00:41:52,400 [INFO] MainUpdater:2872 - connection check result : 10
2026-01-09 00:41:52,436 [INFO] MicroXplorer:468 - Change Database Path : 
2026-01-09 00:41:52,436 [INFO] MicroXplorer:498 - Change Database Version : DB.6.0.150
2026-01-09 00:41:52,441 [WARN] ThirdParty:871 - waiting for thirdparty lock release [close project]
2026-01-09 00:41:52,863 [INFO] WebApp:169 - Instantiating new browser for Auth
2026-01-09 00:41:53,249 [WARN] PackLoader:240 - Cannot read IP mode file for STMicroelectronics.FP-SNS-MOTENVWB1.1.4.0
2026-01-09 00:41:53,260 [WARN] PackLoader:240 - Cannot read IP mode file for STMicroelectronics.FP-ATR-ASTRA1.2.0.2
2026-01-09 00:41:53,266 [WARN] PackLoader:240 - Cannot read IP mode file for STMicroelectronics.FP-ATR-ASTRA1.2.0.1
2026-01-09 00:41:53,277 [WARN] PackLoader:240 - Cannot read IP mode file for STMicroelectronics.X-CUBE-SMBUS.2.1.0
2026-01-09 00:41:53,297 [WARN] PackLoader:240 - Cannot read IP mode file for STMicroelectronics.X-CUBE-WB05N.1.1.0
2026-01-09 00:41:53,303 [WARN] PackLoader:240 - Cannot read IP mode file for STMicroelectronics.X-CUBE-ST60.1.0.0
2026-01-09 00:41:53,312 [WARN] PackLoader:240 - Cannot read IP mode file for STMicroelectronics.X-CUBE-TOUCHGFX.4.23.0
2026-01-09 00:41:53,339 [WARN] PackLoader:240 - Cannot read IP mode file for STMicroelectronics.X-CUBE-AZRTOS-F7.1.1.0
2026-01-09 00:41:53,351 [WARN] PackLoader:240 - Cannot read IP mode file for Cesanta.I-CUBE-Mongoose.7.19.0
2026-01-09 00:41:53,357 [WARN] PackLoader:240 - Cannot read IP mode file for STMicroelectronics.FP-SNS-MOTENV1.4.3.2
2026-01-09 00:41:53,424 [WARN] PackLoader:240 - Cannot read IP mode file for STMicroelectronics.X-CUBE-MEMS1.11.0.0
2026-01-09 00:41:53,531 [WARN] PackLoader:240 - Cannot read IP mode file for STMicroelectronics.FP-SNS-MOTENV1.5.1.0
2026-01-09 00:41:53,542 [WARN] PackLoader:240 - Cannot read IP mode file for WES.I-CUBE-Cesium.1.4.0
2026-01-09 00:41:53,547 [WARN] PackLoader:240 - Cannot read IP mode file for STMicroelectronics.FP-SNS-FLIGHT1.5.0.2
2026-01-09 00:41:53,579 [WARN] PackLoader:240 - Cannot read IP mode file for Infineon.AIROC-Wi-Fi-Bluetooth-STM32.1.7.0
2026-01-09 00:41:53,627 [WARN] PackLoader:240 - Cannot read IP mode file for Infineon.AIROC-Wi-Fi-Bluetooth-STM32.1.7.1
2026-01-09 00:41:53,656 [WARN] PackLoader:240 - Cannot read IP mode file for STMicroelectronics.X-CUBE-AZRTOS-H7.3.4.0
2026-01-09 00:41:53,666 [WARN] PackLoader:240 - Cannot read IP mode file for STMicroelectronics.X-CUBE-DISPLAY.3.0.0
2026-01-09 00:41:53,673 [WARN] PackLoader:240 - Cannot read IP mode file for STMicroelectronics.X-CUBE-BLE1.7.0.0
2026-01-09 00:41:53,681 [WARN] PackLoader:240 - Cannot read IP mode file for STMicroelectronics.X-CUBE-NFC10.1.0.0
2026-01-09 00:41:53,692 [WARN] PackLoader:240 - Cannot read IP mode file for STMicroelectronics.X-CUBE-BLEMGR.4.0.0
2026-01-09 00:41:53,701 [WARN] PackLoader:240 - Cannot read IP mode file for STMicroelectronics.X-CUBE-ST60.1.1.0
2026-01-09 00:41:53,708 [WARN] PackLoader:240 - Cannot read IP mode file for emotas.I-CUBE-CANOPEN.1.3.0
2026-01-09 00:41:53,718 [WARN] PackLoader:240 - Cannot read IP mode file for STMicroelectronics.X-CUBE-GNSS1.7.1.0
2026-01-09 00:41:53,724 [WARN] PackLoader:240 - Cannot read IP mode file for STMicroelectronics.X-CUBE-TOUCHGFX.4.22.1
2026-01-09 00:41:53,730 [WARN] ConditionMgr:438 - getConditionDescription Invalid condition id : Cortex-A Device cause : null
2026-01-09 00:41:53,751 [WARN] ConditionMgr:1044 - genDependencies : Invalid condition id : Cortex-A Device cause : null
2026-01-09 00:41:53,752 [WARN] ConditionMgr:1044 - genDependencies : Invalid condition id : Cortex-A Device cause : null
2026-01-09 00:41:53,752 [WARN] ConditionMgr:1044 - genDependencies : Invalid condition id : Cortex-A Device cause : null
2026-01-09 00:41:53,764 [WARN] PackLoader:240 - Cannot read IP mode file for STMicroelectronics.FP-SNS-STBOX1.2.1.0
2026-01-09 00:41:53,773 [WARN] PackLoader:240 - Cannot read IP mode file for STMicroelectronics.FP-SNS-SMARTAG2.1.2.0
2026-01-09 00:41:53,780 [WARN] PackLoader:240 - Cannot read IP mode file for STMicroelectronics.FP-SNS-FLIGHT1.5.1.0
2026-01-09 00:41:53,795 [INFO] LogOutputStream:77 - [STDOUT_REDIRECT] 1 : Invalid condition id : UX_CORESTACK_Condition cause : null
2026-01-09 00:41:53,795 [INFO] LogOutputStream:77 - [STDOUT_REDIRECT] 1 : Invalid condition id : UX_CORESTACK_Condition cause : null
2026-01-09 00:41:53,797 [INFO] LogOutputStream:77 - [STDOUT_REDIRECT] 1 : Invalid condition id : UX_CORESTACK_Condition cause : null
2026-01-09 00:41:53,799 [INFO] LogOutputStream:77 - [STDOUT_REDIRECT] 1 : Invalid condition id : UX_CORESTACK_Condition cause : null
2026-01-09 00:41:53,801 [INFO] LogOutputStream:77 - [STDOUT_REDIRECT] 1 : Invalid condition id : UX_CORESTACK_Condition cause : null
2026-01-09 00:41:53,805 [WARN] PackLoader:240 - Cannot read IP mode file for STMicroelectronics.X-CUBE-AZRTOS-WL.2.0.0
2026-01-09 00:41:53,815 [WARN] PackLoader:240 - Cannot read IP mode file for STMicroelectronics.FP-SNS-MOTENV1.5.0.0
2026-01-09 00:41:53,836 [WARN] PackLoader:240 - Cannot read IP mode file for STMicroelectronics.X-CUBE-AZRTOS-H7RS.1.2.0
2026-01-09 00:41:53,849 [WARN] PackLoader:240 - Cannot read IP mode file for wolfSSL.I-CUBE-wolfMQTT.1.19.0
2026-01-09 00:41:53,856 [WARN] PackLoader:240 - Cannot read IP mode file for WES.I-CUBE-Cesium.1.3.0
2026-01-09 00:41:53,863 [WARN] PackLoader:240 - Cannot read IP mode file for STMicroelectronics.X-CUBE-BLE2.3.3.0
2026-01-09 00:41:53,866 [INFO] WebApp:463 - Apply proxy settings
2026-01-09 00:41:53,867 [INFO] WebApp:548 - Chromium requires no authentication
2026-01-09 00:41:53,883 [INFO] WebApp:491 - Direct internet connection detected
2026-01-09 00:41:53,888 [WARN] PackLoader:240 - Cannot read IP mode file for STMicroelectronics.X-CUBE-NFC9.1.0.0
2026-01-09 00:41:53,896 [WARN] PackLoader:240 - Cannot read IP mode file for wolfSSL.I-CUBE-wolfSSL.5.8.0
2026-01-09 00:41:53,903 [WARN] PackLoader:240 - Cannot read IP mode file for wolfSSL.I-CUBE-wolfSSL.5.8.2
2026-01-09 00:41:53,910 [WARN] PackLoader:240 - Cannot read IP mode file for STMicroelectronics.X-CUBE-BLE1.7.1.0
2026-01-09 00:41:53,915 [WARN] PackLoader:240 - Cannot read IP mode file for wolfSSL.I-CUBE-wolfMQTT.1.19.2
2026-01-09 00:41:53,923 [WARN] PackLoader:240 - Cannot read IP mode file for STMicroelectronics.X-CUBE-TCPP.4.1.0
2026-01-09 00:41:53,929 [INFO] WebApp:900 - Register for checkConnection events
2026-01-09 00:41:53,929 [INFO] WebApp:463 - Apply proxy settings
2026-01-09 00:41:53,929 [INFO] WebApp:548 - Chromium requires no authentication
2026-01-09 00:41:53,930 [INFO] WebApp:491 - Direct internet connection detected
2026-01-09 00:41:53,932 [WARN] PackLoader:240 - Cannot read IP mode file for STMicroelectronics.X-CUBE-FREERTOS.1.4.0
2026-01-09 00:41:53,938 [WARN] PackLoader:240 - Cannot read IP mode file for STMicroelectronics.X-CUBE-EEPRMA1.5.2.0
2026-01-09 00:41:53,946 [WARN] PackLoader:240 - Cannot read IP mode file for STMicroelectronics.X-CUBE-ST67W61.1.1.0
2026-01-09 00:41:53,952 [WARN] PackLoader:240 - Cannot read IP mode file for STMicroelectronics.X-CUBE-AI.10.1.0
2026-01-09 00:41:53,984 [WARN] PackLoader:240 - Cannot read IP mode file for STMicroelectronics.X-CUBE-MEMS1.12.0.0
2026-01-09 00:41:54,038 [WARN] PackLoader:240 - Cannot read IP mode file for STMicroelectronics.X-CUBE-ALGOBUILD.1.3.0
2026-01-09 00:41:54,048 [WARN] PackLoader:240 - Cannot read IP mode file for STMicroelectronics.X-CUBE-AZRTOS-G0.1.1.0
2026-01-09 00:41:54,055 [WARN] PackLoader:240 - Cannot read IP mode file for STMicroelectronics.X-CUBE-SAFEA1.1.2.2
2026-01-09 00:41:54,061 [WARN] PackLoader:240 - Cannot read IP mode file for STMicroelectronics.X-CUBE-NFC4.3.0.0
2026-01-09 00:41:54,069 [WARN] PackLoader:240 - Cannot read IP mode file for EmbeddedOffice.I-CUBE-FS-RTOS.1.0.1
2026-01-09 00:41:54,076 [WARN] PackLoader:240 - Cannot read IP mode file for STMicroelectronics.X-CUBE-WB05N.2.0.0
2026-01-09 00:41:54,084 [WARN] PackLoader:240 - Cannot read IP mode file for STMicroelectronics.X-CUBE-BLEMGR.3.0.0
2026-01-09 00:41:54,091 [WARN] PackLoader:240 - Cannot read IP mode file for wolfSSL.I-CUBE-wolfTPM.3.8.0
2026-01-09 00:41:54,095 [WARN] PackLoader:240 - Cannot read IP mode file for STMicroelectronics.X-CUBE-TCPP.4.2.0
2026-01-09 00:41:54,102 [WARN] PackLoader:240 - Cannot read IP mode file for RealThread.X-CUBE-RT-Thread_Nano.4.1.1
2026-01-09 00:41:54,106 [WARN] PackLoader:240 - Cannot read IP mode file for STMicroelectronics.FP-ATR-SIGFOX1.3.2.0
2026-01-09 00:41:54,109 [WARN] ConditionMgr:438 - getConditionDescription Invalid condition id : Cortex-A Device cause : null
2026-01-09 00:41:54,116 [WARN] ConditionMgr:1044 - genDependencies : Invalid condition id : Cortex-A Device cause : null
2026-01-09 00:41:54,116 [WARN] ConditionMgr:1044 - genDependencies : Invalid condition id : Cortex-A Device cause : null
2026-01-09 00:41:54,116 [WARN] ConditionMgr:1044 - genDependencies : Invalid condition id : Cortex-A Device cause : null
2026-01-09 00:41:54,121 [WARN] PackLoader:240 - Cannot read IP mode file for STMicroelectronics.X-CUBE-EEPRMA1.5.1.0
2026-01-09 00:41:54,128 [WARN] PackLoader:240 - Cannot read IP mode file for ITTIA_DB.I-CUBE-ITTIADB.8.9.0
2026-01-09 00:41:54,136 [WARN] PackLoader:240 - Cannot read IP mode file for STMicroelectronics.X-CUBE-ST67W61.1.0.0
2026-01-09 00:41:54,140 [WARN] PackLoader:240 - Cannot read IP mode file for STMicroelectronics.X-CUBE-AI.10.2.0
2026-01-09 00:41:54,164 [WARN] PackLoader:240 - Cannot read IP mode file for SEGGER.I-CUBE-embOS.1.3.1
2026-01-09 00:41:54,189 [WARN] PackLoader:240 - Cannot read IP mode file for STMicroelectronics.X-CUBE-ALGOBUILD.1.4.0
2026-01-09 00:41:54,224 [WARN] PackLoader:240 - Cannot read IP mode file for STMicroelectronics.X-CUBE-MEMS1.11.3.0
2026-01-09 00:41:54,236 [INFO] WebApp:191 - Connection restablished
2026-01-09 00:41:54,277 [INFO] WebApp:225 - Starting web application
2026-01-09 00:41:54,277 [INFO] WebApp:593 - Web application path used C:\Users\MSI GF63\STM32CubeIDE_1.14.0\STM32CubeIDE\plugins\com.st.stm32cube.common.mx_6.15.0.202507011659\db\plugins\mcufinder\reactClient1\index.html
2026-01-09 00:41:54,365 [WARN] PackLoader:240 - Cannot read IP mode file for STMicroelectronics.X-CUBE-AI.9.1.0
2026-01-09 00:41:54,373 [WARN] PackLoader:240 - Cannot read IP mode file for STMicroelectronics.X-CUBE-PM33A1.1.0.0
2026-01-09 00:41:54,382 [WARN] PackLoader:240 - Cannot read IP mode file for STMicroelectronics.X-CUBE-GNSS1.6.0.0
2026-01-09 00:41:54,400 [WARN] PackLoader:240 - Cannot read IP mode file for STMicroelectronics.X-CUBE-AZRTOS-F4.1.1.0
2026-01-09 00:41:54,429 [WARN] PackLoader:240 - Cannot read IP mode file for wolfSSL.I-CUBE-wolfSSL.5.6.4
2026-01-09 00:41:54,437 [WARN] PackLoader:240 - Cannot read IP mode file for Avnet-IotConnect.X-CUBE-IoTC-DA16k-PMOD.1.0.0
2026-01-09 00:41:54,443 [WARN] PackLoader:240 - Cannot read IP mode file for STMicroelectronics.X-CUBE-ISPU.2.1.0
2026-01-09 00:41:54,466 [WARN] PackLoader:240 - Cannot read IP mode file for STMicroelectronics.X-CUBE-IPS.3.2.0
2026-01-09 00:41:54,467 [INFO] UserAuth:487 - Internet connection configuration mode: 1
2026-01-09 00:41:54,478 [WARN] PackLoader:240 - Cannot read IP mode file for wolfSSL.I-CUBE-wolfSSL.5.6.6
2026-01-09 00:41:54,488 [WARN] PackLoader:240 - Cannot read IP mode file for STMicroelectronics.X-CUBE-NFC12.1.0.0
2026-01-09 00:41:54,505 [WARN] PackLoader:240 - Cannot read IP mode file for STMicroelectronics.X-CUBE-AZRTOS-L5.2.0.0
2026-01-09 00:41:54,513 [WARN] PackLoader:240 - Cannot read IP mode file for STMicroelectronics.X-CUBE-EEPRMA1.4.2.0
2026-01-09 00:41:54,524 [WARN] PackLoader:240 - Cannot read IP mode file for STMicroelectronics.X-CUBE-NFC6.3.1.0
2026-01-09 00:41:54,533 [WARN] PackLoader:240 - Cannot read IP mode file for ITTIA_DB.I-CUBE-ITTIADB.8.8.0
2026-01-09 00:41:54,540 [WARN] PackLoader:240 - Cannot read IP mode file for STMicroelectronics.X-CUBE-DPower.1.2.0
2026-01-09 00:41:54,547 [WARN] PackLoader:240 - Cannot read IP mode file for STMicroelectronics.X-CUBE-FREERTOS.1.3.1
2026-01-09 00:41:54,553 [WARN] PackLoader:240 - Cannot read IP mode file for STMicroelectronics.X-CUBE-FREERTOS.1.3.0
2026-01-09 00:41:54,560 [WARN] PackLoader:240 - Cannot read IP mode file for STMicroelectronics.X-CUBE-NFC7.1.0.1
2026-01-09 00:41:54,565 [WARN] PackLoader:240 - Cannot read IP mode file for STMicroelectronics.X-CUBE-TOUCHGFX.4.26.0
2026-01-09 00:41:54,572 [WARN] PackLoader:240 - Cannot read IP mode file for STMicroelectronics.X-CUBE-NFC6.3.0.0
2026-01-09 00:41:54,580 [WARN] PackLoader:240 - Cannot read IP mode file for STMicroelectronics.FP-SNS-STAIOTCFT.1.0.0
2026-01-09 00:41:54,586 [WARN] PackLoader:240 - Cannot read IP mode file for STMicroelectronics.X-CUBE-DPower.1.3.0
2026-01-09 00:41:54,591 [WARN] PackLoader:240 - Cannot read IP mode file for STMicroelectronics.X-CUBE-AI.8.1.0
2026-01-09 00:41:54,612 [WARN] ConditionMgr:438 - getConditionDescription Invalid condition id : LAN8742 Phy interface Condition cause : null
2026-01-09 00:41:54,613 [WARN] PackLoader:240 - Cannot read IP mode file for STMicroelectronics.X-CUBE-AZRTOS-L4.2.0.0
2026-01-09 00:41:54,614 [WARN] ConditionMgr:1044 - genDependencies : Invalid condition id : LAN8742 Phy interface Condition cause : null
2026-01-09 00:41:54,614 [WARN] ConditionMgr:1044 - genDependencies : Invalid condition id : LAN8742 Phy interface Condition cause : null
2026-01-09 00:41:54,615 [WARN] ConditionMgr:1044 - genDependencies : Invalid condition id : LAN8742 Phy interface Condition cause : null
2026-01-09 00:41:54,623 [WARN] PackLoader:240 - Cannot read IP mode file for STMicroelectronics.X-CUBE-SFXS2LP1.4.0.0
2026-01-09 00:41:54,645 [WARN] PackLoader:240 - Cannot read IP mode file for STMicroelectronics.X-CUBE-AZRTOS-H7.3.3.0
2026-01-09 00:41:54,658 [WARN] PackLoader:240 - Cannot read IP mode file for STMicroelectronics.X-CUBE-BLEMGR.4.1.0
2026-01-09 00:41:54,676 [WARN] PackLoader:240 - Cannot read IP mode file for STMicroelectronics.X-CUBE-IPS.3.0.0
2026-01-09 00:41:54,693 [WARN] ConditionMgr:438 - getConditionDescription Invalid condition id : UX DEVICE CLASS RTOS Condition cause : null
2026-01-09 00:41:54,694 [WARN] ConditionMgr:438 - getConditionDescription Invalid condition id : UX DEVICE CLASS RTOS Condition cause : null
2026-01-09 00:41:54,696 [WARN] PackLoader:240 - Cannot read IP mode file for STMicroelectronics.X-CUBE-AZRTOS-WB.2.0.0
2026-01-09 00:41:54,696 [WARN] ConditionMgr:1044 - genDependencies : Invalid condition id : UX DEVICE CLASS RTOS Condition cause : null
2026-01-09 00:41:54,697 [WARN] ConditionMgr:1044 - genDependencies : Invalid condition id : UX DEVICE CLASS RTOS Condition cause : null
2026-01-09 00:41:54,697 [WARN] ConditionMgr:1044 - genDependencies : Invalid condition id : UX DEVICE CLASS RTOS Condition cause : null
2026-01-09 00:41:54,698 [WARN] ConditionMgr:1044 - genDependencies : Invalid condition id : UX DEVICE CLASS RTOS Condition cause : null
2026-01-09 00:41:54,698 [WARN] ConditionMgr:1044 - genDependencies : Invalid condition id : UX DEVICE CLASS RTOS Condition cause : null
2026-01-09 00:41:54,706 [WARN] PackLoader:240 - Cannot read IP mode file for STMicroelectronics.X-CUBE-GNSS1.7.0.0
2026-01-09 00:41:54,713 [WARN] PackLoader:240 - Cannot read IP mode file for STMicroelectronics.X-CUBE-GNSS1.7.0.1
2026-01-09 00:41:54,718 [WARN] PackLoader:240 - Cannot read IP mode file for STMicroelectronics.X-CUBE-TOUCHGFX.4.25.0
2026-01-09 00:41:54,722 [WARN] PackLoader:240 - Cannot read IP mode file for STMicroelectronics.FP-SNS-STBOX1.2.0.0
2026-01-09 00:41:54,729 [WARN] ConditionMgr:438 - getConditionDescription Invalid condition id : Cortex-A Device cause : null
2026-01-09 00:41:54,740 [WARN] ConditionMgr:1044 - genDependencies : Invalid condition id : Cortex-A Device cause : null
2026-01-09 00:41:54,741 [WARN] ConditionMgr:1044 - genDependencies : Invalid condition id : Cortex-A Device cause : null
2026-01-09 00:41:54,741 [WARN] ConditionMgr:1044 - genDependencies : Invalid condition id : Cortex-A Device cause : null
2026-01-09 00:41:54,751 [WARN] PackLoader:240 - Cannot read IP mode file for STMicroelectronics.X-CUBE-SUBG2.5.0.0
2026-01-09 00:41:54,768 [WARN] PackLoader:240 - Cannot read IP mode file for STMicroelectronics.X-CUBE-AZRTOS-H7RS.1.1.0
2026-01-09 00:41:54,773 [WARN] PackLoader:240 - Cannot read IP mode file for Cesanta.I-CUBE-Mongoose.7.13.0
2026-01-09 00:41:54,793 [WARN] PackLoader:240 - Cannot read IP mode file for STMicroelectronics.X-CUBE-AZRTOS-G4.2.0.0
2026-01-09 00:41:54,806 [WARN] PackLoader:240 - Cannot read IP mode file for Infineon.AIROC-Wi-Fi-Bluetooth-STM32.1.5.1
2026-01-09 00:41:54,813 [WARN] PackLoader:240 - Cannot read IP mode file for wolfSSL.I-CUBE-wolfSSH.1.4.20
2026-01-09 00:41:54,818 [WARN] PackLoader:240 - Cannot read IP mode file for STMicroelectronics.X-CUBE-NFC7.2.0.0
2026-01-09 00:41:54,824 [WARN] PackLoader:240 - Cannot read IP mode file for STMicroelectronics.FP-SNS-MOTENVWB1.1.3.1
2026-01-09 00:41:54,829 [WARN] PackLoader:240 - Cannot read IP mode file for STMicroelectronics.X-CUBE-ISPU.2.0.0
2026-01-09 00:41:54,839 [WARN] PackLoader:240 - Cannot read IP mode file for STMicroelectronics.X-CUBE-IPS.3.1.0
2026-01-09 00:41:54,848 [WARN] PackLoader:240 - Cannot read IP mode file for STMicroelectronics.X-CUBE-ALS.1.0.2
2026-01-09 00:41:54,878 [WARN] PackLoader:240 - Cannot read IP mode file for STMicroelectronics.X-CUBE-MEMS1.10.0.0
2026-01-09 00:41:54,971 [WARN] PackLoader:240 - Cannot read IP mode file for STMicroelectronics.X-CUBE-FREERTOS.1.1.0
2026-01-09 00:41:54,976 [WARN] PackLoader:240 - Cannot read IP mode file for STMicroelectronics.X-CUBE-TOUCHGFX.4.24.1
2026-01-09 00:41:54,983 [WARN] PackLoader:240 - Cannot read IP mode file for STMicroelectronics.X-CUBE-STSE01.1.0.0
2026-01-09 00:41:54,988 [WARN] PackLoader:240 - Cannot read IP mode file for wolfSSL.I-CUBE-wolfTPM.3.4.0
2026-01-09 00:41:54,994 [WARN] PackLoader:240 - Cannot read IP mode file for portGmbH.I-Cube-SoM-uGOAL.1.1.0
2026-01-09 00:41:54,998 [WARN] PackLoader:240 - Cannot read IP mode file for STMicroelectronics.X-CUBE-ALS.1.0.1
2026-01-09 00:41:55,011 [WARN] PackLoader:240 - Cannot read IP mode file for STMicroelectronics.X-CUBE-AZRTOS-H7RS.1.0.0
2026-01-09 00:41:55,017 [WARN] PackLoader:240 - Cannot read IP mode file for STMicroelectronics.FP-ATR-ASTRA1.2.0.0
2026-01-09 00:41:55,027 [WARN] PackLoader:240 - Cannot read IP mode file for STMicroelectronics.X-CUBE-TOF1.3.4.2
2026-01-09 00:41:55,044 [WARN] PackLoader:240 - Cannot read IP mode file for STMicroelectronics.X-CUBE-TOF1.3.4.3
2026-01-09 00:41:55,059 [WARN] PackLoader:240 - Cannot read IP mode file for STMicroelectronics.X-CUBE-TOF1.3.4.0
2026-01-09 00:41:55,078 [WARN] PackLoader:240 - Cannot read IP mode file for STMicroelectronics.X-CUBE-AZRTOS-H7.3.2.0
2026-01-09 00:41:55,084 [WARN] PackLoader:240 - Cannot read IP mode file for wolfSSL.I-CUBE-wolfSSH.1.4.17
2026-01-09 00:41:55,086 [INFO] ThirdParty:978 - Integrity check success = true
2026-01-09 00:41:55,086 [INFO] IntegrityCheckThread:100 - exiting critical section [integrity check]
2026-01-09 00:41:55,086 [INFO] IntegrityCheckThread:103 - End integrity checks thread
2026-01-09 00:41:55,086 [INFO] ThirdParty:873 - entering critical section [close project]
2026-01-09 00:41:55,087 [INFO] ThirdParty:883 - exiting critical section [close project]
2026-01-09 00:41:55,089 [INFO] PinOutPanel:1589 - setPackage(No Configuration,No Configuration)
2026-01-09 00:41:55,090 [INFO] UtilMem:75 - Begin LoadConfig() Used Memory: 255583624 Bytes (330301440)
2026-01-09 00:41:55,092 [INFO] MicroXplorer:468 - Change Database Path : 
2026-01-09 00:41:55,092 [INFO] MicroXplorer:498 - Change Database Version : DB.6.0.150
2026-01-09 00:41:55,092 [INFO] OpenFileManager:355 - Change cursor
2026-01-09 00:41:55,119 [INFO] Mcu:2029 - Initializing MCU STM32F103C(8-B)Tx STM32F103C8Tx STM32F103C8T6
2026-01-09 00:41:56,047 [INFO] Context:786 - Trying to add GPIOservice into a context  which must be forbidden
2026-01-09 00:41:56,265 [INFO] ImportTextPane:234 - (OptionalMessage_ERROR) Pin15 (VP_RIF_VS_RIF1) cannot be retrieved for this MCU
2026-01-09 00:41:56,440 [INFO] RtosManager:558 - Registered RTOS mode: class=CMSIS, group=RTOS, mode=CMSIS_V1, owner=FREERTOS
2026-01-09 00:41:56,440 [INFO] RtosManager:558 - Registered RTOS mode: class=CMSIS, group=RTOS2, mode=CMSIS_V2, owner=FREERTOS
2026-01-09 00:41:56,440 [INFO] RtosManager:558 - Registered RTOS mode: class=RTOS, group=Core, mode=CMSIS_V1, owner=FREERTOS
2026-01-09 00:41:56,440 [INFO] RtosManager:558 - Registered RTOS mode: class=RTOS, group=Core, mode=CMSIS_V2, owner=FREERTOS
2026-01-09 00:41:56,441 [WARN] ModelIntegratedComponent:184 - Missing modes for component STMicroelectronics:FreeRTOS:0.0.1:STMicroelectronics:RTOS:FreeRTOS:Core:::10.2.0:
2026-01-09 00:41:56,454 [WARN] ModelIntegratedComponent:63 - No mode defined for component null
2026-01-09 00:41:56,454 [WARN] ModelIntegratedComponent:63 - No mode defined for component null
2026-01-09 00:41:56,454 [WARN] ModelIntegratedComponent:63 - No mode defined for component null
2026-01-09 00:41:56,454 [WARN] ModelIntegratedComponent:63 - No mode defined for component null
2026-01-09 00:41:56,454 [WARN] ModelIntegratedComponent:63 - No mode defined for component null
2026-01-09 00:41:56,454 [WARN] ModelIntegratedComponent:63 - No mode defined for component null
2026-01-09 00:41:56,455 [WARN] ModelIntegratedComponent:63 - No mode defined for component null
2026-01-09 00:41:56,455 [WARN] ModelIntegratedComponent:63 - No mode defined for component null
2026-01-09 00:41:56,455 [WARN] ModelIntegratedComponent:63 - No mode defined for component null
2026-01-09 00:41:56,455 [WARN] ModelIntegratedComponent:63 - No mode defined for component null
2026-01-09 00:41:56,455 [WARN] ModelIntegratedComponent:63 - No mode defined for component null
2026-01-09 00:41:56,455 [WARN] ModelIntegratedComponent:63 - No mode defined for component null
2026-01-09 00:41:56,455 [WARN] ModelIntegratedComponent:63 - No mode defined for component null
2026-01-09 00:41:56,455 [WARN] ModelIntegratedComponent:63 - No mode defined for component null
2026-01-09 00:41:56,455 [WARN] ModelIntegratedComponent:63 - No mode defined for component null
2026-01-09 00:41:56,455 [WARN] ModelIntegratedComponent:63 - No mode defined for component null
2026-01-09 00:41:56,455 [WARN] ModelIntegratedComponent:63 - No mode defined for component null
2026-01-09 00:41:56,455 [WARN] ModelIntegratedComponent:63 - No mode defined for component null
2026-01-09 00:41:56,455 [WARN] ModelIntegratedComponent:63 - No mode defined for component null
2026-01-09 00:41:56,455 [WARN] ModelIntegratedComponent:63 - No mode defined for component null
2026-01-09 00:41:56,455 [WARN] ModelIntegratedComponent:63 - No mode defined for component null
2026-01-09 00:41:56,455 [WARN] ModelIntegratedComponent:63 - No mode defined for component null
2026-01-09 00:41:56,456 [WARN] ModelIntegratedComponent:63 - No mode defined for component null
2026-01-09 00:41:56,456 [WARN] ModelIntegratedComponent:63 - No mode defined for component null
2026-01-09 00:41:56,456 [WARN] ModelIntegratedComponent:63 - No mode defined for component null
2026-01-09 00:41:56,456 [WARN] ModelIntegratedComponent:63 - No mode defined for component null
2026-01-09 00:41:56,456 [WARN] ModelIntegratedComponent:63 - No mode defined for component null
2026-01-09 00:41:56,456 [WARN] ModelIntegratedComponent:63 - No mode defined for component null
2026-01-09 00:41:56,456 [WARN] ModelIntegratedComponent:63 - No mode defined for component null
2026-01-09 00:41:56,456 [WARN] ModelIntegratedComponent:63 - No mode defined for component null
2026-01-09 00:41:56,456 [WARN] ModelIntegratedComponent:63 - No mode defined for component null
2026-01-09 00:41:56,456 [WARN] ModelIntegratedComponent:63 - No mode defined for component null
2026-01-09 00:41:56,456 [WARN] ModelIntegratedComponent:63 - No mode defined for component null
2026-01-09 00:41:56,456 [WARN] ModelIntegratedComponent:63 - No mode defined for component null
2026-01-09 00:41:56,457 [WARN] ModelIntegratedComponent:63 - No mode defined for component null
2026-01-09 00:41:56,457 [WARN] ModelPack:524 - Component already loaded: STMicroelectronics:HAL Drivers:0.0.0:STMicroelectronics:Device:STMicro_Driver:XSPI:HAL::0.0.1:HAL_XSPI
2026-01-09 00:41:56,708 [INFO] ThirdPartyModel:298 - Start build external matchings
2026-01-09 00:41:58,162 [INFO] ThirdPartyModel:316 - End build external matchings
2026-01-09 00:41:58,209 [INFO] ImportTextPane:234 - (OptionalMessage_ERROR) IP (DMA) : Parameter (Instance) has Id (USART2_RX) currently not set
2026-01-09 00:41:58,209 [INFO] ImportTextPane:234 - (OptionalMessage_ERROR) IP (DMA) : Parameter (Direction) has Id (USART2_RX) currently not set
2026-01-09 00:41:58,210 [INFO] ImportTextPane:234 - (OptionalMessage_ERROR) IP (DMA) : Parameter (PeriphInc) has Id (USART2_RX) currently not set
2026-01-09 00:41:58,210 [INFO] ImportTextPane:234 - (OptionalMessage_ERROR) IP (DMA) : Parameter (MemInc) has Id (USART2_RX) currently not set
2026-01-09 00:41:58,210 [INFO] ImportTextPane:234 - (OptionalMessage_ERROR) IP (DMA) : Parameter (PeriphDataAlignment) has Id (USART2_RX) currently not set
2026-01-09 00:41:58,210 [INFO] ImportTextPane:234 - (OptionalMessage_ERROR) IP (DMA) : Parameter (MemDataAlignment) has Id (USART2_RX) currently not set
2026-01-09 00:41:58,210 [INFO] ImportTextPane:234 - (OptionalMessage_ERROR) IP (DMA) : Parameter (Mode) has Id (USART2_RX) currently not set
2026-01-09 00:41:58,211 [INFO] ImportTextPane:234 - (OptionalMessage_ERROR) IP (DMA) : Parameter (Priority) has Id (USART2_RX) currently not set
2026-01-09 00:41:58,211 [INFO] ImportTextPane:234 - (OptionalMessage_ERROR) IP (RCC) : Parameter (ADCFreqValue) has invalid value (36000000)
2026-01-09 00:41:58,212 [INFO] ImportTextPane:234 - (OptionalMessage_ERROR) IP (RCC) : Invalid parameter (FamilyName)
2026-01-09 00:41:58,212 [INFO] ImportTextPane:234 - (OptionalMessage_ERROR) IP (RCC) : Parameter (MCOFreq_Value) has invalid value (72000000)
2026-01-09 00:41:58,212 [INFO] ImportTextPane:234 - (OptionalMessage_ERROR) IP (RCC) : Parameter (USBFreq_Value) has invalid value (72000000)
2026-01-09 00:41:58,522 [INFO] ApiDb:581 - Connected to CubeFinder SQLite database (C:\Users\MSI GF63\.stmcufinder\plugins\mcufinder\mcu\cube-finder-db.db)
2026-01-09 00:41:58,617 [INFO] ApiDb:668 - CubeFinder database Data Model version=2.1
2026-01-09 00:41:58,617 [INFO] ApiDb:669 - CubeFinder database Configuration version=3.0.39
2026-01-09 00:41:58,617 [INFO] ApiDb:670 - CubeFinder database generation date=2025-12-22 (1766407740)
2026-01-09 00:41:58,618 [INFO] ApiDb:671 - CubeFinder database FW Pack versions=[FP-ATR-ASTRA1_V2.0.0, FP-SNS-FLIGHT1_V5.1.0, FP-SNS-MOTENV1_V5.1.0, FP-SNS-MOTENVWB1_V1.4.0, FP-SNS-SMARTAG2_V1.2.0, FP-SNS-STBOX1_V2.1.0, STM32Cube_FW_C0_V1.4.0, STM32Cube_FW_F4_V1.28.3, STM32Cube_FW_F7_V1.17.4, STM32Cube_FW_G0_V1.6.2, STM32Cube_FW_G4_V1.6.1, STM32Cube_FW_H5_V1.5.1, STM32Cube_FW_H7RS_V1.3.0, STM32Cube_FW_H7_V1.12.1, STM32Cube_FW_L0_V1.12.2, STM32Cube_FW_L4_V1.18.1, STM32Cube_FW_L5_V1.6.0, STM32Cube_FW_N6_V1.3.0, STM32Cube_FW_U0_V1.3.0, STM32Cube_FW_U3_V1.2.1, STM32Cube_FW_U5_V1.8.0, STM32Cube_FW_WB0_V1.4.0, STM32Cube_FW_WBA_V1.8.0, STM32Cube_FW_WB_V1.24.0, STM32Cube_FW_WL3_V1.3.0, STM32Cube_FW_WL_V1.4.0, X-CUBE-ALGOBUILD_V1.4.0, X-CUBE-ALS_V1.0.2, X-CUBE-AZRTOS-F4_V1.1.0, X-CUBE-AZRTOS-F7_V1.1.0, X-CUBE-AZRTOS-G0_V1.1.0, X-CUBE-AZRTOS-G4_V2.0.0, X-CUBE-AZRTOS-H7RS_V1.1.0, X-CUBE-AZRTOS-H7_V3.4.0, X-CUBE-AZRTOS-L4_V2.0.0, X-CUBE-AZRTOS-L5_V2.0.0, X-CUBE-AZRTOS-WB_V2.0.0, X-CUBE-AZRTOS-WL_V2.0.0, X-CUBE-BLE1_V7.1.0, X-CUBE-BLE2_V3.3.0, X-CUBE-BLEMGR_V4.1.0, X-CUBE-EEPRMA1_V5.2.0, X-CUBE-FREERTOS_V1.3.1, X-CUBE-GNSS1_V6.0.0, X-CUBE-MEMS1_V12.0.0, X-CUBE-NFC4_V3.0.0, X-CUBE-NFC7_V2.0.0, X-CUBE-SFXS2LP1_V4.0.0, X-CUBE-ST67W61_V1.1.0, X-CUBE-SUBG2_V5.0.0, X-CUBE-TOF1_V3.4.3]
2026-01-09 00:41:58,737 [INFO] DbBoardsSqlite:226 - include board P-NUCLEO-WB55-NUCLEO as a kit item of type 'Nucleo-64'
2026-01-09 00:41:58,737 [INFO] DbBoardsSqlite:226 - include board P-NUCLEO-WB55-USBDONGLE as a kit item of type 'Nucleo USB Dongle'
2026-01-09 00:41:58,739 [INFO] DbBoardsSqlite:226 - include board STEVAL-IDP005V1 as a kit item of type 'Evaluation Board'
2026-01-09 00:41:58,739 [INFO] DbBoardsSqlite:226 - include board STEVAL-IDP005V2 as a kit item of type 'Evaluation Board'
2026-01-09 00:41:59,124 [INFO] ApiDb:240 - Found 880 in-development CPN: [B-G473E-ZEST1S, B-WB1M-WPAN1, B-WBA5M-WPAN, B-WL5M-SUBG1, NUCLEO-C031C6, NUCLEO-C051C8, NUCLEO-C071RB, NUCLEO-C092RC, NUCLEO-H503RB, NUCLEO-H533RE, NUCLEO-H563ZI, NUCLEO-H7S3L8, NUCLEO-N657X0-Q, NUCLEO-U031R8, NUCLEO-U083RC, NUCLEO-U385RG-Q, NUCLEO-U545RE-Q, NUCLEO-U5A5ZJ-Q, NUCLEO-WB05KZ, NUCLEO-WB07CC, NUCLEO-WB09KE, NUCLEO-WBA52CG, NUCLEO-WBA55CG, NUCLEO-WL33CC1, NUCLEO-WL33CC2, STEVAL-PROTEUS1, STEVAL-SMARTAG2, STEVAL-STWINBX1, STM320518-EVAL, STM32C0116-DK, STM32C011D6Y3TR, STM32C011D6Y6TR, STM32C011F4P3, STM32C011F4P6, STM32C011F4U3, STM32C011F4U6TR, STM32C011F6P3, STM32C011F6P6, STM32C011F6U3, STM32C011F6U6TR, STM32C011J4M3, STM32C011J4M6, STM32C011J6M3, STM32C011J6M6, STM32C0316-DK, STM32C031C4T3, STM32C031C4T6, STM32C031C4U3, STM32C031C4U6, STM32C031C6T3, STM32C031C6T6, STM32C031C6U3, STM32C031C6U6, STM32C031F4P3, STM32C031F4P6, STM32C031F6P3, STM32C031F6P6, STM32C031G4U3, STM32C031G4U6, STM32C031G6U3, STM32C031G6U6, STM32C031K4T3, STM32C031K4T6, STM32C031K4U3, STM32C031K4U6, STM32C031K6T3, STM32C031K6T6, STM32C031K6U3, STM32C031K6U6, STM32C051C6T6, STM32C051C6U6, STM32C051C8T6, STM32C051C8U6, STM32C051D8Y6TR, STM32C051F6P6, STM32C051F8P6, STM32C051G6U6, STM32C051G8U6, STM32C051K6T6, STM32C051K6U6, STM32C051K8T6, STM32C071C8T6, STM32C071C8T6N, STM32C071C8U6, STM32C071C8U6N, STM32C071CBT6, STM32C071CBT6N, STM32C071CBU6, STM32C071CBU6N, STM32C071F8P6, STM32C071F8P6N, STM32C071FBP6, STM32C071FBP6N, STM32C071FBY6TR, STM32C071G8U6, STM32C071G8U6N, STM32C071GBU6, STM32C071GBU6N, STM32C071K8T6, STM32C071K8T6N, STM32C071K8U6, STM32C071K8U6N, STM32C071KBT6, STM32C071KBT6N, STM32C071KBU6, STM32C071KBU6N, STM32C071R8T6, STM32C071R8T6N, STM32C071RBI6N, STM32C071RBT6, STM32C071RBT6N, STM32C091CBT6, STM32C091CBU6, STM32C091CCT6, STM32C091CCU6, STM32C091ECY6TR, STM32C091FBP6, STM32C091FCP6, STM32C091GBU6, STM32C091GCU6, STM32C091KBT6, STM32C091KBU6, STM32C091KCT6, STM32C091KCU6, STM32C091RBT6, STM32C091RCI6, STM32C091RCT6, STM32C092CBT6, STM32C092CBU6, STM32C092CCT6, STM32C092CCU6, STM32C092ECY6TR, STM32C092FBP6, STM32C092FCP6, STM32C092GBU6, STM32C092GCU6, STM32C092KBT6, STM32C092KBU6, STM32C092KCT6, STM32C092KCU6, STM32C092RBT6, STM32C092RCI6, STM32C092RCT6, STM32G071K8TXN, STM32G071K8UXN, STM32G081GBU6N, STM32G081KBT6N, STM32G081KBUXN, STM32G0B1CCT6N, STM32G0B1KCT6, STM32G0B1NEY6TR, STM32G0B1RCT6N, STM32G0C1CCT6, STM32G0C1CCT6N, STM32G0C1CCU6N, STM32G0C1CET6N, STM32G0C1CEU6N, STM32G0C1KCT6, STM32G0C1NEY6TR, STM32G0C1RCI6N, STM32G0C1RCT6N, STM32G0C1REI6N, STM32G0C1RET6N, STM32G0C1VCI6, STM32G0C1VEI6, STM32G411C6T3, STM32G411C6T6, STM32G411C6U3, STM32G411C6U6, STM32G411C8T3, STM32G411C8T6, STM32G411C8U3, STM32G411C8U6, STM32G411CBT3, STM32G411CBT6, STM32G411CBU3, STM32G411CBU6, STM32G411K6T3, STM32G411K6T6, STM32G411K6U3, STM32G411K6U6, STM32G411K8T3, STM32G411K8T6, STM32G411K8U3, STM32G411K8U6, STM32G411KBT3, STM32G411KBT6, STM32G411KBU3, STM32G411KBU6, STM32G411M6T3, STM32G411M6T6, STM32G411M8T3, STM32G411M8T6, STM32G411MBT3, STM32G411MBT6, STM32G411R6T3, STM32G411R6T6, STM32G411R8T3, STM32G411R8T6, STM32G411RBT3, STM32G411RBT6, STM32G414CBT3, STM32G414CBT6, STM32G414CBU3, STM32G414CBU6, STM32G414CCT3, STM32G414CCT6, STM32G414CCU3, STM32G414CCU6, STM32G414MBT3, STM32G414MBT6, STM32G414MCT3, STM32G414MCT6, STM32G414RBT3, STM32G414RBT6, STM32G414RCT3, STM32G414RCT6, STM32G414VBT3, STM32G414VBT6, STM32G414VCT3, STM32G414VCT6, STM32G431CBT3Z, STM32G431RBT3Z, STM32G471CCT6, STM32G471CCU6, STM32G471CET3, STM32G471CET6, STM32G471CEU3, STM32G471CEU6, STM32G471MCT6, STM32G471MET3, STM32G471MET6, STM32G471MEY6TR, STM32G471QCT6, STM32G471QET3, STM32G471RCT6, STM32G471RET3, STM32G471RET6, STM32G471VCH6, STM32G471VCI6, STM32G471VCT6, STM32G471VEH3, STM32G471VEH6, STM32G471VEI3, STM32G471VEI6, STM32G471VET3, STM32G471VET6, STM32G473QET3Z, STM32G473RET3Z, STM32G474CCT6, STM32G491RET3Z, STM32H503CBT6, STM32H503CBU6, STM32H503EBY6TR, STM32H503KBU6, STM32H503RBT6, STM32H523CCT6, STM32H523CCU6, STM32H523CET6, STM32H523CEU6, STM32H523HEY6TR, STM32H523RCT6, STM32H523RET6, STM32H523VCI6, STM32H523VCT6, STM32H523VEI6, STM32H523VET6, STM32H523ZCJ6, STM32H523ZCT6, STM32H523ZEJ6, STM32H523ZET6, STM32H533CET6, STM32H533CEU6, STM32H533HEY6TR, STM32H533RET6, STM32H533VEI6, STM32H533VET6, STM32H533ZEJ6, STM32H533ZET6, STM32H562AGI6, STM32H562AII6, STM32H562IGK6, STM32H562IGT6, STM32H562IIK6, STM32H562IIT6, STM32H562RGT6, STM32H562RGV6, STM32H562RIT6, STM32H562RIV6, STM32H562VGT6, STM32H562VIT6, STM32H562ZGT6, STM32H562ZIT6, STM32H563AGI6, STM32H563AII3Q, STM32H563AII6, STM32H563IGK6, STM32H563IGT6, STM32H563IIK3Q, STM32H563IIK6, STM32H563IIT3Q, STM32H563IIT6, STM32H563MIY3QTR, STM32H563RGT6, STM32H563RGV6, STM32H563RIT6, STM32H563RIV6, STM32H563VGT6, STM32H563VIT3Q, STM32H563VIT6, STM32H563ZGT6, STM32H563ZIT3Q, STM32H563ZIT6, STM32H573AII3Q, STM32H573AII6, STM32H573I-DK, STM32H573IIK3Q, STM32H573IIK6, STM32H573IIT3Q, STM32H573IIT6, STM32H573MIY3QTR, STM32H573RIT6, STM32H573RIV6, STM32H573VIT3Q, STM32H573VIT6, STM32H573ZIT3Q, STM32H573ZIT6, STM32H7R3A8I6, STM32H7R3I8K6, STM32H7R3I8T6, STM32H7R3L8H6, STM32H7R3L8H6H, STM32H7R3R8V6, STM32H7R3V8H6, STM32H7R3V8T6, STM32H7R3V8Y6TR, STM32H7R3Z8J6, STM32H7R3Z8T6, STM32H7R7A8I6, STM32H7R7I8K6, STM32H7R7I8T6, STM32H7R7L8H6, STM32H7R7L8H6H, STM32H7R7Z8J6, STM32H7S3A8I6, STM32H7S3I8K6, STM32H7S3I8T6, STM32H7S3L8H6, STM32H7S3L8H6H, STM32H7S3R8V6, STM32H7S3V8H6, STM32H7S3V8T6, STM32H7S3V8Y6TR, STM32H7S3Z8J6, STM32H7S3Z8T6, STM32H7S78-DK, STM32H7S7A8I6, STM32H7S7I8K6, STM32H7S7I8T6, STM32H7S7L8H6, STM32H7S7L8H6H, STM32H7S7Z8J6, STM32L4R5QGI6STR, STM32MP131AAE3, STM32MP131AAF3, STM32MP131AAG3, STM32MP131CAE3, STM32MP131CAF3, STM32MP131CAG3, STM32MP131DAE7, STM32MP131DAF7, STM32MP131DAG7, STM32MP131FAE7, STM32MP131FAF7, STM32MP131FAG7, STM32MP133AAE3, STM32MP133AAF3, STM32MP133AAG3, STM32MP133CAE3, STM32MP133CAF3, STM32MP133CAG3, STM32MP133DAE7, STM32MP133DAF7, STM32MP133DAG7, STM32MP133FAE7, STM32MP133FAF7, STM32MP133FAG7, STM32MP135AAE3, STM32MP135AAF3, STM32MP135AAG3, STM32MP135CAE3, STM32MP135CAF3, STM32MP135CAG3, STM32MP135DAE7, STM32MP135DAF7, STM32MP135DAG7, STM32MP135F-DK, STM32MP135FAE7, STM32MP135FAF7, STM32MP135FAF7T, STM32MP135FAF7U, STM32MP135FAG7, STM32MP211AAL3, STM32MP211AAM3, STM32MP211AAN3, STM32MP211AAO3, STM32MP211CAL3, STM32MP211CAM3, STM32MP211CAN3, STM32MP211CAO3, STM32MP211DAL3, STM32MP211DAM3, STM32MP211DAN3, STM32MP211DAO3, STM32MP211FAL3, STM32MP211FAM3, STM32MP211FAN3, STM32MP211FAO3, STM32MP213AAL3, STM32MP213AAM3, STM32MP213AAN3, STM32MP213AAO3, STM32MP213CAL3, STM32MP213CAM3, STM32MP213CAN3, STM32MP213CAO3, STM32MP213DAL3, STM32MP213DAM3, STM32MP213DAN3, STM32MP213DAO3, STM32MP213FAL3, STM32MP213FAM3, STM32MP213FAN3, STM32MP213FAO3, STM32MP215AAL3, STM32MP215AAM3, STM32MP215AAN3, STM32MP215AAO3, STM32MP215CAL3, STM32MP215CAM3, STM32MP215CAN3, STM32MP215CAO3, STM32MP215DAL3, STM32MP215DAM3, STM32MP215DAN3, STM32MP215DAO3, STM32MP215F-DK, STM32MP215FAL3, STM32MP215FAM3, STM32MP215FAN3, STM32MP215FAO3, STM32MP231AAJ3, STM32MP231AAK3, STM32MP231AAL3, STM32MP231CAJ3, STM32MP231CAK3, STM32MP231CAL3, STM32MP231DAJ3, STM32MP231DAK3, STM32MP231DAL3, STM32MP231FAJ3, STM32MP231FAK3, STM32MP231FAL3, STM32MP233AAJ3, STM32MP233AAK3, STM32MP233AAL3, STM32MP233CAJ3, STM32MP233CAK3, STM32MP233CAL3, STM32MP233DAJ3, STM32MP233DAK3, STM32MP233DAL3, STM32MP233FAJ3, STM32MP233FAK3, STM32MP233FAL3, STM32MP235AAJ3, STM32MP235AAK3, STM32MP235AAL3, STM32MP235CAJ3, STM32MP235CAK3, STM32MP235CAL3, STM32MP235DAJ3, STM32MP235DAK3, STM32MP235DAL3, STM32MP235FAJ3, STM32MP235FAK3, STM32MP235FAL3, STM32MP251AAI3, STM32MP251AAK3, STM32MP251AAL3, STM32MP251CAI3, STM32MP251CAK3, STM32MP251CAL3, STM32MP251DAI3, STM32MP251DAK3, STM32MP251DAL3, STM32MP251FAI3, STM32MP251FAK3, STM32MP251FAL3, STM32MP253AAI3, STM32MP253AAK3, STM32MP253AAL3, STM32MP253CAI3, STM32MP253CAK3, STM32MP253CAL3, STM32MP253DAI3, STM32MP253DAK3, STM32MP253DAL3, STM32MP253FAI3, STM32MP253FAK3, STM32MP253FAL3, STM32MP255AAI3, STM32MP255AAK3, STM32MP255AAL3, STM32MP255CAI3, STM32MP255CAK3, STM32MP255CAL3, STM32MP255DAI3, STM32MP255DAK3, STM32MP255DAL3, STM32MP255FAI3, STM32MP255FAK3, STM32MP255FAL3, STM32MP257AAI3, STM32MP257AAK3, STM32MP257AAL3, STM32MP257CAI3, STM32MP257CAK3, STM32MP257CAL3, STM32MP257DAI3, STM32MP257DAK3, STM32MP257DAL3, STM32MP257F-DK, STM32MP257F-EV1, STM32MP257FAI3, STM32MP257FAK3, STM32MP257FAL3, STM32N645A0H3Q, STM32N645B0H3Q, STM32N645I0H3Q, STM32N645L0H3Q, STM32N645X0H3Q, STM32N645Z0H3Q, STM32N647A0H3Q, STM32N647B0H3Q, STM32N647I0H3Q, STM32N647L0H3Q, STM32N647X0H3Q, STM32N647Z0H3Q, STM32N655A0H3Q, STM32N655B0H3Q, STM32N655I0H3Q, STM32N655L0H3Q, STM32N655X0H3Q, STM32N655Z0H3Q, STM32N6570-DK, STM32N657A0H3Q, STM32N657B0H3Q, STM32N657I0H3Q, STM32N657L0H3Q, STM32N657X0H3Q, STM32N657Z0H3Q, STM32U031C6T6, STM32U031C6U6, STM32U031C8T6, STM32U031C8U6, STM32U031F4P6, STM32U031F6P6, STM32U031F8P6, STM32U031G6Y6TR, STM32U031G8Y6TR, STM32U031K4U6, STM32U031K6U6, STM32U031K8U6, STM32U031R6I6, STM32U031R6T6, STM32U031R8I6, STM32U031R8T6, STM32U073C8T6, STM32U073C8U6, STM32U073CBT6, STM32U073CBU6, STM32U073CCT6, STM32U073CCU6, STM32U073H8Y6TR, STM32U073HBY6TR, STM32U073HCY6TR, STM32U073K8U6, STM32U073KBU6, STM32U073KCU6, STM32U073M8I6, STM32U073M8T6, STM32U073MBI6, STM32U073MBT6, STM32U073MCI6, STM32U073MCT6, STM32U073R8I6, STM32U073R8T6, STM32U073RBI6, STM32U073RBT6, STM32U073RCI6, STM32U073RCT6, STM32U083C-DK, STM32U083CCT6, STM32U083CCU6, STM32U083HCY6TR, STM32U083KCU6, STM32U083MCI6, STM32U083MCT6, STM32U083RCI6, STM32U083RCT6, STM32U375CET6, STM32U375CET6Q, STM32U375CEU6, STM32U375CEU6Q, STM32U375CEY6QTR, STM32U375CGT6, STM32U375CGT6Q, STM32U375CGU6, STM32U375CGU6Q, STM32U375CGY6QTR, STM32U375KEU6, STM32U375KGU6, STM32U375REI6, STM32U375REI6Q, STM32U375RET6, STM32U375RET6Q, STM32U375REY6GTR, STM32U375REY6QTR, STM32U375RGI6, STM32U375RGI6Q, STM32U375RGT6, STM32U375RGT6Q, STM32U375RGY6GTR, STM32U375RGY6QTR, STM32U375VEI6, STM32U375VEI6Q, STM32U375VET6, STM32U375VET6Q, STM32U375VGI6, STM32U375VGI6Q, STM32U375VGT6, STM32U375VGT6Q, STM32U385CGT6, STM32U385CGT6Q, STM32U385CGU6, STM32U385CGU6Q, STM32U385CGY6QTR, STM32U385KGU6, STM32U385RGI6, STM32U385RGI6Q, STM32U385RGT6, STM32U385RGT6Q, STM32U385RGY6GTR, STM32U385RGY6QTR, STM32U385VGI6, STM32U385VGI6Q, STM32U385VGT6, STM32U385VGT6Q, STM32U535CBT6, STM32U535CBT6Q, STM32U535CBU6, STM32U535CBU6Q, STM32U535CCT6, STM32U535CCT6Q, STM32U535CCU6, STM32U535CCU6Q, STM32U535CET6, STM32U535CET6Q, STM32U535CEU6, STM32U535CEU6Q, STM32U535JEY6QTR, STM32U535NCY6QTR, STM32U535NEY6QTR, STM32U535RBI6, STM32U535RBI6Q, STM32U535RBT6, STM32U535RBT6Q, STM32U535RCI6, STM32U535RCI6Q, STM32U535RCT6, STM32U535RCT6Q, STM32U535REI6, STM32U535REI6Q, STM32U535RET6, STM32U535RET6Q, STM32U535VCI6, STM32U535VCI6Q, STM32U535VCT6, STM32U535VCT6Q, STM32U535VEI6, STM32U535VEI6Q, STM32U535VET6, STM32U535VET6Q, STM32U545CET6, STM32U545CET6Q, STM32U545CEU6, STM32U545CEU6Q, STM32U545JEY6QTR, STM32U545NEY6QTR, STM32U545REI6, STM32U545REI6Q, STM32U545RET6, STM32U545RET6Q, STM32U545VEI6, STM32U545VEI6Q, STM32U545VET6, STM32U545VET6Q, STM32U595AIH6, STM32U595AIH6Q, STM32U595AJH6, STM32U595AJH6Q, STM32U595QII6, STM32U595QII6Q, STM32U595QJI6, STM32U595QJI6Q, STM32U595RIT6, STM32U595RIT6Q, STM32U595RJT6, STM32U595RJT6Q, STM32U595VIT6, STM32U595VIT6Q, STM32U595VJT6, STM32U595VJT6Q, STM32U595ZIT6, STM32U595ZIT6Q, STM32U595ZIY6QTR, STM32U595ZJT6, STM32U595ZJT6Q, STM32U595ZJY6QTR, STM32U599BJY6QTR, STM32U599NIH6Q, STM32U599NJH6Q, STM32U599VIT6Q, STM32U599VJT6, STM32U599VJT6Q, STM32U599ZIT6Q, STM32U599ZIY6QTR, STM32U599ZJT6Q, STM32U599ZJY6QTR, STM32U5A5AJH6, STM32U5A5AJH6Q, STM32U5A5QII3Q , STM32U5A5QJI6, STM32U5A5QJI6Q, STM32U5A5RJT6, STM32U5A5RJT6Q, STM32U5A5VJT6, STM32U5A5VJT6Q, STM32U5A5ZJT6, STM32U5A5ZJT6Q, STM32U5A5ZJY6QTR, STM32U5A9BJY6QTR, STM32U5A9J-DK, STM32U5A9NJH6Q, STM32U5A9VJT6Q, STM32U5A9ZJT6Q, STM32U5A9ZJY6QTR, STM32U5F7VIT6, STM32U5F7VIT6Q, STM32U5F7VJT6, STM32U5F7VJT6Q, STM32U5F9BJY6QTR, STM32U5F9NJH6Q, STM32U5F9VIT6Q, STM32U5F9VJT6Q, STM32U5F9ZIJ6QTR, STM32U5F9ZIT6Q, STM32U5F9ZJJ6QTR, STM32U5F9ZJT6Q, STM32U5G7VJT6, STM32U5G7VJT6Q, STM32U5G9BJY6QTR, STM32U5G9J-DK1, STM32U5G9J-DK2, STM32U5G9NJH6Q, STM32U5G9VJT6Q, STM32U5G9ZJJ6QTR, STM32U5G9ZJT6Q, STM32WB05KZV6TR, STM32WB05KZV7TR, STM32WB05TZF6TR, STM32WB05TZF7TR, STM32WB06CCF6TR, STM32WB06CCF7TR, STM32WB06CCV6TR, STM32WB06CCV7TR, STM32WB06KCV6TR, STM32WB06KCV7TR, STM32WB07CCF6TR, STM32WB07CCF7TR, STM32WB07CCV6TR, STM32WB07CCV7TR, STM32WB07KCV6TR, STM32WB07KCV7TR, STM32WB09KEV6TR, STM32WB09KEV7TR, STM32WB09TEF6TR, STM32WB09TEF7TR, STM32WB1MMCH6, STM32WBA50KGU6, STM32WBA50KGU6TR, STM32WBA52CEU6, STM32WBA52CEU6TR, STM32WBA52CEU7, STM32WBA52CEU7TR, STM32WBA52CGU6, STM32WBA52CGU6TR, STM32WBA52CGU6U, STM32WBA52CGU7, STM32WBA52CGU7TR, STM32WBA52KEU6, STM32WBA52KEU6TR, STM32WBA52KGU6, STM32WBA52KGU6TR, STM32WBA54CEU6, STM32WBA54CEU6TR, STM32WBA54CEU7, STM32WBA54CEU7TR, STM32WBA54CGU6, STM32WBA54CGU6TR, STM32WBA54CGU7, STM32WBA54CGU7TR, STM32WBA54KEU6, STM32WBA54KEU6TR, STM32WBA54KEU7, STM32WBA54KEU7TR, STM32WBA54KGU6, STM32WBA54KGU6TR, STM32WBA54KGU7, STM32WBA54KGU7TR, STM32WBA55CEU6, STM32WBA55CEU6TR, STM32WBA55CEU7, STM32WBA55CEU7TR, STM32WBA55CGU6, STM32WBA55CGU6TR, STM32WBA55CGU6U, STM32WBA55CGU7, STM32WBA55CGU7TR, STM32WBA55G-DK1, STM32WBA55HEF6, STM32WBA55HEF7, STM32WBA55HGF6, STM32WBA55HGF7, STM32WBA55UEI6, STM32WBA55UEI6TR, STM32WBA55UEI7, STM32WBA55UEI7TR, STM32WBA55UGI6, STM32WBA55UGI6TR, STM32WBA55UGI7, STM32WBA55UGI7TR, STM32WBA5MMGH6TR, STM32WBA62MGF6, STM32WBA62MIF6, STM32WBA65MGF7, STM32WBA65MIF6, STM32WBA65MIF7, STM32WL30K8V6, STM32WL30KBV6, STM32WL31C8V6, STM32WL31CBV6, STM32WL31K8V6, STM32WL31KBV6, STM32WL33C8V6, STM32WL33C8V6X, STM32WL33CBV6, STM32WL33CBV6X, STM32WL33CCV6, STM32WL33CCV6A, STM32WL33CCV6X, STM32WL33K8V7, STM32WL33K8V7X, STM32WL33KBV7 , STM32WL33KBV7X, STM32WL33KCV7, STM32WL33KCV7X, STM32WL5MOCH6, STM32WL5MOCH6TR]
2026-01-09 00:41:59,128 [INFO] ApiDb:668 - CubeFinder database Data Model version=2.1
2026-01-09 00:41:59,128 [INFO] ApiDb:669 - CubeFinder database Configuration version=3.0.39
2026-01-09 00:41:59,128 [INFO] ApiDb:670 - CubeFinder database generation date=2025-12-22 (1766407740)
2026-01-09 00:41:59,128 [INFO] ApiDb:671 - CubeFinder database FW Pack versions=[FP-ATR-ASTRA1_V2.0.0, FP-SNS-FLIGHT1_V5.1.0, FP-SNS-MOTENV1_V5.1.0, FP-SNS-MOTENVWB1_V1.4.0, FP-SNS-SMARTAG2_V1.2.0, FP-SNS-STBOX1_V2.1.0, STM32Cube_FW_C0_V1.4.0, STM32Cube_FW_F4_V1.28.3, STM32Cube_FW_F7_V1.17.4, STM32Cube_FW_G0_V1.6.2, STM32Cube_FW_G4_V1.6.1, STM32Cube_FW_H5_V1.5.1, STM32Cube_FW_H7RS_V1.3.0, STM32Cube_FW_H7_V1.12.1, STM32Cube_FW_L0_V1.12.2, STM32Cube_FW_L4_V1.18.1, STM32Cube_FW_L5_V1.6.0, STM32Cube_FW_N6_V1.3.0, STM32Cube_FW_U0_V1.3.0, STM32Cube_FW_U3_V1.2.1, STM32Cube_FW_U5_V1.8.0, STM32Cube_FW_WB0_V1.4.0, STM32Cube_FW_WBA_V1.8.0, STM32Cube_FW_WB_V1.24.0, STM32Cube_FW_WL3_V1.3.0, STM32Cube_FW_WL_V1.4.0, X-CUBE-ALGOBUILD_V1.4.0, X-CUBE-ALS_V1.0.2, X-CUBE-AZRTOS-F4_V1.1.0, X-CUBE-AZRTOS-F7_V1.1.0, X-CUBE-AZRTOS-G0_V1.1.0, X-CUBE-AZRTOS-G4_V2.0.0, X-CUBE-AZRTOS-H7RS_V1.1.0, X-CUBE-AZRTOS-H7_V3.4.0, X-CUBE-AZRTOS-L4_V2.0.0, X-CUBE-AZRTOS-L5_V2.0.0, X-CUBE-AZRTOS-WB_V2.0.0, X-CUBE-AZRTOS-WL_V2.0.0, X-CUBE-BLE1_V7.1.0, X-CUBE-BLE2_V3.3.0, X-CUBE-BLEMGR_V4.1.0, X-CUBE-EEPRMA1_V5.2.0, X-CUBE-FREERTOS_V1.3.1, X-CUBE-GNSS1_V6.0.0, X-CUBE-MEMS1_V12.0.0, X-CUBE-NFC4_V3.0.0, X-CUBE-NFC7_V2.0.0, X-CUBE-SFXS2LP1_V4.0.0, X-CUBE-ST67W61_V1.1.0, X-CUBE-SUBG2_V5.0.0, X-CUBE-TOF1_V3.4.3]
2026-01-09 00:42:00,819 [INFO] ApiDb:240 - Found 880 in-development CPN: [B-G473E-ZEST1S, B-WB1M-WPAN1, B-WBA5M-WPAN, B-WL5M-SUBG1, NUCLEO-C031C6, NUCLEO-C051C8, NUCLEO-C071RB, NUCLEO-C092RC, NUCLEO-H503RB, NUCLEO-H533RE, NUCLEO-H563ZI, NUCLEO-H7S3L8, NUCLEO-N657X0-Q, NUCLEO-U031R8, NUCLEO-U083RC, NUCLEO-U385RG-Q, NUCLEO-U545RE-Q, NUCLEO-U5A5ZJ-Q, NUCLEO-WB05KZ, NUCLEO-WB07CC, NUCLEO-WB09KE, NUCLEO-WBA52CG, NUCLEO-WBA55CG, NUCLEO-WL33CC1, NUCLEO-WL33CC2, STEVAL-PROTEUS1, STEVAL-SMARTAG2, STEVAL-STWINBX1, STM320518-EVAL, STM32C0116-DK, STM32C011D6Y3TR, STM32C011D6Y6TR, STM32C011F4P3, STM32C011F4P6, STM32C011F4U3, STM32C011F4U6TR, STM32C011F6P3, STM32C011F6P6, STM32C011F6U3, STM32C011F6U6TR, STM32C011J4M3, STM32C011J4M6, STM32C011J6M3, STM32C011J6M6, STM32C0316-DK, STM32C031C4T3, STM32C031C4T6, STM32C031C4U3, STM32C031C4U6, STM32C031C6T3, STM32C031C6T6, STM32C031C6U3, STM32C031C6U6, STM32C031F4P3, STM32C031F4P6, STM32C031F6P3, STM32C031F6P6, STM32C031G4U3, STM32C031G4U6, STM32C031G6U3, STM32C031G6U6, STM32C031K4T3, STM32C031K4T6, STM32C031K4U3, STM32C031K4U6, STM32C031K6T3, STM32C031K6T6, STM32C031K6U3, STM32C031K6U6, STM32C051C6T6, STM32C051C6U6, STM32C051C8T6, STM32C051C8U6, STM32C051D8Y6TR, STM32C051F6P6, STM32C051F8P6, STM32C051G6U6, STM32C051G8U6, STM32C051K6T6, STM32C051K6U6, STM32C051K8T6, STM32C071C8T6, STM32C071C8T6N, STM32C071C8U6, STM32C071C8U6N, STM32C071CBT6, STM32C071CBT6N, STM32C071CBU6, STM32C071CBU6N, STM32C071F8P6, STM32C071F8P6N, STM32C071FBP6, STM32C071FBP6N, STM32C071FBY6TR, STM32C071G8U6, STM32C071G8U6N, STM32C071GBU6, STM32C071GBU6N, STM32C071K8T6, STM32C071K8T6N, STM32C071K8U6, STM32C071K8U6N, STM32C071KBT6, STM32C071KBT6N, STM32C071KBU6, STM32C071KBU6N, STM32C071R8T6, STM32C071R8T6N, STM32C071RBI6N, STM32C071RBT6, STM32C071RBT6N, STM32C091CBT6, STM32C091CBU6, STM32C091CCT6, STM32C091CCU6, STM32C091ECY6TR, STM32C091FBP6, STM32C091FCP6, STM32C091GBU6, STM32C091GCU6, STM32C091KBT6, STM32C091KBU6, STM32C091KCT6, STM32C091KCU6, STM32C091RBT6, STM32C091RCI6, STM32C091RCT6, STM32C092CBT6, STM32C092CBU6, STM32C092CCT6, STM32C092CCU6, STM32C092ECY6TR, STM32C092FBP6, STM32C092FCP6, STM32C092GBU6, STM32C092GCU6, STM32C092KBT6, STM32C092KBU6, STM32C092KCT6, STM32C092KCU6, STM32C092RBT6, STM32C092RCI6, STM32C092RCT6, STM32G071K8TXN, STM32G071K8UXN, STM32G081GBU6N, STM32G081KBT6N, STM32G081KBUXN, STM32G0B1CCT6N, STM32G0B1KCT6, STM32G0B1NEY6TR, STM32G0B1RCT6N, STM32G0C1CCT6, STM32G0C1CCT6N, STM32G0C1CCU6N, STM32G0C1CET6N, STM32G0C1CEU6N, STM32G0C1KCT6, STM32G0C1NEY6TR, STM32G0C1RCI6N, STM32G0C1RCT6N, STM32G0C1REI6N, STM32G0C1RET6N, STM32G0C1VCI6, STM32G0C1VEI6, STM32G411C6T3, STM32G411C6T6, STM32G411C6U3, STM32G411C6U6, STM32G411C8T3, STM32G411C8T6, STM32G411C8U3, STM32G411C8U6, STM32G411CBT3, STM32G411CBT6, STM32G411CBU3, STM32G411CBU6, STM32G411K6T3, STM32G411K6T6, STM32G411K6U3, STM32G411K6U6, STM32G411K8T3, STM32G411K8T6, STM32G411K8U3, STM32G411K8U6, STM32G411KBT3, STM32G411KBT6, STM32G411KBU3, STM32G411KBU6, STM32G411M6T3, STM32G411M6T6, STM32G411M8T3, STM32G411M8T6, STM32G411MBT3, STM32G411MBT6, STM32G411R6T3, STM32G411R6T6, STM32G411R8T3, STM32G411R8T6, STM32G411RBT3, STM32G411RBT6, STM32G414CBT3, STM32G414CBT6, STM32G414CBU3, STM32G414CBU6, STM32G414CCT3, STM32G414CCT6, STM32G414CCU3, STM32G414CCU6, STM32G414MBT3, STM32G414MBT6, STM32G414MCT3, STM32G414MCT6, STM32G414RBT3, STM32G414RBT6, STM32G414RCT3, STM32G414RCT6, STM32G414VBT3, STM32G414VBT6, STM32G414VCT3, STM32G414VCT6, STM32G431CBT3Z, STM32G431RBT3Z, STM32G471CCT6, STM32G471CCU6, STM32G471CET3, STM32G471CET6, STM32G471CEU3, STM32G471CEU6, STM32G471MCT6, STM32G471MET3, STM32G471MET6, STM32G471MEY6TR, STM32G471QCT6, STM32G471QET3, STM32G471RCT6, STM32G471RET3, STM32G471RET6, STM32G471VCH6, STM32G471VCI6, STM32G471VCT6, STM32G471VEH3, STM32G471VEH6, STM32G471VEI3, STM32G471VEI6, STM32G471VET3, STM32G471VET6, STM32G473QET3Z, STM32G473RET3Z, STM32G474CCT6, STM32G491RET3Z, STM32H503CBT6, STM32H503CBU6, STM32H503EBY6TR, STM32H503KBU6, STM32H503RBT6, STM32H523CCT6, STM32H523CCU6, STM32H523CET6, STM32H523CEU6, STM32H523HEY6TR, STM32H523RCT6, STM32H523RET6, STM32H523VCI6, STM32H523VCT6, STM32H523VEI6, STM32H523VET6, STM32H523ZCJ6, STM32H523ZCT6, STM32H523ZEJ6, STM32H523ZET6, STM32H533CET6, STM32H533CEU6, STM32H533HEY6TR, STM32H533RET6, STM32H533VEI6, STM32H533VET6, STM32H533ZEJ6, STM32H533ZET6, STM32H562AGI6, STM32H562AII6, STM32H562IGK6, STM32H562IGT6, STM32H562IIK6, STM32H562IIT6, STM32H562RGT6, STM32H562RGV6, STM32H562RIT6, STM32H562RIV6, STM32H562VGT6, STM32H562VIT6, STM32H562ZGT6, STM32H562ZIT6, STM32H563AGI6, STM32H563AII3Q, STM32H563AII6, STM32H563IGK6, STM32H563IGT6, STM32H563IIK3Q, STM32H563IIK6, STM32H563IIT3Q, STM32H563IIT6, STM32H563MIY3QTR, STM32H563RGT6, STM32H563RGV6, STM32H563RIT6, STM32H563RIV6, STM32H563VGT6, STM32H563VIT3Q, STM32H563VIT6, STM32H563ZGT6, STM32H563ZIT3Q, STM32H563ZIT6, STM32H573AII3Q, STM32H573AII6, STM32H573I-DK, STM32H573IIK3Q, STM32H573IIK6, STM32H573IIT3Q, STM32H573IIT6, STM32H573MIY3QTR, STM32H573RIT6, STM32H573RIV6, STM32H573VIT3Q, STM32H573VIT6, STM32H573ZIT3Q, STM32H573ZIT6, STM32H7R3A8I6, STM32H7R3I8K6, STM32H7R3I8T6, STM32H7R3L8H6, STM32H7R3L8H6H, STM32H7R3R8V6, STM32H7R3V8H6, STM32H7R3V8T6, STM32H7R3V8Y6TR, STM32H7R3Z8J6, STM32H7R3Z8T6, STM32H7R7A8I6, STM32H7R7I8K6, STM32H7R7I8T6, STM32H7R7L8H6, STM32H7R7L8H6H, STM32H7R7Z8J6, STM32H7S3A8I6, STM32H7S3I8K6, STM32H7S3I8T6, STM32H7S3L8H6, STM32H7S3L8H6H, STM32H7S3R8V6, STM32H7S3V8H6, STM32H7S3V8T6, STM32H7S3V8Y6TR, STM32H7S3Z8J6, STM32H7S3Z8T6, STM32H7S78-DK, STM32H7S7A8I6, STM32H7S7I8K6, STM32H7S7I8T6, STM32H7S7L8H6, STM32H7S7L8H6H, STM32H7S7Z8J6, STM32L4R5QGI6STR, STM32MP131AAE3, STM32MP131AAF3, STM32MP131AAG3, STM32MP131CAE3, STM32MP131CAF3, STM32MP131CAG3, STM32MP131DAE7, STM32MP131DAF7, STM32MP131DAG7, STM32MP131FAE7, STM32MP131FAF7, STM32MP131FAG7, STM32MP133AAE3, STM32MP133AAF3, STM32MP133AAG3, STM32MP133CAE3, STM32MP133CAF3, STM32MP133CAG3, STM32MP133DAE7, STM32MP133DAF7, STM32MP133DAG7, STM32MP133FAE7, STM32MP133FAF7, STM32MP133FAG7, STM32MP135AAE3, STM32MP135AAF3, STM32MP135AAG3, STM32MP135CAE3, STM32MP135CAF3, STM32MP135CAG3, STM32MP135DAE7, STM32MP135DAF7, STM32MP135DAG7, STM32MP135F-DK, STM32MP135FAE7, STM32MP135FAF7, STM32MP135FAF7T, STM32MP135FAF7U, STM32MP135FAG7, STM32MP211AAL3, STM32MP211AAM3, STM32MP211AAN3, STM32MP211AAO3, STM32MP211CAL3, STM32MP211CAM3, STM32MP211CAN3, STM32MP211CAO3, STM32MP211DAL3, STM32MP211DAM3, STM32MP211DAN3, STM32MP211DAO3, STM32MP211FAL3, STM32MP211FAM3, STM32MP211FAN3, STM32MP211FAO3, STM32MP213AAL3, STM32MP213AAM3, STM32MP213AAN3, STM32MP213AAO3, STM32MP213CAL3, STM32MP213CAM3, STM32MP213CAN3, STM32MP213CAO3, STM32MP213DAL3, STM32MP213DAM3, STM32MP213DAN3, STM32MP213DAO3, STM32MP213FAL3, STM32MP213FAM3, STM32MP213FAN3, STM32MP213FAO3, STM32MP215AAL3, STM32MP215AAM3, STM32MP215AAN3, STM32MP215AAO3, STM32MP215CAL3, STM32MP215CAM3, STM32MP215CAN3, STM32MP215CAO3, STM32MP215DAL3, STM32MP215DAM3, STM32MP215DAN3, STM32MP215DAO3, STM32MP215F-DK, STM32MP215FAL3, STM32MP215FAM3, STM32MP215FAN3, STM32MP215FAO3, STM32MP231AAJ3, STM32MP231AAK3, STM32MP231AAL3, STM32MP231CAJ3, STM32MP231CAK3, STM32MP231CAL3, STM32MP231DAJ3, STM32MP231DAK3, STM32MP231DAL3, STM32MP231FAJ3, STM32MP231FAK3, STM32MP231FAL3, STM32MP233AAJ3, STM32MP233AAK3, STM32MP233AAL3, STM32MP233CAJ3, STM32MP233CAK3, STM32MP233CAL3, STM32MP233DAJ3, STM32MP233DAK3, STM32MP233DAL3, STM32MP233FAJ3, STM32MP233FAK3, STM32MP233FAL3, STM32MP235AAJ3, STM32MP235AAK3, STM32MP235AAL3, STM32MP235CAJ3, STM32MP235CAK3, STM32MP235CAL3, STM32MP235DAJ3, STM32MP235DAK3, STM32MP235DAL3, STM32MP235FAJ3, STM32MP235FAK3, STM32MP235FAL3, STM32MP251AAI3, STM32MP251AAK3, STM32MP251AAL3, STM32MP251CAI3, STM32MP251CAK3, STM32MP251CAL3, STM32MP251DAI3, STM32MP251DAK3, STM32MP251DAL3, STM32MP251FAI3, STM32MP251FAK3, STM32MP251FAL3, STM32MP253AAI3, STM32MP253AAK3, STM32MP253AAL3, STM32MP253CAI3, STM32MP253CAK3, STM32MP253CAL3, STM32MP253DAI3, STM32MP253DAK3, STM32MP253DAL3, STM32MP253FAI3, STM32MP253FAK3, STM32MP253FAL3, STM32MP255AAI3, STM32MP255AAK3, STM32MP255AAL3, STM32MP255CAI3, STM32MP255CAK3, STM32MP255CAL3, STM32MP255DAI3, STM32MP255DAK3, STM32MP255DAL3, STM32MP255FAI3, STM32MP255FAK3, STM32MP255FAL3, STM32MP257AAI3, STM32MP257AAK3, STM32MP257AAL3, STM32MP257CAI3, STM32MP257CAK3, STM32MP257CAL3, STM32MP257DAI3, STM32MP257DAK3, STM32MP257DAL3, STM32MP257F-DK, STM32MP257F-EV1, STM32MP257FAI3, STM32MP257FAK3, STM32MP257FAL3, STM32N645A0H3Q, STM32N645B0H3Q, STM32N645I0H3Q, STM32N645L0H3Q, STM32N645X0H3Q, STM32N645Z0H3Q, STM32N647A0H3Q, STM32N647B0H3Q, STM32N647I0H3Q, STM32N647L0H3Q, STM32N647X0H3Q, STM32N647Z0H3Q, STM32N655A0H3Q, STM32N655B0H3Q, STM32N655I0H3Q, STM32N655L0H3Q, STM32N655X0H3Q, STM32N655Z0H3Q, STM32N6570-DK, STM32N657A0H3Q, STM32N657B0H3Q, STM32N657I0H3Q, STM32N657L0H3Q, STM32N657X0H3Q, STM32N657Z0H3Q, STM32U031C6T6, STM32U031C6U6, STM32U031C8T6, STM32U031C8U6, STM32U031F4P6, STM32U031F6P6, STM32U031F8P6, STM32U031G6Y6TR, STM32U031G8Y6TR, STM32U031K4U6, STM32U031K6U6, STM32U031K8U6, STM32U031R6I6, STM32U031R6T6, STM32U031R8I6, STM32U031R8T6, STM32U073C8T6, STM32U073C8U6, STM32U073CBT6, STM32U073CBU6, STM32U073CCT6, STM32U073CCU6, STM32U073H8Y6TR, STM32U073HBY6TR, STM32U073HCY6TR, STM32U073K8U6, STM32U073KBU6, STM32U073KCU6, STM32U073M8I6, STM32U073M8T6, STM32U073MBI6, STM32U073MBT6, STM32U073MCI6, STM32U073MCT6, STM32U073R8I6, STM32U073R8T6, STM32U073RBI6, STM32U073RBT6, STM32U073RCI6, STM32U073RCT6, STM32U083C-DK, STM32U083CCT6, STM32U083CCU6, STM32U083HCY6TR, STM32U083KCU6, STM32U083MCI6, STM32U083MCT6, STM32U083RCI6, STM32U083RCT6, STM32U375CET6, STM32U375CET6Q, STM32U375CEU6, STM32U375CEU6Q, STM32U375CEY6QTR, STM32U375CGT6, STM32U375CGT6Q, STM32U375CGU6, STM32U375CGU6Q, STM32U375CGY6QTR, STM32U375KEU6, STM32U375KGU6, STM32U375REI6, STM32U375REI6Q, STM32U375RET6, STM32U375RET6Q, STM32U375REY6GTR, STM32U375REY6QTR, STM32U375RGI6, STM32U375RGI6Q, STM32U375RGT6, STM32U375RGT6Q, STM32U375RGY6GTR, STM32U375RGY6QTR, STM32U375VEI6, STM32U375VEI6Q, STM32U375VET6, STM32U375VET6Q, STM32U375VGI6, STM32U375VGI6Q, STM32U375VGT6, STM32U375VGT6Q, STM32U385CGT6, STM32U385CGT6Q, STM32U385CGU6, STM32U385CGU6Q, STM32U385CGY6QTR, STM32U385KGU6, STM32U385RGI6, STM32U385RGI6Q, STM32U385RGT6, STM32U385RGT6Q, STM32U385RGY6GTR, STM32U385RGY6QTR, STM32U385VGI6, STM32U385VGI6Q, STM32U385VGT6, STM32U385VGT6Q, STM32U535CBT6, STM32U535CBT6Q, STM32U535CBU6, STM32U535CBU6Q, STM32U535CCT6, STM32U535CCT6Q, STM32U535CCU6, STM32U535CCU6Q, STM32U535CET6, STM32U535CET6Q, STM32U535CEU6, STM32U535CEU6Q, STM32U535JEY6QTR, STM32U535NCY6QTR, STM32U535NEY6QTR, STM32U535RBI6, STM32U535RBI6Q, STM32U535RBT6, STM32U535RBT6Q, STM32U535RCI6, STM32U535RCI6Q, STM32U535RCT6, STM32U535RCT6Q, STM32U535REI6, STM32U535REI6Q, STM32U535RET6, STM32U535RET6Q, STM32U535VCI6, STM32U535VCI6Q, STM32U535VCT6, STM32U535VCT6Q, STM32U535VEI6, STM32U535VEI6Q, STM32U535VET6, STM32U535VET6Q, STM32U545CET6, STM32U545CET6Q, STM32U545CEU6, STM32U545CEU6Q, STM32U545JEY6QTR, STM32U545NEY6QTR, STM32U545REI6, STM32U545REI6Q, STM32U545RET6, STM32U545RET6Q, STM32U545VEI6, STM32U545VEI6Q, STM32U545VET6, STM32U545VET6Q, STM32U595AIH6, STM32U595AIH6Q, STM32U595AJH6, STM32U595AJH6Q, STM32U595QII6, STM32U595QII6Q, STM32U595QJI6, STM32U595QJI6Q, STM32U595RIT6, STM32U595RIT6Q, STM32U595RJT6, STM32U595RJT6Q, STM32U595VIT6, STM32U595VIT6Q, STM32U595VJT6, STM32U595VJT6Q, STM32U595ZIT6, STM32U595ZIT6Q, STM32U595ZIY6QTR, STM32U595ZJT6, STM32U595ZJT6Q, STM32U595ZJY6QTR, STM32U599BJY6QTR, STM32U599NIH6Q, STM32U599NJH6Q, STM32U599VIT6Q, STM32U599VJT6, STM32U599VJT6Q, STM32U599ZIT6Q, STM32U599ZIY6QTR, STM32U599ZJT6Q, STM32U599ZJY6QTR, STM32U5A5AJH6, STM32U5A5AJH6Q, STM32U5A5QII3Q , STM32U5A5QJI6, STM32U5A5QJI6Q, STM32U5A5RJT6, STM32U5A5RJT6Q, STM32U5A5VJT6, STM32U5A5VJT6Q, STM32U5A5ZJT6, STM32U5A5ZJT6Q, STM32U5A5ZJY6QTR, STM32U5A9BJY6QTR, STM32U5A9J-DK, STM32U5A9NJH6Q, STM32U5A9VJT6Q, STM32U5A9ZJT6Q, STM32U5A9ZJY6QTR, STM32U5F7VIT6, STM32U5F7VIT6Q, STM32U5F7VJT6, STM32U5F7VJT6Q, STM32U5F9BJY6QTR, STM32U5F9NJH6Q, STM32U5F9VIT6Q, STM32U5F9VJT6Q, STM32U5F9ZIJ6QTR, STM32U5F9ZIT6Q, STM32U5F9ZJJ6QTR, STM32U5F9ZJT6Q, STM32U5G7VJT6, STM32U5G7VJT6Q, STM32U5G9BJY6QTR, STM32U5G9J-DK1, STM32U5G9J-DK2, STM32U5G9NJH6Q, STM32U5G9VJT6Q, STM32U5G9ZJJ6QTR, STM32U5G9ZJT6Q, STM32WB05KZV6TR, STM32WB05KZV7TR, STM32WB05TZF6TR, STM32WB05TZF7TR, STM32WB06CCF6TR, STM32WB06CCF7TR, STM32WB06CCV6TR, STM32WB06CCV7TR, STM32WB06KCV6TR, STM32WB06KCV7TR, STM32WB07CCF6TR, STM32WB07CCF7TR, STM32WB07CCV6TR, STM32WB07CCV7TR, STM32WB07KCV6TR, STM32WB07KCV7TR, STM32WB09KEV6TR, STM32WB09KEV7TR, STM32WB09TEF6TR, STM32WB09TEF7TR, STM32WB1MMCH6, STM32WBA50KGU6, STM32WBA50KGU6TR, STM32WBA52CEU6, STM32WBA52CEU6TR, STM32WBA52CEU7, STM32WBA52CEU7TR, STM32WBA52CGU6, STM32WBA52CGU6TR, STM32WBA52CGU6U, STM32WBA52CGU7, STM32WBA52CGU7TR, STM32WBA52KEU6, STM32WBA52KEU6TR, STM32WBA52KGU6, STM32WBA52KGU6TR, STM32WBA54CEU6, STM32WBA54CEU6TR, STM32WBA54CEU7, STM32WBA54CEU7TR, STM32WBA54CGU6, STM32WBA54CGU6TR, STM32WBA54CGU7, STM32WBA54CGU7TR, STM32WBA54KEU6, STM32WBA54KEU6TR, STM32WBA54KEU7, STM32WBA54KEU7TR, STM32WBA54KGU6, STM32WBA54KGU6TR, STM32WBA54KGU7, STM32WBA54KGU7TR, STM32WBA55CEU6, STM32WBA55CEU6TR, STM32WBA55CEU7, STM32WBA55CEU7TR, STM32WBA55CGU6, STM32WBA55CGU6TR, STM32WBA55CGU6U, STM32WBA55CGU7, STM32WBA55CGU7TR, STM32WBA55G-DK1, STM32WBA55HEF6, STM32WBA55HEF7, STM32WBA55HGF6, STM32WBA55HGF7, STM32WBA55UEI6, STM32WBA55UEI6TR, STM32WBA55UEI7, STM32WBA55UEI7TR, STM32WBA55UGI6, STM32WBA55UGI6TR, STM32WBA55UGI7, STM32WBA55UGI7TR, STM32WBA5MMGH6TR, STM32WBA62MGF6, STM32WBA62MIF6, STM32WBA65MGF7, STM32WBA65MIF6, STM32WBA65MIF7, STM32WL30K8V6, STM32WL30KBV6, STM32WL31C8V6, STM32WL31CBV6, STM32WL31K8V6, STM32WL31KBV6, STM32WL33C8V6, STM32WL33C8V6X, STM32WL33CBV6, STM32WL33CBV6X, STM32WL33CCV6, STM32WL33CCV6A, STM32WL33CCV6X, STM32WL33K8V7, STM32WL33K8V7X, STM32WL33KBV7 , STM32WL33KBV7X, STM32WL33KCV7, STM32WL33KCV7X, STM32WL5MOCH6, STM32WL5MOCH6TR]
2026-01-09 00:42:00,825 [INFO] DbMcus:218 - Found 4876 MCUs, 4876 are supported
2026-01-09 00:42:00,826 [INFO] ApiDb:423 - Load user favorites file C:\Users\MSI GF63/.stm32cubeide/favorites.mcus.txt: 0 item(s)
2026-01-09 00:42:00,826 [INFO] ApiDb:427 - User favorites MCUs=[]
2026-01-09 00:42:00,827 [INFO] DbMcus:224 - Set 0 / 0 favorites MCUs
2026-01-09 00:42:01,418 [INFO] BoardInfo:889 - No configuration file found for board P-NUCLEO-WB55
2026-01-09 00:42:01,419 [INFO] DbBoards:161 - Kit is not supported: P-NUCLEO-WB55
2026-01-09 00:42:01,427 [INFO] BoardInfo:889 - No configuration file found for board STEVAL-BFA001V1B
2026-01-09 00:42:01,429 [INFO] DbBoards:161 - Kit is not supported: STEVAL-BFA001V1B
2026-01-09 00:42:01,430 [INFO] BoardInfo:889 - No configuration file found for board STEVAL-BFA001V2B
2026-01-09 00:42:01,431 [INFO] DbBoards:161 - Kit is not supported: STEVAL-BFA001V2B
2026-01-09 00:42:01,694 [INFO] DbBoards:168 - Found 212 boards, 209 are supported
2026-01-09 00:42:01,696 [INFO] DbBoards:169 - Found 212 boards, 43 of them is supported for  Bsp
2026-01-09 00:42:01,699 [INFO] ApiDb:423 - Load user favorites file C:\Users\MSI GF63/.stm32cubeide/favorites.boards.txt: 0 item(s)
2026-01-09 00:42:01,700 [INFO] ApiDb:427 - User favorites Boards=[]
2026-01-09 00:42:01,700 [INFO] DbBoards:198 - Set 0 / 0 favorites Boards
2026-01-09 00:42:01,759 [INFO] UtilMem:75 - End LoadConfig() Used Memory: 245217264 Bytes (377487360)
2026-01-09 00:42:01,898 [WARN] ThirdParty:833 - waiting for thirdparty lock release [change project]
2026-01-09 00:42:01,898 [INFO] ThirdParty:835 - entering critical section [change project]
2026-01-09 00:42:01,898 [INFO] ThirdParty:1030 - CMSIS Pack Vendor :STMicroelectronics X-CUBE-PM33A1 1.0.0
2026-01-09 00:42:01,898 [INFO] ThirdParty:1030 - CMSIS Pack Vendor :STMicroelectronics USBPD 4.1
2026-01-09 00:42:01,899 [INFO] ThirdParty:1030 - CMSIS Pack Vendor :STMicroelectronics X-CUBE-GNSS1 6.0.0
2026-01-09 00:42:01,899 [INFO] ThirdParty:1030 - CMSIS Pack Vendor :STMicroelectronics USB_HOST 2.0.0
2026-01-09 00:42:01,899 [INFO] ThirdParty:1030 - CMSIS Pack Vendor :STMicroelectronics FP-SNS-MOTENVWB1 1.4.0
2026-01-09 00:42:01,899 [INFO] ThirdParty:1030 - CMSIS Pack Vendor :STMicroelectronics X-CUBE-AZRTOS-F4 1.1.0
2026-01-09 00:42:01,899 [INFO] ThirdParty:1030 - CMSIS Pack Vendor :STMicroelectronics LIBJPEG 8.0.0
2026-01-09 00:42:01,899 [INFO] ThirdParty:1030 - CMSIS Pack Vendor :STMicroelectronics FP-ATR-ASTRA1 2.0.2
2026-01-09 00:42:01,899 [INFO] ThirdParty:1030 - CMSIS Pack Vendor :wolfSSL I-CUBE-wolfSSL 5.6.4
2026-01-09 00:42:01,899 [INFO] ThirdParty:1030 - CMSIS Pack Vendor :STMicroelectronics FP-ATR-ASTRA1 2.0.1
2026-01-09 00:42:01,899 [INFO] ThirdParty:1030 - CMSIS Pack Vendor :Avnet-IotConnect X-CUBE-IoTC-DA16k-PMOD 1.0.0
2026-01-09 00:42:01,899 [INFO] ThirdParty:1030 - CMSIS Pack Vendor :STMicroelectronics X-CUBE-SMBUS 2.1.0
2026-01-09 00:42:01,899 [INFO] ThirdParty:1030 - CMSIS Pack Vendor :STMicroelectronics X-CUBE-WB05N 1.1.0
2026-01-09 00:42:01,899 [INFO] ThirdParty:1030 - CMSIS Pack Vendor :STMicroelectronics X-CUBE-ISPU 2.1.0
2026-01-09 00:42:01,899 [INFO] ThirdParty:1030 - CMSIS Pack Vendor :STMicroelectronics X-CUBE-IPS 3.2.0
2026-01-09 00:42:01,899 [INFO] ThirdParty:1030 - CMSIS Pack Vendor :wolfSSL I-CUBE-wolfSSL 5.6.6
2026-01-09 00:42:01,899 [INFO] ThirdParty:1030 - CMSIS Pack Vendor :STMicroelectronics X-CUBE-ST60 1.0.0
2026-01-09 00:42:01,899 [INFO] ThirdParty:1030 - CMSIS Pack Vendor :STMicroelectronics X-CUBE-TOUCHGFX 4.23.0
2026-01-09 00:42:01,899 [INFO] ThirdParty:1030 - CMSIS Pack Vendor :STMicroelectronics X-CUBE-NFC12 1.0.0
2026-01-09 00:42:01,899 [INFO] ThirdParty:1030 - CMSIS Pack Vendor :STMicroelectronics X-CUBE-AZRTOS-F7 1.1.0
2026-01-09 00:42:01,899 [INFO] ThirdParty:1030 - CMSIS Pack Vendor :STMicroelectronics X-CUBE-AZRTOS-L5 2.0.0
2026-01-09 00:42:01,899 [INFO] ThirdParty:1030 - CMSIS Pack Vendor :STMicroelectronics USB_DEVICE 2.0.0
2026-01-09 00:42:01,899 [INFO] ThirdParty:1030 - CMSIS Pack Vendor :STMicroelectronics X-CUBE-EEPRMA1 4.2.0
2026-01-09 00:42:01,899 [INFO] ThirdParty:1030 - CMSIS Pack Vendor :STMicroelectronics X-CUBE-NFC6 3.1.0
2026-01-09 00:42:01,899 [INFO] ThirdParty:1030 - CMSIS Pack Vendor :ITTIA_DB I-CUBE-ITTIADB 8.8.0
2026-01-09 00:42:01,899 [INFO] ThirdParty:1030 - CMSIS Pack Vendor :Cesanta I-CUBE-Mongoose 7.19.0
2026-01-09 00:42:01,899 [INFO] ThirdParty:1030 - CMSIS Pack Vendor :STMicroelectronics FP-SNS-MOTENV1 4.3.2
2026-01-09 00:42:01,899 [INFO] ThirdParty:1030 - CMSIS Pack Vendor :STMicroelectronics X-CUBE-MEMS1 11.0.0
2026-01-09 00:42:01,899 [INFO] ThirdParty:1030 - CMSIS Pack Vendor :STMicroelectronics FP-SNS-MOTENV1 5.1.0
2026-01-09 00:42:01,899 [INFO] ThirdParty:1030 - CMSIS Pack Vendor :STMicroelectronics FreeRTOS 0.0.1
2026-01-09 00:42:01,899 [INFO] ThirdParty:1030 - CMSIS Pack Vendor :STMicroelectronics X-CUBE-DPower 1.2.0
2026-01-09 00:42:01,899 [INFO] ThirdParty:1030 - CMSIS Pack Vendor :WES I-CUBE-Cesium 1.4.0
2026-01-09 00:42:01,899 [INFO] ThirdParty:1030 - CMSIS Pack Vendor :STMicroelectronics FP-SNS-FLIGHT1 5.0.2
2026-01-09 00:42:01,899 [INFO] ThirdParty:1030 - CMSIS Pack Vendor :Infineon AIROC-Wi-Fi-Bluetooth-STM32 1.7.0
2026-01-09 00:42:01,899 [INFO] ThirdParty:1030 - CMSIS Pack Vendor :Infineon AIROC-Wi-Fi-Bluetooth-STM32 1.7.1
2026-01-09 00:42:01,900 [INFO] ThirdParty:1030 - CMSIS Pack Vendor :STMicroelectronics PDM2PCM 3.3.0
2026-01-09 00:42:01,900 [INFO] ThirdParty:1030 - CMSIS Pack Vendor :STMicroelectronics X-CUBE-AZRTOS-H7 3.4.0
2026-01-09 00:42:01,900 [INFO] ThirdParty:1030 - CMSIS Pack Vendor :STMicroelectronics X-CUBE-DISPLAY 3.0.0
2026-01-09 00:42:01,900 [INFO] ThirdParty:1030 - CMSIS Pack Vendor :STMicroelectronics X-CUBE-BLE1 7.0.0
2026-01-09 00:42:01,900 [INFO] ThirdParty:1030 - CMSIS Pack Vendor :STMicroelectronics X-CUBE-NFC10 1.0.0
2026-01-09 00:42:01,900 [INFO] ThirdParty:1030 - CMSIS Pack Vendor :STMicroelectronics X-CUBE-BLEMGR 4.0.0
2026-01-09 00:42:01,900 [INFO] ThirdParty:1030 - CMSIS Pack Vendor :STMicroelectronics X-CUBE-FREERTOS 1.3.1
2026-01-09 00:42:01,900 [INFO] ThirdParty:1030 - CMSIS Pack Vendor :STMicroelectronics HAL Drivers 0.0.0
2026-01-09 00:42:01,900 [INFO] ThirdParty:1030 - CMSIS Pack Vendor :STMicroelectronics X-CUBE-ST60 1.1.0
2026-01-09 00:42:01,900 [INFO] ThirdParty:1030 - CMSIS Pack Vendor :emotas I-CUBE-CANOPEN 1.3.0
2026-01-09 00:42:01,900 [INFO] ThirdParty:1030 - CMSIS Pack Vendor :STMicroelectronics X-CUBE-FREERTOS 1.3.0
2026-01-09 00:42:01,900 [INFO] ThirdParty:1030 - CMSIS Pack Vendor :STMicroelectronics X-CUBE-NFC7 1.0.1
2026-01-09 00:42:01,900 [INFO] ThirdParty:1030 - CMSIS Pack Vendor :STMicroelectronics MBEDTLS 2.14.1
2026-01-09 00:42:01,900 [INFO] ThirdParty:1030 - CMSIS Pack Vendor :STMicroelectronics X-CUBE-GNSS1 7.1.0
2026-01-09 00:42:01,900 [INFO] ThirdParty:1030 - CMSIS Pack Vendor :STMicroelectronics X-CUBE-TOUCHGFX 4.22.1
2026-01-09 00:42:01,900 [INFO] ThirdParty:1030 - CMSIS Pack Vendor :STMicroelectronics X-CUBE-TOUCHGFX 4.26.0
2026-01-09 00:42:01,900 [INFO] ThirdParty:1030 - CMSIS Pack Vendor :STMicroelectronics X-CUBE-NFC6 3.0.0
2026-01-09 00:42:01,900 [INFO] ThirdParty:1030 - CMSIS Pack Vendor :quantropi X-CUBE-qispace-sdk-base 2.0.0
2026-01-09 00:42:01,900 [INFO] ThirdParty:1030 - CMSIS Pack Vendor :STMicroelectronics FP-SNS-STBOX1 2.1.0
2026-01-09 00:42:01,900 [INFO] ThirdParty:1030 - CMSIS Pack Vendor :STMicroelectronics FP-SNS-STAIOTCFT 1.0.0
2026-01-09 00:42:01,900 [INFO] ThirdParty:1030 - CMSIS Pack Vendor :STMicroelectronics FP-SNS-SMARTAG2 1.2.0
2026-01-09 00:42:01,900 [INFO] ThirdParty:1030 - CMSIS Pack Vendor :STMicroelectronics FP-SNS-FLIGHT1 5.1.0
2026-01-09 00:42:01,900 [INFO] ThirdParty:1030 - CMSIS Pack Vendor :STMicroelectronics X-CUBE-AZRTOS-WL 2.0.0
2026-01-09 00:42:01,900 [INFO] ThirdParty:1030 - CMSIS Pack Vendor :STMicroelectronics X-CUBE-DPower 1.3.0
2026-01-09 00:42:01,900 [INFO] ThirdParty:1030 - CMSIS Pack Vendor :STMicroelectronics FP-SNS-MOTENV1 5.0.0
2026-01-09 00:42:01,901 [INFO] ThirdParty:1030 - CMSIS Pack Vendor :STMicroelectronics USB_DEVICE 1.0.0
2026-01-09 00:42:01,901 [INFO] ThirdParty:1030 - CMSIS Pack Vendor :STMicroelectronics X-CUBE-AZRTOS-H7RS 1.2.0
2026-01-09 00:42:01,901 [INFO] ThirdParty:1030 - CMSIS Pack Vendor :STMicroelectronics X-CUBE-AI 8.1.0
2026-01-09 00:42:01,901 [INFO] ThirdParty:1030 - CMSIS Pack Vendor :wolfSSL I-CUBE-wolfMQTT 1.19.0
2026-01-09 00:42:01,901 [INFO] ThirdParty:1030 - CMSIS Pack Vendor :STMicroelectronics X-CUBE-AZRTOS-L4 2.0.0
2026-01-09 00:42:01,901 [INFO] ThirdParty:1030 - CMSIS Pack Vendor :STMicroelectronics ThreadX 0.0.2
2026-01-09 00:42:01,901 [INFO] ThirdParty:1030 - CMSIS Pack Vendor :WES I-CUBE-Cesium 1.3.0
2026-01-09 00:42:01,901 [INFO] ThirdParty:1030 - CMSIS Pack Vendor :STMicroelectronics lwIP 2.1.2
2026-01-09 00:42:01,901 [INFO] ThirdParty:1030 - CMSIS Pack Vendor :STMicroelectronics X-CUBE-SFXS2LP1 4.0.0
2026-01-09 00:42:01,901 [INFO] ThirdParty:1030 - CMSIS Pack Vendor :STMicroelectronics X-CUBE-BLE2 3.3.0
2026-01-09 00:42:01,901 [INFO] ThirdParty:1030 - CMSIS Pack Vendor :Avnet-IOTCONNECT X-CUBE-iotc-st67-sdk 1.0.0
2026-01-09 00:42:01,901 [INFO] ThirdParty:1030 - CMSIS Pack Vendor :STMicroelectronics PDM2PCM 3.2.0
2026-01-09 00:42:01,901 [INFO] ThirdParty:1030 - CMSIS Pack Vendor :STMicroelectronics X-CUBE-AZRTOS-H7 3.3.0
2026-01-09 00:42:01,901 [INFO] ThirdParty:1030 - CMSIS Pack Vendor :STMicroelectronics X-CUBE-NFC9 1.0.0
2026-01-09 00:42:01,901 [INFO] ThirdParty:1030 - CMSIS Pack Vendor :wolfSSL I-CUBE-wolfSSL 5.8.0
2026-01-09 00:42:01,901 [INFO] ThirdParty:1030 - CMSIS Pack Vendor :wolfSSL I-CUBE-wolfSSL 5.8.2
2026-01-09 00:42:01,901 [INFO] ThirdParty:1030 - CMSIS Pack Vendor :STMicroelectronics X-CUBE-BLE1 7.1.0
2026-01-09 00:42:01,901 [INFO] ThirdParty:1030 - CMSIS Pack Vendor :wolfSSL I-CUBE-wolfMQTT 1.19.2
2026-01-09 00:42:01,901 [INFO] ThirdParty:1030 - CMSIS Pack Vendor :STMicroelectronics USB_DEVICE 3.0.0
2026-01-09 00:42:01,901 [INFO] ThirdParty:1030 - CMSIS Pack Vendor :STMicroelectronics X-CUBE-TCPP 4.1.0
2026-01-09 00:42:01,902 [INFO] ThirdParty:1030 - CMSIS Pack Vendor :STMicroelectronics X-CUBE-FREERTOS 1.4.0
2026-01-09 00:42:01,902 [INFO] ThirdParty:1030 - CMSIS Pack Vendor :STMicroelectronics X-CUBE-EEPRMA1 5.2.0
2026-01-09 00:42:01,902 [INFO] ThirdParty:1030 - CMSIS Pack Vendor :STMicroelectronics X-CUBE-BLEMGR 4.1.0
2026-01-09 00:42:01,902 [INFO] ThirdParty:1030 - CMSIS Pack Vendor :STMicroelectronics X-CUBE-IPS 3.0.0
2026-01-09 00:42:01,902 [INFO] ThirdParty:1030 - CMSIS Pack Vendor :STMicroelectronics X-CUBE-AZRTOS-WB 2.0.0
2026-01-09 00:42:01,902 [INFO] ThirdParty:1030 - CMSIS Pack Vendor :STMicroelectronics X-CUBE-GNSS1 7.0.0
2026-01-09 00:42:01,902 [INFO] ThirdParty:1030 - CMSIS Pack Vendor :STMicroelectronics X-CUBE-GNSS1 7.0.1
2026-01-09 00:42:01,902 [INFO] ThirdParty:1030 - CMSIS Pack Vendor :STMicroelectronics X-CUBE-TOUCHGFX 4.25.0
2026-01-09 00:42:01,902 [INFO] ThirdParty:1030 - CMSIS Pack Vendor :STMicroelectronics X-CUBE-ST67W61 1.1.0
2026-01-09 00:42:01,902 [INFO] ThirdParty:1030 - CMSIS Pack Vendor :STMicroelectronics X-CUBE-AI 10.1.0
2026-01-09 00:42:01,902 [INFO] ThirdParty:1030 - CMSIS Pack Vendor :STMicroelectronics FP-SNS-STBOX1 2.0.0
2026-01-09 00:42:01,902 [INFO] ThirdParty:1030 - CMSIS Pack Vendor :quantropi X-CUBE-qispace-sdk-base 2.1.0
2026-01-09 00:42:01,902 [INFO] ThirdParty:1030 - CMSIS Pack Vendor :STMicroelectronics X-CUBE-MEMS1 12.0.0
2026-01-09 00:42:01,902 [INFO] ThirdParty:1030 - CMSIS Pack Vendor :STMicroelectronics X-CUBE-ALGOBUILD 1.3.0
2026-01-09 00:42:01,902 [INFO] ThirdParty:1030 - CMSIS Pack Vendor :STMicroelectronics X-CUBE-AZRTOS-G0 1.1.0
2026-01-09 00:42:01,902 [INFO] ThirdParty:1030 - CMSIS Pack Vendor :STMicroelectronics X-CUBE-SAFEA1 1.2.2
2026-01-09 00:42:01,902 [INFO] ThirdParty:1030 - CMSIS Pack Vendor :STMicroelectronics X-CUBE-NFC4 3.0.0
2026-01-09 00:42:01,902 [INFO] ThirdParty:1030 - CMSIS Pack Vendor :STMicroelectronics X-CUBE-SUBG2 5.0.0
2026-01-09 00:42:01,902 [INFO] ThirdParty:1030 - CMSIS Pack Vendor :STMicroelectronics X-CUBE-AZRTOS-H7RS 1.1.0
2026-01-09 00:42:01,902 [INFO] ThirdParty:1030 - CMSIS Pack Vendor :STMicroelectronics STM32_WPAN 1.0.0
2026-01-09 00:42:01,902 [INFO] ThirdParty:1030 - CMSIS Pack Vendor :EmbeddedOffice I-CUBE-FS-RTOS 1.0.1
2026-01-09 00:42:01,902 [INFO] ThirdParty:1030 - CMSIS Pack Vendor :STMicroelectronics lwIP 2.0.3
2026-01-09 00:42:01,902 [INFO] ThirdParty:1030 - CMSIS Pack Vendor :Cesanta I-CUBE-Mongoose 7.13.0
2026-01-09 00:42:01,902 [INFO] ThirdParty:1030 - CMSIS Pack Vendor :STMicroelectronics USB_HOST 1.0.0
2026-01-09 00:42:01,902 [INFO] ThirdParty:1030 - CMSIS Pack Vendor :STMicroelectronics X-CUBE-AZRTOS-G4 2.0.0
2026-01-09 00:42:01,903 [INFO] ThirdParty:1030 - CMSIS Pack Vendor :STMicroelectronics X-CUBE-WB05N 2.0.0
2026-01-09 00:42:01,903 [INFO] ThirdParty:1030 - CMSIS Pack Vendor :STMicroelectronics PDM2PCM 3.1.0
2026-01-09 00:42:01,903 [INFO] ThirdParty:1030 - CMSIS Pack Vendor :Infineon AIROC-Wi-Fi-Bluetooth-STM32 1.5.1
2026-01-09 00:42:01,903 [INFO] ThirdParty:1030 - CMSIS Pack Vendor :STMicroelectronics X-CUBE-BLEMGR 3.0.0
2026-01-09 00:42:01,903 [INFO] ThirdParty:1030 - CMSIS Pack Vendor :wolfSSL I-CUBE-wolfTPM 3.8.0
2026-01-09 00:42:01,903 [INFO] ThirdParty:1030 - CMSIS Pack Vendor :wolfSSL I-CUBE-wolfSSH 1.4.20
2026-01-09 00:42:01,903 [INFO] ThirdParty:1030 - CMSIS Pack Vendor :STMicroelectronics X-CUBE-NFC7 2.0.0
2026-01-09 00:42:01,903 [INFO] ThirdParty:1030 - CMSIS Pack Vendor :STMicroelectronics X-CUBE-TCPP 4.2.0
2026-01-09 00:42:01,903 [INFO] ThirdParty:1030 - CMSIS Pack Vendor :RealThread X-CUBE-RT-Thread_Nano 4.1.1
2026-01-09 00:42:01,903 [INFO] ThirdParty:1030 - CMSIS Pack Vendor :STMicroelectronics FP-SNS-MOTENVWB1 1.3.1
2026-01-09 00:42:01,903 [INFO] ThirdParty:1030 - CMSIS Pack Vendor :STMicroelectronics FP-ATR-SIGFOX1 3.2.0
2026-01-09 00:42:01,903 [INFO] ThirdParty:1030 - CMSIS Pack Vendor :quantropi X-CUBE-qispace-sdk-base 1.9.3
2026-01-09 00:42:01,903 [INFO] ThirdParty:1030 - CMSIS Pack Vendor :STMicroelectronics X-CUBE-ISPU 2.0.0
2026-01-09 00:42:01,903 [INFO] ThirdParty:1030 - CMSIS Pack Vendor :STMicroelectronics X-CUBE-EEPRMA1 5.1.0
2026-01-09 00:42:01,903 [INFO] ThirdParty:1030 - CMSIS Pack Vendor :STMicroelectronics MBEDTLS 2.16.2
2026-01-09 00:42:01,903 [INFO] ThirdParty:1030 - CMSIS Pack Vendor :STMicroelectronics X-CUBE-IPS 3.1.0
2026-01-09 00:42:01,903 [INFO] ThirdParty:1030 - CMSIS Pack Vendor :STMicroelectronics X-CUBE-ALS 1.0.2
2026-01-09 00:42:01,903 [INFO] ThirdParty:1030 - CMSIS Pack Vendor :STMicroelectronics X-CUBE-MEMS1 10.0.0
2026-01-09 00:42:01,903 [INFO] ThirdParty:1030 - CMSIS Pack Vendor :STMicroelectronics X-CUBE-FREERTOS 1.1.0
2026-01-09 00:42:01,903 [INFO] ThirdParty:1030 - CMSIS Pack Vendor :ITTIA_DB I-CUBE-ITTIADB 8.9.0
2026-01-09 00:42:01,903 [INFO] ThirdParty:1030 - CMSIS Pack Vendor :STMicroelectronics X-CUBE-TOUCHGFX 4.24.1
2026-01-09 00:42:01,903 [INFO] ThirdParty:1030 - CMSIS Pack Vendor :STMicroelectronics X-CUBE-STSE01 1.0.0
2026-01-09 00:42:01,903 [INFO] ThirdParty:1030 - CMSIS Pack Vendor :wolfSSL I-CUBE-wolfTPM 3.4.0
2026-01-09 00:42:01,903 [INFO] ThirdParty:1030 - CMSIS Pack Vendor :portGmbH I-Cube-SoM-uGOAL 1.1.0
2026-01-09 00:42:01,903 [INFO] ThirdParty:1030 - CMSIS Pack Vendor :STMicroelectronics X-CUBE-ALS 1.0.1
2026-01-09 00:42:01,903 [INFO] ThirdParty:1030 - CMSIS Pack Vendor :STMicroelectronics X-CUBE-ST67W61 1.0.0
2026-01-09 00:42:01,903 [INFO] ThirdParty:1030 - CMSIS Pack Vendor :STMicroelectronics X-CUBE-AI 10.2.0
2026-01-09 00:42:01,903 [INFO] ThirdParty:1030 - CMSIS Pack Vendor :STMicroelectronics ThreadX 1.0.0
2026-01-09 00:42:01,903 [INFO] ThirdParty:1030 - CMSIS Pack Vendor :SEGGER I-CUBE-embOS 1.3.1
2026-01-09 00:42:01,903 [INFO] ThirdParty:1030 - CMSIS Pack Vendor :STMicroelectronics X-CUBE-ALGOBUILD 1.4.0
2026-01-09 00:42:01,903 [INFO] ThirdParty:1030 - CMSIS Pack Vendor :STMicroelectronics X-CUBE-MEMS1 11.3.0
2026-01-09 00:42:01,903 [INFO] ThirdParty:1030 - CMSIS Pack Vendor :STMicroelectronics X-CUBE-AZRTOS-H7RS 1.0.0
2026-01-09 00:42:01,903 [INFO] ThirdParty:1030 - CMSIS Pack Vendor :STMicroelectronics FP-ATR-ASTRA1 2.0.0
2026-01-09 00:42:01,904 [INFO] ThirdParty:1030 - CMSIS Pack Vendor :STMicroelectronics X-CUBE-TOF1 3.4.2
2026-01-09 00:42:01,904 [INFO] ThirdParty:1030 - CMSIS Pack Vendor :STMicroelectronics X-CUBE-TOF1 3.4.3
2026-01-09 00:42:01,904 [INFO] ThirdParty:1030 - CMSIS Pack Vendor :STMicroelectronics X-CUBE-AI 9.1.0
2026-01-09 00:42:01,904 [INFO] ThirdParty:1030 - CMSIS Pack Vendor :STMicroelectronics X-CUBE-TOF1 3.4.0
2026-01-09 00:42:01,904 [INFO] ThirdParty:1030 - CMSIS Pack Vendor :STMicroelectronics X-CUBE-AZRTOS-H7 3.2.0
2026-01-09 00:42:01,904 [INFO] ThirdParty:1030 - CMSIS Pack Vendor :wolfSSL I-CUBE-wolfSSH 1.4.17
2026-01-09 00:42:01,904 [INFO] ThirdParty:841 - exiting critical section [change project]
2026-01-09 00:42:02,164 [INFO] PinOutPanel:1589 - setPackage(No Configuration,No Configuration)
2026-01-09 00:42:02,166 [INFO] PinOutPanel:1589 - setPackage(STM32F103C8Tx,LQFP48)
2026-01-09 00:42:02,586 [INFO] UtilMem:75 - Before build in PCC Used Memory: 265932744 Bytes (377487360)
2026-01-09 00:42:03,339 [INFO] UtilMem:75 - After build in PCC Used Memory: 336241424 Bytes (377487360)
2026-01-09 00:42:03,365 [INFO] IPUIPlugin:80 - create IPUIPlugin
2026-01-09 00:42:03,365 [INFO] IPUIPlugin:80 - create IPUIPlugin
2026-01-09 00:42:03,366 [INFO] IPUIPlugin:80 - create IPUIPlugin
2026-01-09 00:42:03,366 [INFO] IPUIPlugin:80 - create IPUIPlugin
2026-01-09 00:42:03,366 [INFO] IPUIPlugin:80 - create IPUIPlugin
2026-01-09 00:42:03,366 [INFO] IPUIPlugin:80 - create IPUIPlugin
2026-01-09 00:42:03,366 [INFO] IPUIPlugin:80 - create IPUIPlugin
2026-01-09 00:42:03,366 [INFO] IPUIPlugin:80 - create IPUIPlugin
2026-01-09 00:42:03,366 [INFO] IPUIPlugin:80 - create IPUIPlugin
2026-01-09 00:42:03,366 [INFO] IPUIPlugin:80 - create IPUIPlugin
2026-01-09 00:42:03,367 [INFO] IPUIPlugin:80 - create IPUIPlugin
2026-01-09 00:42:03,367 [INFO] IPUIPlugin:80 - create IPUIPlugin
2026-01-09 00:42:03,367 [INFO] IPUIPlugin:80 - create IPUIPlugin
2026-01-09 00:42:03,367 [INFO] IPUIPlugin:80 - create IPUIPlugin
2026-01-09 00:42:03,367 [INFO] IPUIPlugin:80 - create IPUIPlugin
2026-01-09 00:42:03,367 [INFO] IPUIPlugin:80 - create IPUIPlugin
2026-01-09 00:42:03,367 [INFO] IPUIPlugin:80 - create IPUIPlugin
2026-01-09 00:42:03,375 [INFO] IPUIPlugin:80 - create IPUIPlugin
2026-01-09 00:42:03,375 [INFO] IPUIPlugin:80 - create IPUIPlugin
2026-01-09 00:42:03,375 [INFO] IPUIPlugin:80 - create IPUIPlugin
2026-01-09 00:42:03,376 [INFO] IPUIPlugin:80 - create IPUIPlugin
2026-01-09 00:42:03,376 [INFO] IPUIPlugin:80 - create IPUIPlugin
2026-01-09 00:42:03,376 [INFO] IPUIPlugin:80 - create IPUIPlugin
2026-01-09 00:42:03,376 [INFO] IPUIPlugin:80 - create IPUIPlugin
2026-01-09 00:42:03,376 [INFO] IPUIPlugin:80 - create IPUIPlugin
2026-01-09 00:42:03,377 [INFO] IPUIPlugin:80 - create IPUIPlugin
2026-01-09 00:42:03,377 [INFO] IPUIPlugin:80 - create IPUIPlugin
2026-01-09 00:42:03,606 [INFO] CADModel:165 - CPN selected for project levelSTM32F103C8T6
2026-01-09 00:42:03,606 [INFO] CADModel:114 - Register for checkConnection events
2026-01-09 00:42:03,662 [INFO] OpenFileManager:386 - Restore cursor
2026-01-09 01:27:04,433 [INFO] NvicIntPanel:101 - NVIC parent = com.st.microxplorer.plugins.ip.nvic.MultiNvicIntPanel[,0,0,450x161,layout=javax.swing.BoxLayout,alignmentX=0.0,alignmentY=0.0,border=,flags=9,maximumSize=,minimumSize=,preferredSize=]
2026-01-09 01:27:14,920 [INFO] NvicIntPanel:101 - NVIC parent = com.st.microxplorer.plugins.ip.nvic.MultiNvicIntPanel[,0,0,0x0,invalid,layout=javax.swing.BoxLayout,alignmentX=0.0,alignmentY=0.0,border=,flags=9,maximumSize=,minimumSize=,preferredSize=]
2026-01-09 01:27:19,849 [INFO] UtilMem:75 - End SaveConfig() Used Memory: 847539280 Bytes (1073741824)
2026-01-09 01:27:21,177 [INFO] UtilMem:75 - End SaveConfig() Used Memory: 866943592 Bytes (1073741824)
2026-01-09 01:27:22,495 [INFO] UtilMem:75 - End SaveConfig() Used Memory: 901546520 Bytes (1073741824)
2026-01-09 01:27:23,073 [INFO] BlockDiagram:2775 - set Specific Code input for plugin: RTC
2026-01-09 01:27:23,073 [INFO] BlockDiagram:2775 - set Specific Code input for plugin: SPI
2026-01-09 01:27:23,074 [INFO] BlockDiagram:2775 - set Specific Code input for plugin: NVIC
2026-01-09 01:27:23,074 [INFO] BlockDiagram:2775 - set Specific Code input for plugin: USART
2026-01-09 01:27:23,074 [INFO] BlockDiagram:2775 - set Specific Code input for plugin: DMA
2026-01-09 01:27:23,074 [INFO] BlockDiagram:2775 - set Specific Code input for plugin: SYS
2026-01-09 01:27:23,074 [INFO] BlockDiagram:2775 - set Specific Code input for plugin: GPIO
2026-01-09 01:27:23,075 [INFO] BlockDiagram:2775 - set Specific Code input for plugin: RCC
2026-01-09 01:27:23,076 [INFO] CodeGenerator:892 - code generatio: config db path: C:\Users\MSI GF63\STM32CubeIDE_1.14.0\STM32CubeIDE\plugins\com.st.stm32cube.common.mx_6.15.0.202507011659\\db\
2026-01-09 01:27:23,286 [INFO] CodeEngine:265 - oldGeneratedFile, E:\sem07\fyp\stm32\sensor_node\s_cap_iot_node\MXTmpFiles\license.tmp_save
2026-01-09 01:27:23,723 [INFO] CodeEngine:289 - Generated code: E:\sem07\fyp\stm32\sensor_node\s_cap_iot_node\MXTmpFiles\license.tmp
2026-01-09 01:27:23,840 [INFO] CodeEngine:265 - oldGeneratedFile, E:\sem07\fyp\stm32\sensor_node\s_cap_iot_node\Core\Src\gpio.c_save
2026-01-09 01:27:23,981 [INFO] CodeEngine:289 - Generated code: E:\sem07\fyp\stm32\sensor_node\s_cap_iot_node\Core\Src\gpio.c
2026-01-09 01:27:23,986 [INFO] CodeEngine:265 - oldGeneratedFile, E:\sem07\fyp\stm32\sensor_node\s_cap_iot_node\Core\Inc\gpio.h_save
2026-01-09 01:27:24,051 [INFO] CodeEngine:289 - Generated code: E:\sem07\fyp\stm32\sensor_node\s_cap_iot_node\Core\Inc\gpio.h
2026-01-09 01:27:24,217 [INFO] CodeEngine:265 - oldGeneratedFile, E:\sem07\fyp\stm32\sensor_node\s_cap_iot_node\Core\Src\dma.c_save
2026-01-09 01:27:24,295 [INFO] CodeEngine:289 - Generated code: E:\sem07\fyp\stm32\sensor_node\s_cap_iot_node\Core\Src\dma.c
2026-01-09 01:27:24,301 [INFO] CodeEngine:265 - oldGeneratedFile, E:\sem07\fyp\stm32\sensor_node\s_cap_iot_node\Core\Inc\dma.h_save
2026-01-09 01:27:24,361 [INFO] CodeEngine:289 - Generated code: E:\sem07\fyp\stm32\sensor_node\s_cap_iot_node\Core\Inc\dma.h
2026-01-09 01:27:24,372 [INFO] CodeEngine:265 - oldGeneratedFile, E:\sem07\fyp\stm32\sensor_node\s_cap_iot_node\Core\Src\rtc.c_save
2026-01-09 01:27:24,493 [INFO] CodeEngine:289 - Generated code: E:\sem07\fyp\stm32\sensor_node\s_cap_iot_node\Core\Src\rtc.c
2026-01-09 01:27:24,498 [INFO] CodeEngine:265 - oldGeneratedFile, E:\sem07\fyp\stm32\sensor_node\s_cap_iot_node\Core\Inc\rtc.h_save
2026-01-09 01:27:24,559 [INFO] CodeEngine:289 - Generated code: E:\sem07\fyp\stm32\sensor_node\s_cap_iot_node\Core\Inc\rtc.h
2026-01-09 01:27:24,570 [INFO] CodeEngine:265 - oldGeneratedFile, E:\sem07\fyp\stm32\sensor_node\s_cap_iot_node\Core\Src\spi.c_save
2026-01-09 01:27:24,671 [INFO] CodeEngine:289 - Generated code: E:\sem07\fyp\stm32\sensor_node\s_cap_iot_node\Core\Src\spi.c
2026-01-09 01:27:24,676 [INFO] CodeEngine:265 - oldGeneratedFile, E:\sem07\fyp\stm32\sensor_node\s_cap_iot_node\Core\Inc\spi.h_save
2026-01-09 01:27:24,741 [INFO] CodeEngine:289 - Generated code: E:\sem07\fyp\stm32\sensor_node\s_cap_iot_node\Core\Inc\spi.h
2026-01-09 01:27:24,752 [INFO] CodeEngine:265 - oldGeneratedFile, E:\sem07\fyp\stm32\sensor_node\s_cap_iot_node\Core\Src\usart.c_save
2026-01-09 01:27:24,830 [INFO] CodeEngine:289 - Generated code: E:\sem07\fyp\stm32\sensor_node\s_cap_iot_node\Core\Src\usart.c
2026-01-09 01:27:24,835 [INFO] CodeEngine:265 - oldGeneratedFile, E:\sem07\fyp\stm32\sensor_node\s_cap_iot_node\Core\Inc\usart.h_save
2026-01-09 01:27:24,891 [INFO] CodeEngine:289 - Generated code: E:\sem07\fyp\stm32\sensor_node\s_cap_iot_node\Core\Inc\usart.h
2026-01-09 01:27:24,904 [INFO] CodeEngine:265 - oldGeneratedFile, E:\sem07\fyp\stm32\sensor_node\s_cap_iot_node\Core\Src\stm32f1xx_it.c_save
2026-01-09 01:27:25,000 [INFO] CodeEngine:289 - Generated code: E:\sem07\fyp\stm32\sensor_node\s_cap_iot_node\Core\Src\stm32f1xx_it.c
2026-01-09 01:27:25,005 [INFO] CodeEngine:265 - oldGeneratedFile, E:\sem07\fyp\stm32\sensor_node\s_cap_iot_node\Core\Inc\stm32f1xx_it.h_save
2026-01-09 01:27:25,056 [INFO] CodeEngine:289 - Generated code: E:\sem07\fyp\stm32\sensor_node\s_cap_iot_node\Core\Inc\stm32f1xx_it.h
2026-01-09 01:27:25,069 [INFO] CodeEngine:265 - oldGeneratedFile, E:\sem07\fyp\stm32\sensor_node\s_cap_iot_node\Core\Src\stm32f1xx_hal_msp.c_save
2026-01-09 01:27:25,149 [INFO] CodeEngine:289 - Generated code: E:\sem07\fyp\stm32\sensor_node\s_cap_iot_node\Core\Src\stm32f1xx_hal_msp.c
2026-01-09 01:27:25,153 [INFO] CodeEngine:265 - oldGeneratedFile, E:\sem07\fyp\stm32\sensor_node\s_cap_iot_node\MXTmpFiles\system.tmp_save
2026-01-09 01:27:25,203 [INFO] CodeEngine:289 - Generated code: E:\sem07\fyp\stm32\sensor_node\s_cap_iot_node\MXTmpFiles\system.tmp
2026-01-09 01:27:25,214 [INFO] CodeEngine:321 - oldGeneratedFile, E:\sem07\fyp\stm32\sensor_node\s_cap_iot_node\Core\Inc\stm32f1xx_hal_conf.h_save
2026-01-09 01:27:25,271 [INFO] CodeEngine:345 - Generated code: E:\sem07\fyp\stm32\sensor_node\s_cap_iot_node\Core\Inc\stm32f1xx_hal_conf.h
2026-01-09 01:27:25,303 [INFO] ApiDbMcu:532 - Load IP Config File for RTC
2026-01-09 01:27:25,306 [INFO] ApiDbMcu:532 - Load IP Config File for SPI1
2026-01-09 01:27:25,311 [INFO] ApiDbMcu:532 - Load IP Config File for USART2
2026-01-09 01:27:25,313 [INFO] ApiDbMcu:532 - Load IP Config File for RCC
2026-01-09 01:27:25,324 [INFO] CodeEngine:265 - oldGeneratedFile, E:\sem07\fyp\stm32\sensor_node\s_cap_iot_node\Core\Inc\main.h_save
2026-01-09 01:27:25,399 [INFO] CodeEngine:289 - Generated code: E:\sem07\fyp\stm32\sensor_node\s_cap_iot_node\Core\Inc\main.h
2026-01-09 01:27:25,405 [INFO] CodeEngine:265 - oldGeneratedFile, E:\sem07\fyp\stm32\sensor_node\s_cap_iot_node\Core\Src\main.c_save
2026-01-09 01:27:25,507 [INFO] CodeEngine:289 - Generated code: E:\sem07\fyp\stm32\sensor_node\s_cap_iot_node\Core\Src\main.c
2026-01-09 01:27:25,887 [INFO] ProjectBuilder:3606 - Time for Copy HAL[1] : 189mS.
2026-01-09 01:27:25,892 [INFO] ProjectBuilder:5216 - Project Generator version: 4.7.0-B52
2026-01-09 01:27:25,968 [INFO] ConfigFileManager:1595 - The Die is : DIE410
2026-01-09 01:27:25,980 [INFO] ApiDbMcu:532 - Load IP Config File for FATFS
2026-01-09 01:27:25,985 [INFO] ApiDbMcu:532 - Load IP Config File for FREERTOS
2026-01-09 01:27:25,992 [INFO] ApiDbMcu:532 - Load IP Config File for USB_DEVICE
2026-01-09 01:27:26,348 [INFO] LogOutputStream:77 - [STDOUT_REDIRECT] 
2026-01-09 01:27:27,292 [INFO] ProjectBuilder:5496 - Time for Generating toolchain IDE Files: 1399mS.
2026-01-09 01:27:27,294 [INFO] ProjectBuilder:3463 - Time for Copy CMSIS : 0mS.
2026-01-09 01:27:27,296 [INFO] ProjectBuilder:3463 - Time for Copy CMSIS : 0mS.
2026-01-09 02:21:11,512 [INFO] NvicIntPanel:101 - NVIC parent = com.st.microxplorer.plugins.ip.nvic.MultiNvicIntPanel[,0,0,0x0,invalid,layout=javax.swing.BoxLayout,alignmentX=0.0,alignmentY=0.0,border=,flags=9,maximumSize=,minimumSize=,preferredSize=]
2026-01-09 02:24:13,791 [INFO] NvicIntPanel:101 - NVIC parent = com.st.microxplorer.plugins.ip.nvic.MultiNvicIntPanel[,0,0,0x0,invalid,layout=javax.swing.BoxLayout,alignmentX=0.0,alignmentY=0.0,border=,flags=9,maximumSize=,minimumSize=,preferredSize=]
2026-01-09 02:24:54,287 [INFO] UtilMem:75 - End SaveConfig() Used Memory: 820150520 Bytes (1073741824)
2026-01-09 02:24:56,095 [INFO] UtilMem:75 - End SaveConfig() Used Memory: 837449976 Bytes (1073741824)
2026-01-09 02:24:57,395 [INFO] UtilMem:75 - End SaveConfig() Used Memory: 880441592 Bytes (1073741824)
2026-01-09 02:24:57,640 [INFO] BlockDiagram:2775 - set Specific Code input for plugin: RTC
2026-01-09 02:24:57,640 [INFO] BlockDiagram:2775 - set Specific Code input for plugin: SPI
2026-01-09 02:24:57,641 [INFO] BlockDiagram:2775 - set Specific Code input for plugin: NVIC
2026-01-09 02:24:57,641 [INFO] BlockDiagram:2775 - set Specific Code input for plugin: USART
2026-01-09 02:24:57,641 [INFO] BlockDiagram:2775 - set Specific Code input for plugin: DMA
2026-01-09 02:24:57,641 [INFO] BlockDiagram:2775 - set Specific Code input for plugin: SYS
2026-01-09 02:24:57,641 [INFO] BlockDiagram:2775 - set Specific Code input for plugin: GPIO
2026-01-09 02:24:57,641 [INFO] BlockDiagram:2775 - set Specific Code input for plugin: RCC
2026-01-09 02:24:57,643 [INFO] CodeGenerator:892 - code generatio: config db path: C:\Users\MSI GF63\STM32CubeIDE_1.14.0\STM32CubeIDE\plugins\com.st.stm32cube.common.mx_6.15.0.202507011659\\db\
2026-01-09 02:24:57,657 [INFO] Argument:325 - Argument : hdmavalue: null
2026-01-09 02:24:57,657 [INFO] Argument:327 - 	 sub Args: 
2026-01-09 02:24:57,657 [INFO] Argument:325 - Argument : Instancevalue: DMA1_Channel6
2026-01-09 02:24:57,657 [INFO] Argument:335 - Argument : Instancevalue: DMA1_Channel6
2026-01-09 02:24:57,657 [INFO] Argument:325 - Argument : Initvalue: null
2026-01-09 02:24:57,658 [INFO] Argument:327 - 	 sub Args: 
2026-01-09 02:24:57,658 [INFO] Argument:325 - Argument : Directionvalue: DMA_PERIPH_TO_MEMORY
2026-01-09 02:24:57,658 [INFO] Argument:335 - Argument : Directionvalue: DMA_PERIPH_TO_MEMORY
2026-01-09 02:24:57,658 [INFO] Argument:325 - Argument : PeriphIncvalue: DMA_PINC_DISABLE
2026-01-09 02:24:57,658 [INFO] Argument:335 - Argument : PeriphIncvalue: DMA_PINC_DISABLE
2026-01-09 02:24:57,658 [INFO] Argument:325 - Argument : MemIncvalue: DMA_MINC_ENABLE
2026-01-09 02:24:57,658 [INFO] Argument:335 - Argument : MemIncvalue: DMA_MINC_ENABLE
2026-01-09 02:24:57,658 [INFO] Argument:325 - Argument : PeriphDataAlignmentvalue: DMA_PDATAALIGN_BYTE
2026-01-09 02:24:57,658 [INFO] Argument:335 - Argument : PeriphDataAlignmentvalue: DMA_PDATAALIGN_BYTE
2026-01-09 02:24:57,658 [INFO] Argument:325 - Argument : MemDataAlignmentvalue: DMA_MDATAALIGN_BYTE
2026-01-09 02:24:57,659 [INFO] Argument:335 - Argument : MemDataAlignmentvalue: DMA_MDATAALIGN_BYTE
2026-01-09 02:24:57,659 [INFO] Argument:325 - Argument : Modevalue: DMA_NORMAL
2026-01-09 02:24:57,659 [INFO] Argument:335 - Argument : Modevalue: DMA_NORMAL
2026-01-09 02:24:57,659 [INFO] Argument:325 - Argument : Priorityvalue: DMA_PRIORITY_MEDIUM
2026-01-09 02:24:57,659 [INFO] Argument:335 - Argument : Priorityvalue: DMA_PRIORITY_MEDIUM
2026-01-09 02:24:57,659 [INFO] Argument:325 - Argument : Lockvalue: null
2026-01-09 02:24:57,659 [INFO] Argument:335 - Argument : Lockvalue: null
2026-01-09 02:24:57,659 [INFO] Argument:325 - Argument : Statevalue: null
2026-01-09 02:24:57,660 [INFO] Argument:335 - Argument : Statevalue: null
2026-01-09 02:24:57,660 [INFO] Argument:325 - Argument : Parentvalue: null
2026-01-09 02:24:57,660 [INFO] Argument:335 - Argument : Parentvalue: null
2026-01-09 02:24:57,660 [INFO] Argument:325 - Argument : XferCpltCallbackvalue: null
2026-01-09 02:24:57,660 [INFO] Argument:335 - Argument : XferCpltCallbackvalue: null
2026-01-09 02:24:57,660 [INFO] Argument:325 - Argument : XferHalfCpltCallbackvalue: null
2026-01-09 02:24:57,660 [INFO] Argument:335 - Argument : XferHalfCpltCallbackvalue: null
2026-01-09 02:24:57,660 [INFO] Argument:325 - Argument : XferErrorCallbackvalue: null
2026-01-09 02:24:57,660 [INFO] Argument:335 - Argument : XferErrorCallbackvalue: null
2026-01-09 02:24:57,660 [INFO] Argument:325 - Argument : ErrorCodevalue: null
2026-01-09 02:24:57,660 [INFO] Argument:335 - Argument : ErrorCodevalue: null
2026-01-09 02:24:57,755 [INFO] CodeEngine:265 - oldGeneratedFile, E:\sem07\fyp\stm32\sensor_node\s_cap_iot_node\MXTmpFiles\license.tmp_save
2026-01-09 02:24:58,018 [INFO] CodeEngine:289 - Generated code: E:\sem07\fyp\stm32\sensor_node\s_cap_iot_node\MXTmpFiles\license.tmp
2026-01-09 02:24:58,065 [INFO] CodeEngine:265 - oldGeneratedFile, E:\sem07\fyp\stm32\sensor_node\s_cap_iot_node\Core\Src\gpio.c_save
2026-01-09 02:24:58,208 [INFO] CodeEngine:289 - Generated code: E:\sem07\fyp\stm32\sensor_node\s_cap_iot_node\Core\Src\gpio.c
2026-01-09 02:24:58,216 [INFO] CodeEngine:265 - oldGeneratedFile, E:\sem07\fyp\stm32\sensor_node\s_cap_iot_node\Core\Inc\gpio.h_save
2026-01-09 02:24:58,299 [INFO] CodeEngine:289 - Generated code: E:\sem07\fyp\stm32\sensor_node\s_cap_iot_node\Core\Inc\gpio.h
2026-01-09 02:24:58,419 [INFO] CodeEngine:265 - oldGeneratedFile, E:\sem07\fyp\stm32\sensor_node\s_cap_iot_node\Core\Src\dma.c_save
2026-01-09 02:24:58,493 [INFO] CodeEngine:289 - Generated code: E:\sem07\fyp\stm32\sensor_node\s_cap_iot_node\Core\Src\dma.c
2026-01-09 02:24:58,498 [INFO] CodeEngine:265 - oldGeneratedFile, E:\sem07\fyp\stm32\sensor_node\s_cap_iot_node\Core\Inc\dma.h_save
2026-01-09 02:24:58,571 [INFO] CodeEngine:289 - Generated code: E:\sem07\fyp\stm32\sensor_node\s_cap_iot_node\Core\Inc\dma.h
2026-01-09 02:24:58,581 [INFO] CodeEngine:265 - oldGeneratedFile, E:\sem07\fyp\stm32\sensor_node\s_cap_iot_node\Core\Src\rtc.c_save
2026-01-09 02:24:58,697 [INFO] CodeEngine:289 - Generated code: E:\sem07\fyp\stm32\sensor_node\s_cap_iot_node\Core\Src\rtc.c
2026-01-09 02:24:58,705 [INFO] CodeEngine:265 - oldGeneratedFile, E:\sem07\fyp\stm32\sensor_node\s_cap_iot_node\Core\Inc\rtc.h_save
2026-01-09 02:24:58,768 [INFO] CodeEngine:289 - Generated code: E:\sem07\fyp\stm32\sensor_node\s_cap_iot_node\Core\Inc\rtc.h
2026-01-09 02:24:58,779 [INFO] CodeEngine:265 - oldGeneratedFile, E:\sem07\fyp\stm32\sensor_node\s_cap_iot_node\Core\Src\spi.c_save
2026-01-09 02:24:58,860 [INFO] CodeEngine:289 - Generated code: E:\sem07\fyp\stm32\sensor_node\s_cap_iot_node\Core\Src\spi.c
2026-01-09 02:24:58,865 [INFO] CodeEngine:265 - oldGeneratedFile, E:\sem07\fyp\stm32\sensor_node\s_cap_iot_node\Core\Inc\spi.h_save
2026-01-09 02:24:58,920 [INFO] CodeEngine:289 - Generated code: E:\sem07\fyp\stm32\sensor_node\s_cap_iot_node\Core\Inc\spi.h
2026-01-09 02:24:58,930 [INFO] CodeEngine:265 - oldGeneratedFile, E:\sem07\fyp\stm32\sensor_node\s_cap_iot_node\Core\Src\usart.c_save
2026-01-09 02:24:59,006 [INFO] CodeEngine:289 - Generated code: E:\sem07\fyp\stm32\sensor_node\s_cap_iot_node\Core\Src\usart.c
2026-01-09 02:24:59,011 [INFO] CodeEngine:265 - oldGeneratedFile, E:\sem07\fyp\stm32\sensor_node\s_cap_iot_node\Core\Inc\usart.h_save
2026-01-09 02:24:59,065 [INFO] CodeEngine:289 - Generated code: E:\sem07\fyp\stm32\sensor_node\s_cap_iot_node\Core\Inc\usart.h
2026-01-09 02:24:59,077 [INFO] CodeEngine:265 - oldGeneratedFile, E:\sem07\fyp\stm32\sensor_node\s_cap_iot_node\Core\Src\stm32f1xx_it.c_save
2026-01-09 02:24:59,249 [INFO] CodeEngine:289 - Generated code: E:\sem07\fyp\stm32\sensor_node\s_cap_iot_node\Core\Src\stm32f1xx_it.c
2026-01-09 02:24:59,254 [INFO] CodeEngine:265 - oldGeneratedFile, E:\sem07\fyp\stm32\sensor_node\s_cap_iot_node\Core\Inc\stm32f1xx_it.h_save
2026-01-09 02:24:59,306 [INFO] CodeEngine:289 - Generated code: E:\sem07\fyp\stm32\sensor_node\s_cap_iot_node\Core\Inc\stm32f1xx_it.h
2026-01-09 02:24:59,317 [INFO] CodeEngine:265 - oldGeneratedFile, E:\sem07\fyp\stm32\sensor_node\s_cap_iot_node\Core\Src\stm32f1xx_hal_msp.c_save
2026-01-09 02:24:59,386 [INFO] CodeEngine:289 - Generated code: E:\sem07\fyp\stm32\sensor_node\s_cap_iot_node\Core\Src\stm32f1xx_hal_msp.c
2026-01-09 02:24:59,390 [INFO] CodeEngine:265 - oldGeneratedFile, E:\sem07\fyp\stm32\sensor_node\s_cap_iot_node\MXTmpFiles\system.tmp_save
2026-01-09 02:24:59,434 [INFO] CodeEngine:289 - Generated code: E:\sem07\fyp\stm32\sensor_node\s_cap_iot_node\MXTmpFiles\system.tmp
2026-01-09 02:24:59,444 [INFO] CodeEngine:321 - oldGeneratedFile, E:\sem07\fyp\stm32\sensor_node\s_cap_iot_node\Core\Inc\stm32f1xx_hal_conf.h_save
2026-01-09 02:24:59,496 [INFO] CodeEngine:345 - Generated code: E:\sem07\fyp\stm32\sensor_node\s_cap_iot_node\Core\Inc\stm32f1xx_hal_conf.h
2026-01-09 02:24:59,520 [INFO] CodeEngine:265 - oldGeneratedFile, E:\sem07\fyp\stm32\sensor_node\s_cap_iot_node\Core\Inc\main.h_save
2026-01-09 02:24:59,599 [INFO] CodeEngine:289 - Generated code: E:\sem07\fyp\stm32\sensor_node\s_cap_iot_node\Core\Inc\main.h
2026-01-09 02:24:59,605 [INFO] CodeEngine:265 - oldGeneratedFile, E:\sem07\fyp\stm32\sensor_node\s_cap_iot_node\Core\Src\main.c_save
2026-01-09 02:24:59,689 [INFO] CodeEngine:289 - Generated code: E:\sem07\fyp\stm32\sensor_node\s_cap_iot_node\Core\Src\main.c
2026-01-09 02:24:59,926 [INFO] ProjectBuilder:3606 - Time for Copy HAL[1] : 83mS.
2026-01-09 02:24:59,929 [INFO] ProjectBuilder:5216 - Project Generator version: 4.7.0-B52
2026-01-09 02:25:00,003 [INFO] ConfigFileManager:1595 - The Die is : DIE410
2026-01-09 02:25:00,784 [INFO] ProjectBuilder:5496 - Time for Generating toolchain IDE Files: 855mS.
2026-01-09 02:25:00,785 [INFO] ProjectBuilder:3463 - Time for Copy CMSIS : 1mS.
2026-01-09 02:25:00,787 [INFO] ProjectBuilder:3463 - Time for Copy CMSIS : 0mS.
2026-01-09 02:25:24,333 [INFO] NvicIntPanel:101 - NVIC parent = com.st.microxplorer.plugins.ip.nvic.MultiNvicIntPanel[,0,0,0x0,invalid,layout=javax.swing.BoxLayout,alignmentX=0.0,alignmentY=0.0,border=,flags=9,maximumSize=,minimumSize=,preferredSize=]
2026-01-09 02:26:18,666 [INFO] UtilMem:75 - End SaveConfig() Used Memory: 849853328 Bytes (1073741824)
2026-01-09 02:26:20,074 [INFO] UtilMem:75 - End SaveConfig() Used Memory: 867156880 Bytes (1073741824)
2026-01-09 02:26:21,812 [INFO] UtilMem:75 - End SaveConfig() Used Memory: 909622160 Bytes (1073741824)
2026-01-09 02:26:21,991 [INFO] BlockDiagram:2775 - set Specific Code input for plugin: RTC
2026-01-09 02:26:21,991 [INFO] BlockDiagram:2775 - set Specific Code input for plugin: SPI
2026-01-09 02:26:21,991 [INFO] BlockDiagram:2775 - set Specific Code input for plugin: NVIC
2026-01-09 02:26:21,991 [INFO] BlockDiagram:2775 - set Specific Code input for plugin: USART
2026-01-09 02:26:21,991 [INFO] BlockDiagram:2775 - set Specific Code input for plugin: DMA
2026-01-09 02:26:21,991 [INFO] BlockDiagram:2775 - set Specific Code input for plugin: SYS
2026-01-09 02:26:21,991 [INFO] BlockDiagram:2775 - set Specific Code input for plugin: GPIO
2026-01-09 02:26:21,991 [INFO] BlockDiagram:2775 - set Specific Code input for plugin: RCC
2026-01-09 02:26:21,992 [INFO] CodeGenerator:892 - code generatio: config db path: C:\Users\MSI GF63\STM32CubeIDE_1.14.0\STM32CubeIDE\plugins\com.st.stm32cube.common.mx_6.15.0.202507011659\\db\
2026-01-09 02:26:21,996 [INFO] Argument:325 - Argument : hdmavalue: null
2026-01-09 02:26:21,996 [INFO] Argument:327 - 	 sub Args: 
2026-01-09 02:26:21,996 [INFO] Argument:325 - Argument : Instancevalue: DMA1_Channel6
2026-01-09 02:26:21,996 [INFO] Argument:335 - Argument : Instancevalue: DMA1_Channel6
2026-01-09 02:26:21,996 [INFO] Argument:325 - Argument : Initvalue: null
2026-01-09 02:26:21,996 [INFO] Argument:327 - 	 sub Args: 
2026-01-09 02:26:21,996 [INFO] Argument:325 - Argument : Directionvalue: DMA_PERIPH_TO_MEMORY
2026-01-09 02:26:21,996 [INFO] Argument:335 - Argument : Directionvalue: DMA_PERIPH_TO_MEMORY
2026-01-09 02:26:21,996 [INFO] Argument:325 - Argument : PeriphIncvalue: DMA_PINC_DISABLE
2026-01-09 02:26:21,996 [INFO] Argument:335 - Argument : PeriphIncvalue: DMA_PINC_DISABLE
2026-01-09 02:26:21,996 [INFO] Argument:325 - Argument : MemIncvalue: DMA_MINC_ENABLE
2026-01-09 02:26:21,996 [INFO] Argument:335 - Argument : MemIncvalue: DMA_MINC_ENABLE
2026-01-09 02:26:21,996 [INFO] Argument:325 - Argument : PeriphDataAlignmentvalue: DMA_PDATAALIGN_BYTE
2026-01-09 02:26:21,996 [INFO] Argument:335 - Argument : PeriphDataAlignmentvalue: DMA_PDATAALIGN_BYTE
2026-01-09 02:26:21,997 [INFO] Argument:325 - Argument : MemDataAlignmentvalue: DMA_MDATAALIGN_BYTE
2026-01-09 02:26:21,997 [INFO] Argument:335 - Argument : MemDataAlignmentvalue: DMA_MDATAALIGN_BYTE
2026-01-09 02:26:21,997 [INFO] Argument:325 - Argument : Modevalue: DMA_NORMAL
2026-01-09 02:26:21,997 [INFO] Argument:335 - Argument : Modevalue: DMA_NORMAL
2026-01-09 02:26:21,997 [INFO] Argument:325 - Argument : Priorityvalue: DMA_PRIORITY_MEDIUM
2026-01-09 02:26:21,997 [INFO] Argument:335 - Argument : Priorityvalue: DMA_PRIORITY_MEDIUM
2026-01-09 02:26:21,997 [INFO] Argument:325 - Argument : Lockvalue: null
2026-01-09 02:26:21,997 [INFO] Argument:335 - Argument : Lockvalue: null
2026-01-09 02:26:21,997 [INFO] Argument:325 - Argument : Statevalue: null
2026-01-09 02:26:21,997 [INFO] Argument:335 - Argument : Statevalue: null
2026-01-09 02:26:21,997 [INFO] Argument:325 - Argument : Parentvalue: null
2026-01-09 02:26:21,997 [INFO] Argument:335 - Argument : Parentvalue: null
2026-01-09 02:26:21,997 [INFO] Argument:325 - Argument : XferCpltCallbackvalue: null
2026-01-09 02:26:21,997 [INFO] Argument:335 - Argument : XferCpltCallbackvalue: null
2026-01-09 02:26:21,997 [INFO] Argument:325 - Argument : XferHalfCpltCallbackvalue: null
2026-01-09 02:26:21,997 [INFO] Argument:335 - Argument : XferHalfCpltCallbackvalue: null
2026-01-09 02:26:21,997 [INFO] Argument:325 - Argument : XferErrorCallbackvalue: null
2026-01-09 02:26:21,997 [INFO] Argument:335 - Argument : XferErrorCallbackvalue: null
2026-01-09 02:26:21,997 [INFO] Argument:325 - Argument : ErrorCodevalue: null
2026-01-09 02:26:21,997 [INFO] Argument:335 - Argument : ErrorCodevalue: null
2026-01-09 02:26:22,055 [INFO] CodeEngine:265 - oldGeneratedFile, E:\sem07\fyp\stm32\sensor_node\s_cap_iot_node\MXTmpFiles\license.tmp_save
2026-01-09 02:26:22,106 [INFO] CodeEngine:289 - Generated code: E:\sem07\fyp\stm32\sensor_node\s_cap_iot_node\MXTmpFiles\license.tmp
2026-01-09 02:26:22,126 [INFO] CodeEngine:265 - oldGeneratedFile, E:\sem07\fyp\stm32\sensor_node\s_cap_iot_node\Core\Src\gpio.c_save
2026-01-09 02:26:22,175 [INFO] CodeEngine:289 - Generated code: E:\sem07\fyp\stm32\sensor_node\s_cap_iot_node\Core\Src\gpio.c
2026-01-09 02:26:22,181 [INFO] CodeEngine:265 - oldGeneratedFile, E:\sem07\fyp\stm32\sensor_node\s_cap_iot_node\Core\Inc\gpio.h_save
2026-01-09 02:26:22,228 [INFO] CodeEngine:289 - Generated code: E:\sem07\fyp\stm32\sensor_node\s_cap_iot_node\Core\Inc\gpio.h
2026-01-09 02:26:22,310 [INFO] CodeEngine:265 - oldGeneratedFile, E:\sem07\fyp\stm32\sensor_node\s_cap_iot_node\Core\Src\dma.c_save
2026-01-09 02:26:22,370 [INFO] CodeEngine:289 - Generated code: E:\sem07\fyp\stm32\sensor_node\s_cap_iot_node\Core\Src\dma.c
2026-01-09 02:26:22,375 [INFO] CodeEngine:265 - oldGeneratedFile, E:\sem07\fyp\stm32\sensor_node\s_cap_iot_node\Core\Inc\dma.h_save
2026-01-09 02:26:22,423 [INFO] CodeEngine:289 - Generated code: E:\sem07\fyp\stm32\sensor_node\s_cap_iot_node\Core\Inc\dma.h
2026-01-09 02:26:22,432 [INFO] CodeEngine:265 - oldGeneratedFile, E:\sem07\fyp\stm32\sensor_node\s_cap_iot_node\Core\Src\rtc.c_save
2026-01-09 02:26:22,499 [INFO] CodeEngine:289 - Generated code: E:\sem07\fyp\stm32\sensor_node\s_cap_iot_node\Core\Src\rtc.c
2026-01-09 02:26:22,504 [INFO] CodeEngine:265 - oldGeneratedFile, E:\sem07\fyp\stm32\sensor_node\s_cap_iot_node\Core\Inc\rtc.h_save
2026-01-09 02:26:22,550 [INFO] CodeEngine:289 - Generated code: E:\sem07\fyp\stm32\sensor_node\s_cap_iot_node\Core\Inc\rtc.h
2026-01-09 02:26:22,558 [INFO] CodeEngine:265 - oldGeneratedFile, E:\sem07\fyp\stm32\sensor_node\s_cap_iot_node\Core\Src\spi.c_save
2026-01-09 02:26:22,622 [INFO] CodeEngine:289 - Generated code: E:\sem07\fyp\stm32\sensor_node\s_cap_iot_node\Core\Src\spi.c
2026-01-09 02:26:22,626 [INFO] CodeEngine:265 - oldGeneratedFile, E:\sem07\fyp\stm32\sensor_node\s_cap_iot_node\Core\Inc\spi.h_save
2026-01-09 02:26:22,670 [INFO] CodeEngine:289 - Generated code: E:\sem07\fyp\stm32\sensor_node\s_cap_iot_node\Core\Inc\spi.h
2026-01-09 02:26:22,679 [INFO] CodeEngine:265 - oldGeneratedFile, E:\sem07\fyp\stm32\sensor_node\s_cap_iot_node\Core\Src\usart.c_save
2026-01-09 02:26:22,744 [INFO] CodeEngine:289 - Generated code: E:\sem07\fyp\stm32\sensor_node\s_cap_iot_node\Core\Src\usart.c
2026-01-09 02:26:22,749 [INFO] CodeEngine:265 - oldGeneratedFile, E:\sem07\fyp\stm32\sensor_node\s_cap_iot_node\Core\Inc\usart.h_save
2026-01-09 02:26:22,795 [INFO] CodeEngine:289 - Generated code: E:\sem07\fyp\stm32\sensor_node\s_cap_iot_node\Core\Inc\usart.h
2026-01-09 02:26:22,805 [INFO] CodeEngine:265 - oldGeneratedFile, E:\sem07\fyp\stm32\sensor_node\s_cap_iot_node\Core\Src\stm32f1xx_it.c_save
2026-01-09 02:26:22,866 [INFO] CodeEngine:289 - Generated code: E:\sem07\fyp\stm32\sensor_node\s_cap_iot_node\Core\Src\stm32f1xx_it.c
2026-01-09 02:26:22,870 [INFO] CodeEngine:265 - oldGeneratedFile, E:\sem07\fyp\stm32\sensor_node\s_cap_iot_node\Core\Inc\stm32f1xx_it.h_save
2026-01-09 02:26:22,917 [INFO] CodeEngine:289 - Generated code: E:\sem07\fyp\stm32\sensor_node\s_cap_iot_node\Core\Inc\stm32f1xx_it.h
2026-01-09 02:26:22,928 [INFO] CodeEngine:265 - oldGeneratedFile, E:\sem07\fyp\stm32\sensor_node\s_cap_iot_node\Core\Src\stm32f1xx_hal_msp.c_save
2026-01-09 02:26:22,996 [INFO] CodeEngine:289 - Generated code: E:\sem07\fyp\stm32\sensor_node\s_cap_iot_node\Core\Src\stm32f1xx_hal_msp.c
2026-01-09 02:26:23,000 [INFO] CodeEngine:265 - oldGeneratedFile, E:\sem07\fyp\stm32\sensor_node\s_cap_iot_node\MXTmpFiles\system.tmp_save
2026-01-09 02:26:23,045 [INFO] CodeEngine:289 - Generated code: E:\sem07\fyp\stm32\sensor_node\s_cap_iot_node\MXTmpFiles\system.tmp
2026-01-09 02:26:23,054 [INFO] CodeEngine:321 - oldGeneratedFile, E:\sem07\fyp\stm32\sensor_node\s_cap_iot_node\Core\Inc\stm32f1xx_hal_conf.h_save
2026-01-09 02:26:23,102 [INFO] CodeEngine:345 - Generated code: E:\sem07\fyp\stm32\sensor_node\s_cap_iot_node\Core\Inc\stm32f1xx_hal_conf.h
2026-01-09 02:26:23,120 [INFO] CodeEngine:265 - oldGeneratedFile, E:\sem07\fyp\stm32\sensor_node\s_cap_iot_node\Core\Inc\main.h_save
2026-01-09 02:26:23,172 [INFO] CodeEngine:289 - Generated code: E:\sem07\fyp\stm32\sensor_node\s_cap_iot_node\Core\Inc\main.h
2026-01-09 02:26:23,177 [INFO] CodeEngine:265 - oldGeneratedFile, E:\sem07\fyp\stm32\sensor_node\s_cap_iot_node\Core\Src\main.c_save
2026-01-09 02:26:23,244 [INFO] CodeEngine:289 - Generated code: E:\sem07\fyp\stm32\sensor_node\s_cap_iot_node\Core\Src\main.c
2026-01-09 02:26:23,529 [INFO] ProjectBuilder:3606 - Time for Copy HAL[1] : 114mS.
2026-01-09 02:26:23,533 [INFO] ProjectBuilder:5216 - Project Generator version: 4.7.0-B52
2026-01-09 02:26:23,643 [INFO] ConfigFileManager:1595 - The Die is : DIE410
2026-01-09 02:26:24,354 [INFO] ProjectBuilder:5496 - Time for Generating toolchain IDE Files: 821mS.
2026-01-09 02:26:24,355 [INFO] ProjectBuilder:3463 - Time for Copy CMSIS : 0mS.
2026-01-09 02:26:24,357 [INFO] ProjectBuilder:3463 - Time for Copy CMSIS : 0mS.
2026-01-09 03:07:36,386 [INFO] WebApp:403 - JxBrowser engine has been closed 
